timestamp,severity,text[0],text[1],text[2],text[3],text[4],text[5],text[6],text[7],text[8],text[9],text[10],text[11],text[12],text[13],text[14],text[15],text[16],text[17],text[18],text[19],text[20],text[21],text[22],text[23],text[24],text[25],text[26],text[27],text[28],text[29],text[30],text[31],text[32],text[33],text[34],text[35],text[36],text[37],text[38],text[39],text[40],text[41],text[42],text[43],text[44],text[45],text[46],text[47],text[48],text[49],text[50],text[51],text[52],text[53],text[54],text[55],text[56],text[57],text[58],text[59],text[60],text[61],text[62],text[63],text[64],text[65],text[66],text[67],text[68],text[69],text[70],text[71],text[72],text[73],text[74],text[75],text[76],text[77],text[78],text[79],text[80],text[81],text[82],text[83],text[84],text[85],text[86],text[87],text[88],text[89],text[90],text[91],text[92],text[93],text[94],text[95],text[96],text[97],text[98],text[99],text[100],text[101],text[102],text[103],text[104],text[105],text[106],text[107],text[108],text[109],text[110],text[111],text[112],text[113],text[114],text[115],text[116],text[117],text[118],text[119],text[120],text[121],text[122],text[123],text[124],text[125],text[126]
1087933,6,91,108,111,103,103,101,114,93,32,108,111,103,103,105,110,103,32,50,52,32,116,111,112,105,99,115,32,102,114,111,109,32,108,111,103,103,101,114,95,116,111,112,105,99,115,46,116,120,116,0,0,112,117,116,115,0,95,48,0,0,110,0,-34,-17,-66,-83,-34,-17,-66,-83,-34,-17,-66,-83,-34,-17,-66,-83,-34,-17,-66,-83,-34,-17,-66,-83,-34,-17,-66,-83,-34,-17,-66,-83,-34,-17,-66,-83,-34,-17,-66,-83,-34,-17,-66,-83,-34,-17,-66,-83,-34,-17,-66,-83,-34,-17,-66,-83,-34,-17,-66,-83,-34,-84,34,4,0
1089863,6,91,108,111,103,103,101,114,93,32,83,116,97,114,116,32,102,105,108,101,32,108,111,103,32,40,116,121,112,101,58,32,102,117,108,108,41,0,0,8,88,40,1,8,0,0,0,1,0,0,0,0,0,0,0,0,0,0,0,0,0,0,0,0,0,0,0,0,0,0,0,0,0,0,0,0,0,0,0,0,0,0,0,0,0,0,0,0,0,0,0,0,0,0,0,0,-48,41,4,32,0,0,0,0,0,0,0,0,-48,41,4,32,0,0,0,0,-119,98,19,8,0,0,0,-128,-96,40,4,0
1091015,6,91,108,111,103,103,101,114,93,32,91,108,111,103,103,101,114,93,32,47,102,115,47,109,105,99,114,111,115,100,47,108,111,103,47,50,48,50,49,45,48,56,45,50,52,47,49,48,95,48,54,95,51,55,46,117,108,103,0,0,49,48,95,48,54,95,51,55,0,0,0,0,0,0,0,0,37,0,0,0,6,0,0,0,10,0,0,0,24,0,0,0,7,0,0,0,121,0,0,0,2,0,0,0,-20,0,0,0,0,0,0,0,0,0,0,0,0,0,0,0,0,0,0,-128,-96,40,4,0
1094884,6,91,108,111,103,103,101,114,93,32,79,112,101,110,101,100,32,102,117,108,108,32,108,111,103,32,102,105,108,101,58,32,47,102,115,47,109,105,99,114,111,115,100,47,108,111,103,47,50,48,50,49,45,48,56,45,50,52,47,49,48,95,48,54,95,51,55,46,117,108,103,0,0,0,0,0,-45,-72,0,8,32,82,4,32,0,0,1,0,32,82,4,32,-21,-72,0,8,32,82,4,32,-11,-43,1,8,0,0,0,0,-120,38,4,32,0,38,3,32,0,0,0,0,0,38,3,32,76,38,3,0
1371549,6,91,101,107,102,50,93,32,115,116,97,114,116,105,110,103,32,105,110,115,116,97,110,99,101,32,49,44,32,73,77,85,58,49,32,40,51,57,51,50,49,55,48,41,44,32,77,65,71,58,48,32,40,51,57,54,56,50,53,41,0,0,112,65,0,0,0,0,-45,-72,0,8,52,105,5,32,1,0,0,0,1,0,0,0,-21,-72,0,8,52,105,5,32,73,-123,19,8,-16,113,5,32,-1,-1,-1,-1,-16,113,5,32,-11,-94,8,8,-16,113,5,32,0,0,0,0,0,0,0,0,1,0,0,0
1390994,6,91,101,107,102,50,93,32,115,116,97,114,116,105,110,103,32,105,110,115,116,97,110,99,101,32,50,44,32,73,77,85,58,48,32,40,51,54,55,48,48,50,54,41,44,32,77,65,71,58,49,32,40,51,57,54,56,48,57,41,0,-93,1,32,-16,-118,1,32,-45,-72,0,8,-60,-93,1,32,1,0,0,0,2,0,0,0,-21,-72,0,8,-60,-93,1,32,73,-123,19,8,112,-92,5,32,-1,-1,-1,-1,112,-92,5,32,-11,-94,8,8,112,-92,5,32,0,0,0,0,0,0,0,0,0,0,0,0
1414468,6,91,101,107,102,50,93,32,115,116,97,114,116,105,110,103,32,105,110,115,116,97,110,99,101,32,51,44,32,73,77,85,58,49,32,40,51,57,51,50,49,55,48,41,44,32,77,65,71,58,49,32,40,51,57,54,56,48,57,41,0,105,5,32,-112,-44,3,32,-45,-72,0,8,52,105,5,32,1,0,0,0,3,0,0,0,-21,-72,0,8,52,105,5,32,73,-123,19,8,16,-41,5,32,-1,-1,-1,-1,16,-41,5,32,-11,-94,8,8,16,-41,5,32,0,0,0,0,0,0,0,0,1,0,0,0
2507662,4,91,109,97,118,108,105,110,107,93,32,117,111,114,98,32,61,62,32,109,97,118,108,105,110,107,32,45,109,101,115,115,97,103,101,32,115,101,110,116,46,0,0,0,0,63,38,0,0,0,0,0,93,21,11,8,32,0,0,0,47,0,0,0,72,63,38,0,0,0,0,0,-43,22,57,-63,-43,22,57,-63,-128,111,2,32,-26,-3,-71,-66,1,0,0,0,-96,36,1,32,32,-56,2,32,-16,0,0,0,-41,-18,24,0,0,0,0,0,0,63,38,0,0,0,0,0,88,-6,2,32,1,0,0,0
3109558,3,91,117,97,118,99,97,110,93,32,99,111,117,108,100,110,39,116,32,115,116,97,114,116,32,112,97,114,97,109,101,116,101,114,32,99,111,117,110,116,58,32,45,50,0,0,0,0,-16,0,0,0,-112,-18,0,32,-128,0,0,0,-128,0,0,0,-120,10,1,32,-32,-18,0,32,100,-18,0,32,0,0,0,0,1,0,0,0,107,-126,6,8,80,10,1,32,0,0,0,0,-104,-36,0,32,88,121,-107,42,-1,0,0,0,-76,10,1,32,0,0,0,0,1,0,0,0,120,10,1,32,80,-36,0,0
4145574,4,91,109,97,118,108,105,110,107,93,32,117,111,114,98,32,61,62,32,109,97,118,108,105,110,107,32,45,109,101,115,115,97,103,101,32,115,101,110,116,46,0,0,0,-92,64,63,0,0,0,0,0,93,21,11,8,32,0,0,0,47,0,0,0,-18,64,63,0,0,0,0,0,-122,91,58,-63,-122,91,58,-63,-128,111,2,32,74,-34,-35,-66,1,0,0,0,-96,36,1,32,32,-56,2,32,-16,0,0,0,28,7,25,0,0,0,0,0,-92,64,63,0,0,0,0,0,88,-6,2,32,1,0,0,0
5125383,4,91,101,107,102,50,93,32,112,114,105,109,97,114,121,32,69,75,70,32,99,104,97,110,103,101,100,32,48,32,40,102,105,108,116,101,114,32,102,97,117,108,116,41,32,45,62,32,49,0,0,-128,-87,-74,0,8,0,0,0,0,36,-126,1,32,32,121,1,32,-45,-72,0,8,36,-126,1,32,16,-125,1,32,117,-110,54,0,-21,-72,0,8,0,0,0,0,16,-125,1,32,117,-110,54,0,0,0,0,0,-45,-73,5,8,7,-49,19,8,0,0,0,0,-11,-51,19,8,40,-23,28,8,0,0,0,0
6366606,4,91,109,97,118,108,105,110,107,93,32,117,111,114,98,32,61,62,32,109,97,118,108,105,110,107,32,45,109,101,115,115,97,103,101,32,115,101,110,116,46,0,0,0,-57,36,97,0,0,0,0,0,93,21,11,8,32,0,0,0,47,0,0,0,11,37,97,0,0,0,0,0,-79,8,59,-63,-79,8,59,-63,-128,111,2,32,27,-40,-101,-66,1,0,0,0,-96,36,1,32,32,-56,2,32,-16,0,0,0,-32,1,34,0,0,0,0,0,-57,36,97,0,0,0,0,0,-88,-7,2,32,1,0,0,0
8590911,4,91,109,97,118,108,105,110,107,93,32,117,111,114,98,32,61,62,32,109,97,118,108,105,110,107,32,45,109,101,115,115,97,103,101,32,115,101,110,116,46,0,0,0,-31,20,-125,0,0,0,0,0,93,21,11,8,32,0,0,0,47,0,0,0,42,21,-125,0,0,0,0,0,70,95,59,-63,70,95,59,-63,-128,111,2,32,-66,29,86,-66,1,0,0,0,-96,36,1,32,32,-56,2,32,-16,0,0,0,-34,-6,33,0,0,0,0,0,-31,20,-125,0,0,0,0,0,-88,-7,2,32,1,0,0,0
10876811,4,91,109,97,118,108,105,110,107,93,32,117,111,114,98,32,61,62,32,109,97,118,108,105,110,107,32,45,109,101,115,115,97,103,101,32,115,101,110,116,46,0,0,0,116,-10,-91,0,0,0,0,0,93,21,11,8,32,0,0,0,47,0,0,0,10,-9,-91,0,0,0,0,0,112,12,60,-63,112,12,60,-63,-128,111,2,32,-45,81,51,-66,1,0,0,0,-96,36,1,32,32,-56,2,32,-16,0,0,0,85,-27,34,0,0,0,0,0,116,-10,-91,0,0,0,0,0,-88,-7,2,32,1,0,0,0
13152818,4,91,109,97,118,108,105,110,107,93,32,117,111,114,98,32,61,62,32,109,97,118,108,105,110,107,32,45,109,101,115,115,97,103,101,32,115,101,110,116,46,0,0,0,64,-79,-56,0,0,0,0,0,93,21,11,8,32,0,0,0,47,0,0,0,-83,-79,-56,0,0,0,0,0,-58,87,57,-63,-58,87,57,-63,-128,111,2,32,-37,-114,10,-66,1,0,0,0,-96,36,1,32,32,-56,2,32,-16,0,0,0,-126,-44,34,0,0,0,0,0,64,-79,-56,0,0,0,0,0,-88,-7,2,32,1,0,0,0
15436850,4,91,109,97,118,108,105,110,107,93,32,117,111,114,98,32,61,62,32,109,97,118,108,105,110,107,32,45,109,101,115,115,97,103,101,32,115,101,110,116,46,0,0,0,100,-117,-21,0,0,0,0,0,93,21,11,8,32,0,0,0,47,0,0,0,-84,-117,-21,0,0,0,0,0,27,-78,58,-63,27,-78,58,-63,-128,111,2,32,40,104,36,-66,1,0,0,0,-96,36,1,32,32,-56,2,32,-16,0,0,0,7,-29,34,0,0,0,0,0,100,-117,-21,0,0,0,0,0,-88,-7,2,32,1,0,0,0
17712809,4,91,109,97,118,108,105,110,107,93,32,117,111,114,98,32,61,62,32,109,97,118,108,105,110,107,32,45,109,101,115,115,97,103,101,32,115,101,110,116,46,0,0,0,65,69,14,1,0,0,0,0,93,21,11,8,32,0,0,0,47,0,0,0,-121,69,14,1,0,0,0,0,-128,-68,55,-63,-128,-68,55,-63,-128,111,2,32,79,28,2,-66,1,0,0,0,-96,36,1,32,32,-56,2,32,-16,0,0,0,69,-47,34,0,0,0,0,0,65,69,14,1,0,0,0,0,-88,-7,2,32,1,0,0,0
19993918,4,91,109,97,118,108,105,110,107,93,32,117,111,114,98,32,61,62,32,109,97,118,108,105,110,107,32,45,109,101,115,115,97,103,101,32,115,101,110,116,46,0,0,0,-112,7,0,0,-88,-7,2,32,-128,-101,0,8,80,-47,19,8,0,0,0,97,-50,-43,23,63,-73,-78,83,63,-41,105,-123,60,33,-94,21,-67,-128,111,2,32,108,-4,110,-67,-76,114,-120,61,95,-112,-99,-67,0,0,0,0,0,0,0,0,0,0,0,0,0,0,-16,65,0,0,0,0,-73,24,74,63,-37,-122,-32,62,1,0,0,0
22276745,4,91,109,97,118,108,105,110,107,93,32,117,111,114,98,32,61,62,32,109,97,118,108,105,110,107,32,45,109,101,115,115,97,103,101,32,115,101,110,116,46,0,0,0,0,0,0,0,0,0,0,0,0,0,0,0,1,0,0,0,113,1,0,0,-8,-7,2,32,92,0,0,0,-88,-7,2,32,43,22,11,8,-128,111,2,32,0,0,0,33,-80,-22,23,63,-18,-89,83,63,-41,105,-123,60,33,-94,21,-67,77,-33,75,61,-120,-4,110,-67,-57,114,-120,61,117,-112,-99,-67,0,0,0,0,1,0,0,0
24551643,4,91,109,97,118,108,105,110,107,93,32,117,111,114,98,32,61,62,32,109,97,118,108,105,110,107,32,45,109,101,115,115,97,103,101,32,115,101,110,116,46,0,0,0,-15,-97,118,1,0,0,0,0,93,21,11,8,32,0,0,0,47,0,0,0,54,-96,118,1,0,0,0,0,27,-78,58,-63,27,-78,58,-63,-128,111,2,32,121,23,7,-66,1,0,0,0,-96,36,1,32,32,-56,2,32,-16,0,0,0,24,-55,34,0,0,0,0,0,-15,-97,118,1,0,0,0,0,-88,-7,2,32,1,0,0,0
26833713,4,91,109,97,118,108,105,110,107,93,32,117,111,114,98,32,61,62,32,109,97,118,108,105,110,107,32,45,109,101,115,115,97,103,101,32,115,101,110,116,46,0,0,0,33,114,-103,1,0,0,0,0,93,21,11,8,32,0,0,0,47,0,0,0,103,114,-103,1,0,0,0,0,6,99,60,-63,6,99,60,-63,-128,111,2,32,-102,-88,48,-66,1,0,0,0,-96,36,1,32,32,-56,2,32,-16,0,0,0,-87,-49,34,0,0,0,0,0,33,114,-103,1,0,0,0,0,-88,-7,2,32,1,0,0,0
29114649,4,91,109,97,118,108,105,110,107,93,32,117,111,114,98,32,61,62,32,109,97,118,108,105,110,107,32,45,109,101,115,115,97,103,101,32,115,101,110,116,46,0,0,0,40,64,-68,1,0,0,0,0,93,21,11,8,32,0,0,0,47,0,0,0,111,64,-68,1,0,0,0,0,-100,-71,60,-63,-100,-71,60,-63,-128,111,2,32,-16,101,85,-66,1,0,0,0,-96,36,1,32,32,-56,2,32,-16,0,0,0,17,-46,34,0,0,0,0,0,40,64,-68,1,0,0,0,0,-88,-7,2,32,1,0,0,0
31393909,4,91,109,97,118,108,105,110,107,93,32,117,111,114,98,32,61,62,32,109,97,118,108,105,110,107,32,45,109,101,115,115,97,103,101,32,115,101,110,116,46,0,0,0,24,7,-33,1,0,0,0,0,93,21,11,8,32,0,0,0,47,0,0,0,94,7,-33,1,0,0,0,0,1,-60,57,-63,1,-60,57,-63,-128,111,2,32,-91,-21,111,-66,1,0,0,0,-96,36,1,32,32,-56,2,32,-16,0,0,0,98,-51,34,0,0,0,0,0,24,7,-33,1,0,0,0,0,-88,-7,2,32,1,0,0,0
33678140,4,91,109,97,118,108,105,110,107,93,32,117,111,114,98,32,61,62,32,109,97,118,108,105,110,107,32,45,109,101,115,115,97,103,101,32,115,101,110,116,46,0,0,0,-100,-32,1,2,0,0,0,0,93,21,11,8,32,0,0,0,47,0,0,0,-27,-32,1,2,0,0,0,0,70,95,59,-63,70,95,59,-63,-128,111,2,32,105,-82,-115,-66,1,0,0,0,-96,36,1,32,32,-56,2,32,-16,0,0,0,71,-37,34,0,0,0,0,0,-100,-32,1,2,0,0,0,0,-88,-7,2,32,1,0,0,0
35952679,4,91,109,97,118,108,105,110,107,93,32,117,111,114,98,32,61,62,32,109,97,118,108,105,110,107,32,45,109,101,115,115,97,103,101,32,115,101,110,116,46,0,0,0,56,-105,36,2,0,0,0,0,93,21,11,8,32,0,0,0,47,0,0,0,125,-105,36,2,0,0,0,0,-79,8,59,-63,-79,8,59,-63,-128,111,2,32,34,-115,-91,-66,1,0,0,0,-96,36,1,32,32,-56,2,32,-16,0,0,0,68,-58,34,0,0,0,0,0,56,-105,36,2,0,0,0,0,-88,-7,2,32,1,0,0,0
38238789,4,91,109,97,118,108,105,110,107,93,32,117,111,114,98,32,61,62,32,109,97,118,108,105,110,107,32,45,109,101,115,115,97,103,101,32,115,101,110,116,46,0,0,0,71,121,71,2,0,0,0,0,93,21,11,8,32,0,0,0,47,0,0,0,-113,121,71,2,0,0,0,0,-100,-71,60,-63,-100,-71,60,-63,-128,111,2,32,78,108,-81,-66,1,0,0,0,-96,36,1,32,32,-56,2,32,-16,0,0,0,-76,-36,34,0,0,0,0,0,71,121,71,2,0,0,0,0,-88,-7,2,32,1,0,0,0
40516230,4,91,109,97,118,108,105,110,107,93,32,117,111,114,98,32,61,62,32,109,97,118,108,105,110,107,32,45,109,101,115,115,97,103,101,32,115,101,110,116,46,0,0,0,103,51,106,2,0,0,0,0,93,21,11,8,32,0,0,0,47,0,0,0,-85,51,106,2,0,0,0,0,98,92,64,-63,98,92,64,-63,-128,111,2,32,13,27,-53,-66,1,0,0,0,-96,36,1,32,32,-56,2,32,-16,0,0,0,53,-53,34,0,0,0,0,0,103,51,106,2,0,0,0,0,0,0,0,0,1,0,0,0
42792765,4,91,109,97,118,108,105,110,107,93,32,117,111,114,98,32,61,62,32,109,97,118,108,105,110,107,32,45,109,101,115,115,97,103,101,32,115,101,110,116,46,0,0,0,108,-10,-116,2,0,0,0,0,93,21,11,8,32,0,0,0,47,0,0,0,-76,-10,-116,2,0,0,0,0,-52,5,64,-63,-52,5,64,-63,-128,111,2,32,-32,6,-20,-66,1,0,0,0,-96,36,1,32,32,-56,2,32,-16,0,0,0,-101,-62,34,0,0,0,0,0,108,-10,-116,2,0,0,0,0,-88,-7,2,32,1,0,0,0
45079753,4,91,109,97,118,108,105,110,107,93,32,117,111,114,98,32,61,62,32,109,97,118,108,105,110,107,32,45,109,101,115,115,97,103,101,32,115,101,110,116,46,0,0,0,-43,-37,-81,2,0,0,0,0,93,21,11,8,32,0,0,0,47,0,0,0,62,-36,-81,2,0,0,0,0,98,92,64,-63,98,92,64,-63,-128,111,2,32,75,90,2,-65,1,0,0,0,-96,36,1,32,32,-56,2,32,-16,0,0,0,101,-36,34,0,0,0,0,0,-43,-37,-81,2,0,0,0,0,-88,-7,2,32,1,0,0,0
47353679,4,91,109,97,118,108,105,110,107,93,32,117,111,114,98,32,61,62,32,109,97,118,108,105,110,107,32,45,109,101,115,115,97,103,101,32,115,101,110,116,46,0,0,0,88,-114,-46,2,0,0,0,0,93,21,11,8,32,0,0,0,47,0,0,0,-97,-114,-46,2,0,0,0,0,-10,-78,64,-63,-10,-78,64,-63,-128,111,2,32,125,-60,11,-65,1,0,0,0,-96,36,1,32,32,-56,2,32,-16,0,0,0,73,-61,34,0,0,0,0,0,88,-114,-46,2,0,0,0,0,0,0,0,0,1,0,0,0
49638665,4,91,109,97,118,108,105,110,107,93,32,117,111,114,98,32,61,62,32,109,97,118,108,105,110,107,32,45,109,101,115,115,97,103,101,32,115,101,110,116,46,0,0,0,7,108,-11,2,0,0,0,0,93,21,11,8,32,0,0,0,47,0,0,0,80,108,-11,2,0,0,0,0,55,-81,63,-63,55,-81,63,-63,-128,111,2,32,28,55,21,-65,1,0,0,0,-96,36,1,32,32,-56,2,32,-16,0,0,0,89,-43,34,0,0,0,0,0,7,108,-11,2,0,0,0,0,-88,-7,2,32,1,0,0,0
51919774,4,91,109,97,118,108,105,110,107,93,32,117,111,114,98,32,61,62,32,109,97,118,108,105,110,107,32,45,109,101,115,115,97,103,101,32,115,101,110,116,46,0,0,0,48,58,24,3,0,0,0,0,93,21,11,8,32,0,0,0,47,0,0,0,3,59,24,3,0,0,0,0,28,-63,62,-63,28,-63,62,-63,-128,111,2,32,63,2,28,-65,1,0,0,0,-96,36,1,32,32,-56,2,32,-16,0,0,0,-29,-41,34,0,0,0,0,0,48,58,24,3,0,0,0,0,-88,-7,2,32,1,0,0,0
54201651,4,91,109,97,118,108,105,110,107,93,32,117,111,114,98,32,61,62,32,109,97,118,108,105,110,107,32,45,109,101,115,115,97,103,101,32,115,101,110,116,46,0,0,0,62,12,59,3,0,0,0,0,93,21,11,8,32,0,0,0,47,0,0,0,-125,12,59,3,0,0,0,0,13,17,67,-63,13,17,67,-63,-128,111,2,32,117,35,40,-65,1,0,0,0,-96,36,1,32,32,-56,2,32,-16,0,0,0,82,-34,34,0,0,0,0,0,62,12,59,3,0,0,0,0,-88,-7,2,32,1,0,0,0
56482937,4,91,109,97,118,108,105,110,107,93,32,117,111,114,98,32,61,62,32,109,97,118,108,105,110,107,32,45,109,101,115,115,97,103,101,32,115,101,110,116,46,0,0,0,90,-37,93,3,0,0,0,0,93,21,11,8,32,0,0,0,47,0,0,0,-93,-37,93,3,0,0,0,0,-31,99,66,-63,-31,99,66,-63,-128,111,2,32,89,18,50,-65,1,0,0,0,-96,36,1,32,32,-56,2,32,-16,0,0,0,-49,-31,34,0,0,0,0,0,90,-37,93,3,0,0,0,0,-88,-7,2,32,1,0,0,0
58763005,4,91,109,97,118,108,105,110,107,93,32,117,111,114,98,32,61,62,32,109,97,118,108,105,110,107,32,45,109,101,115,115,97,103,101,32,115,101,110,116,46,0,0,0,83,-91,-128,3,0,0,0,0,93,21,11,8,32,0,0,0,47,0,0,0,-95,-91,-128,3,0,0,0,0,-73,-74,65,-63,-73,-74,65,-63,-128,111,2,32,-24,-31,51,-65,1,0,0,0,-96,36,1,32,32,-56,2,32,-16,0,0,0,41,-32,34,0,0,0,0,0,83,-91,-128,3,0,0,0,0,-88,-7,2,32,1,0,0,0
61038717,4,91,109,97,118,108,105,110,107,93,32,117,111,114,98,32,61,62,32,109,97,118,108,105,110,107,32,45,109,101,115,115,97,103,101,32,115,101,110,116,46,0,0,0,70,95,-93,3,0,0,0,0,93,21,11,8,32,0,0,0,47,0,0,0,-79,95,-93,3,0,0,0,0,34,96,65,-63,34,96,65,-63,-128,111,2,32,16,-84,48,-65,1,0,0,0,-96,36,1,32,32,-56,2,32,-16,0,0,0,125,-50,34,0,0,0,0,0,70,95,-93,3,0,0,0,0,-88,-7,2,32,1,0,0,0
63318728,4,91,109,97,118,108,105,110,107,93,32,117,111,114,98,32,61,62,32,109,97,118,108,105,110,107,32,45,109,101,115,115,97,103,101,32,115,101,110,116,46,0,0,0,-88,41,-58,3,0,0,0,0,93,21,11,8,32,0,0,0,47,0,0,0,28,42,-58,3,0,0,0,0,12,2,63,-63,12,2,63,-63,-128,111,2,32,92,116,47,-65,1,0,0,0,-96,36,1,32,32,-56,2,32,-16,0,0,0,64,-51,34,0,0,0,0,0,-88,41,-58,3,0,0,0,0,-88,-7,2,32,1,0,0,0
65596848,4,91,109,97,118,108,105,110,107,93,32,117,111,114,98,32,61,62,32,109,97,118,108,105,110,107,32,45,109,101,115,115,97,103,101,32,115,101,110,116,46,0,0,0,-26,-20,-24,3,0,0,0,0,93,21,11,8,32,0,0,0,47,0,0,0,44,-19,-24,3,0,0,0,0,-31,99,66,-63,-31,99,66,-63,-128,111,2,32,115,-24,52,-65,1,0,0,0,-96,36,1,32,32,-56,2,32,-16,0,0,0,-33,-60,34,0,0,0,0,0,-26,-20,-24,3,0,0,0,0,-88,-7,2,32,1,0,0,0
67877826,4,91,109,97,118,108,105,110,107,93,32,117,111,114,98,32,61,62,32,109,97,118,108,105,110,107,32,45,109,101,115,115,97,103,101,32,115,101,110,116,46,0,0,0,66,-70,11,4,0,0,0,0,93,21,11,8,32,0,0,0,47,0,0,0,66,-69,11,4,0,0,0,0,-73,-74,65,-63,-73,-74,65,-63,-128,111,2,32,57,-69,40,-65,1,0,0,0,-96,36,1,32,32,-56,2,32,-16,0,0,0,-100,-58,34,0,0,0,0,0,66,-70,11,4,0,0,0,0,-88,-7,2,32,1,0,0,0
70164618,4,91,109,97,118,108,105,110,107,93,32,117,111,114,98,32,61,62,32,109,97,118,108,105,110,107,32,45,109,101,115,115,97,103,101,32,115,101,110,116,46,0,0,0,-63,-97,46,4,0,0,0,0,93,21,11,8,32,0,0,0,47,0,0,0,5,-96,46,4,0,0,0,0,-94,103,67,-63,-94,103,67,-63,-128,111,2,32,-72,0,38,-65,1,0,0,0,-96,36,1,32,32,-56,2,32,-16,0,0,0,124,-32,34,0,0,0,0,0,-63,-97,46,4,0,0,0,0,-88,-7,2,32,1,0,0,0
72440812,4,91,109,97,118,108,105,110,107,93,32,117,111,114,98,32,61,62,32,109,97,118,108,105,110,107,32,45,109,101,115,115,97,103,101,32,115,101,110,116,46,0,0,0,99,89,81,4,0,0,0,0,93,21,11,8,32,0,0,0,47,0,0,0,-86,89,81,4,0,0,0,0,34,96,65,-63,34,96,65,-63,-128,111,2,32,77,-4,46,-65,1,0,0,0,-96,36,1,32,32,-56,2,32,-16,0,0,0,127,-50,34,0,0,0,0,0,99,89,81,4,0,0,0,0,-88,-7,2,32,1,0,0,0
75012678,4,91,109,97,118,108,105,110,107,93,32,117,111,114,98,32,61,62,32,109,97,118,108,105,110,107,32,45,109,101,115,115,97,103,101,32,115,101,110,116,46,0,0,0,55,-103,120,4,0,0,0,0,93,21,11,8,32,0,0,0,47,0,0,0,-69,-103,120,4,0,0,0,0,82,-84,68,-63,91,-61,-65,66,-128,111,2,32,-117,54,68,-65,1,0,0,0,-96,36,1,32,32,-56,2,32,-16,0,0,0,-76,66,39,0,0,0,0,0,55,-103,120,4,0,0,0,0,-88,-7,2,32,1,0,0,0
77669793,4,91,109,97,118,108,105,110,107,93,32,117,111,114,98,32,61,62,32,109,97,118,108,105,110,107,32,45,109,101,115,115,97,103,101,32,115,101,110,116,46,0,0,0,-115,36,-95,4,0,0,0,0,93,21,11,8,32,0,0,0,47,0,0,0,-18,36,-95,4,0,0,0,0,82,-84,68,-63,46,-77,-65,66,-128,111,2,32,0,-76,-31,-68,1,0,0,0,-96,36,1,32,32,-56,2,32,-16,0,0,0,-47,-108,40,0,0,0,0,0,-115,36,-95,4,0,0,0,0,-88,-7,2,32,1,0,0,0
80324725,4,91,109,97,118,108,105,110,107,93,32,117,111,114,98,32,61,62,32,109,97,118,108,105,110,107,32,45,109,101,115,115,97,103,101,32,115,101,110,116,46,0,0,0,107,-89,-55,4,0,0,0,0,93,21,11,8,32,0,0,0,47,0,0,0,-51,-89,-55,4,0,0,0,0,82,-84,68,-63,109,-72,-65,66,-128,111,2,32,64,-58,-115,-68,1,0,0,0,-96,36,1,32,32,-56,2,32,-16,0,0,0,88,-103,40,0,0,0,0,0,107,-89,-55,4,0,0,0,0,-88,-7,2,32,1,0,0,0
82969757,4,91,109,97,118,108,105,110,107,93,32,117,111,114,98,32,61,62,32,109,97,118,108,105,110,107,32,45,109,101,115,115,97,103,101,32,115,101,110,116,46,0,0,0,62,3,-14,4,0,0,0,0,93,21,11,8,32,0,0,0,47,0,0,0,15,4,-14,4,0,0,0,0,103,10,71,-63,108,-83,-65,66,-128,111,2,32,-64,-20,30,-67,1,0,0,0,-96,36,1,32,32,-56,2,32,-16,0,0,0,-44,118,40,0,0,0,0,0,62,3,-14,4,0,0,0,0,-88,-7,2,32,1,0,0,0
85633167,4,91,109,97,118,108,105,110,107,93,32,117,111,114,98,32,61,62,32,109,97,118,108,105,110,107,32,45,109,101,115,115,97,103,101,32,115,101,110,116,46,0,0,0,17,-93,26,5,0,0,0,0,93,21,11,8,32,0,0,0,47,0,0,0,10,-88,26,5,0,0,0,0,-52,20,68,-63,38,-83,-65,66,-128,111,2,32,32,32,33,-67,1,0,0,0,-96,36,1,32,32,-56,2,32,-16,0,0,0,80,-104,40,0,0,0,0,0,17,-93,26,5,0,0,0,0,-88,-7,2,32,1,0,0,0
88284870,4,91,109,97,118,108,105,110,107,93,32,117,111,114,98,32,61,62,32,109,97,118,108,105,110,107,32,45,109,101,115,115,97,103,101,32,115,101,110,116,46,0,0,0,-8,29,67,5,0,0,0,0,93,21,11,8,32,0,0,0,47,0,0,0,63,30,67,5,0,0,0,0,-73,-74,65,-63,-71,-38,-65,66,-128,111,2,32,-112,127,75,61,1,0,0,0,-96,36,1,32,32,-56,2,32,-16,0,0,0,-32,-108,40,0,0,0,0,0,-8,29,67,5,0,0,0,0,-88,-7,2,32,1,0,0,0
90939136,4,91,109,97,118,108,105,110,107,93,32,117,111,114,98,32,61,62,32,109,97,118,108,105,110,107,32,45,109,101,115,115,97,103,101,32,115,101,110,116,46,0,0,0,80,-108,107,5,0,0,0,0,93,21,11,8,32,0,0,0,47,0,0,0,61,-98,107,5,0,0,0,0,28,-63,62,-63,39,-1,-65,66,-128,111,2,32,-128,117,-9,61,1,0,0,0,-96,36,1,32,32,-56,2,32,-16,0,0,0,-31,-116,40,0,0,0,0,0,80,-108,107,5,0,0,0,0,-88,-7,2,32,1,0,0,0
93587832,4,91,109,97,118,108,105,110,107,93,32,117,111,114,98,32,61,62,32,109,97,118,108,105,110,107,32,45,109,101,115,115,97,103,101,32,115,101,110,116,46,0,0,0,79,36,0,0,-88,-7,2,32,-128,-101,0,8,80,-47,19,8,0,0,0,97,34,0,0,0,125,124,82,63,-41,105,-123,60,33,-94,21,-67,-128,111,2,32,-51,-1,110,-67,1,117,-120,61,17,-109,-99,-67,0,0,0,0,0,0,0,0,0,0,0,0,0,0,-16,65,0,0,0,0,-63,94,78,63,-98,-18,-64,62,1,0,0,0
96247326,4,91,109,97,118,108,105,110,107,93,32,117,111,114,98,32,61,62,32,109,97,118,108,105,110,107,32,45,109,101,115,115,97,103,101,32,115,101,110,116,46,0,0,0,40,-107,-68,5,0,0,0,0,93,21,11,8,32,0,0,0,47,0,0,0,-125,-99,-68,5,0,0,0,0,77,13,66,-63,93,47,-64,66,-128,111,2,32,16,10,-96,61,1,0,0,0,-96,36,1,32,32,-56,2,32,-16,0,0,0,11,-111,40,0,0,0,0,0,40,-107,-68,5,0,0,0,0,-88,-7,2,32,1,0,0,0
98901414,4,91,109,97,118,108,105,110,107,93,32,117,111,114,98,32,61,62,32,109,97,118,108,105,110,107,32,45,109,101,115,115,97,103,101,32,115,101,110,116,46,0,0,0,-104,23,-27,5,0,0,0,0,93,21,11,8,32,0,0,0,47,0,0,0,1,24,-27,5,0,0,0,0,-31,99,66,-63,-117,49,-64,66,-128,111,2,32,-96,-64,-88,61,1,0,0,0,-96,36,1,32,32,-56,2,32,-16,0,0,0,36,-107,40,0,0,0,0,0,-104,23,-27,5,0,0,0,0,-88,-7,2,32,1,0,0,0
101548096,4,91,109,97,118,108,105,110,107,93,32,117,111,114,98,32,61,62,32,109,97,118,108,105,110,107,32,45,109,101,115,115,97,103,101,32,115,101,110,116,46,0,0,0,78,127,13,6,0,0,0,0,93,21,11,8,32,0,0,0,47,0,0,0,-70,127,13,6,0,0,0,0,98,92,64,-63,14,57,-64,66,-128,111,2,32,-48,-49,-58,61,1,0,0,0,-96,36,1,32,32,-56,2,32,-16,0,0,0,-125,126,40,0,0,0,0,0,78,127,13,6,0,0,0,0,-88,-7,2,32,1,0,0,0
104199649,4,91,109,97,118,108,105,110,107,93,32,117,111,114,98,32,61,62,32,109,97,118,108,105,110,107,32,45,109,101,115,115,97,103,101,32,115,101,110,116,46,0,0,0,5,-12,53,6,0,0,0,0,93,21,11,8,32,0,0,0,47,0,0,0,-66,-12,53,6,0,0,0,0,-10,-78,64,-63,-28,78,-64,66,-128,111,2,32,-30,18,15,62,1,0,0,0,-96,36,1,32,32,-56,2,32,-16,0,0,0,-29,116,40,0,0,0,0,0,5,-12,53,6,0,0,0,0,-88,-7,2,32,1,0,0,0
106858217,4,91,109,97,118,108,105,110,107,93,32,117,111,114,98,32,61,62,32,109,97,118,108,105,110,107,32,45,109,101,115,115,97,103,101,32,115,101,110,116,46,0,0,0,29,123,94,6,0,0,0,0,93,21,11,8,32,0,0,0,47,0,0,0,108,123,94,6,0,0,0,0,-52,5,64,-63,64,66,-64,66,-128,111,2,32,96,-108,-21,61,1,0,0,0,-96,36,1,32,32,-56,2,32,-16,0,0,0,-92,125,40,0,0,0,0,0,29,123,94,6,0,0,0,0,-88,-7,2,32,1,0,0,0
109514332,4,91,109,97,118,108,105,110,107,93,32,117,111,114,98,32,61,62,32,109,97,118,108,105,110,107,32,45,109,101,115,115,97,103,101,32,115,101,110,116,46,0,10,8,0,-110,0,33,34,0,0,0,67,118,82,63,-41,105,-123,60,33,-94,21,-67,-62,-32,75,61,-52,-1,110,-67,72,-81,-68,-102,-14,-41,122,62,-128,111,2,32,0,0,0,0,0,0,0,0,0,0,-16,65,0,0,0,0,-63,94,78,63,-98,-18,-64,62,87,126,40,0,17,0,0,32,0,0,0,0,-88,-7,2,32,1,0,0,0
112164728,4,91,109,97,118,108,105,110,107,93,32,117,111,114,98,32,61,62,32,109,97,118,108,105,110,107,32,45,109,101,115,115,97,103,101,32,115,101,110,116,46,0,0,0,124,126,-81,6,0,0,0,0,93,21,11,8,32,0,0,0,47,0,0,0,-58,126,-81,6,0,0,0,0,98,92,64,-63,-92,47,-64,66,-128,111,2,32,16,84,14,-67,1,0,0,0,-96,36,1,32,32,-56,2,32,-16,0,0,0,85,-124,40,0,0,0,0,0,124,126,-81,6,0,0,0,0,-88,-7,2,32,1,0,0,0
114817760,4,91,109,97,118,108,105,110,107,93,32,117,111,114,98,32,61,62,32,109,97,118,108,105,110,107,32,45,109,101,115,115,97,103,101,32,115,101,110,116,46,0,0,0,-25,-7,-41,6,0,0,0,0,93,21,11,8,32,0,0,0,47,0,0,0,53,-6,-41,6,0,0,0,0,-52,5,64,-63,-23,14,-64,66,-128,111,2,32,-88,23,-54,-67,1,0,0,0,-96,36,1,32,32,-56,2,32,-16,0,0,0,105,-127,40,0,0,0,0,0,-25,-7,-41,6,0,0,0,0,-88,-7,2,32,1,0,0,0
117471672,4,91,109,97,118,108,105,110,107,93,32,117,111,114,98,32,61,62,32,109,97,118,108,105,110,107,32,45,109,101,115,115,97,103,101,32,115,101,110,116,46,0,0,0,1,113,0,7,0,0,0,0,93,21,11,8,32,0,0,0,47,0,0,0,101,113,0,7,0,0,0,0,119,-70,66,-63,-53,22,-64,66,-128,111,2,32,-16,-115,-86,-67,1,0,0,0,-96,36,1,32,32,-56,2,32,-16,0,0,0,44,122,40,0,0,0,0,0,1,113,0,7,0,0,0,0,-88,-7,2,32,1,0,0,0
120131271,4,91,109,97,118,108,105,110,107,93,32,117,111,114,98,32,61,62,32,109,97,118,108,105,110,107,32,45,109,101,115,115,97,103,101,32,115,101,110,116,46,0,0,0,-48,13,41,7,0,0,0,0,93,21,11,8,32,0,0,0,47,0,0,0,31,14,41,7,0,0,0,0,-94,103,67,-63,-2,7,-64,66,-128,111,2,32,-80,-60,-27,-67,1,0,0,0,-96,36,1,32,32,-56,2,32,-16,0,0,0,-92,-104,40,0,0,0,0,0,-48,13,41,7,0,0,0,0,-88,-7,2,32,1,0,0,0
122781768,4,91,109,97,118,108,105,110,107,93,32,117,111,114,98,32,61,62,32,109,97,118,108,105,110,107,32,45,109,101,115,115,97,103,101,32,115,101,110,116,46,0,0,0,0,0,0,0,0,0,0,0,0,0,0,0,1,0,0,0,113,1,0,0,123,0,0,0,92,0,0,0,-88,-7,2,32,-128,-101,0,8,-128,111,2,32,0,0,0,33,34,0,0,0,-79,-90,82,63,-41,105,-123,60,33,-94,21,-67,-119,-32,75,61,77,-1,110,-67,72,-81,-68,-102,-14,-41,122,62,0,0,0,0,1,0,0,0
125436724,4,91,109,97,118,108,105,110,107,93,32,117,111,114,98,32,61,62,32,109,97,118,108,105,110,107,32,45,109,101,115,115,97,103,101,32,115,101,110,116,46,0,0,0,15,-11,121,7,0,0,0,0,93,21,11,8,32,0,0,0,47,0,0,0,83,-11,121,7,0,0,0,0,-94,103,67,-63,-110,2,-64,66,-128,111,2,32,-24,115,-5,-67,1,0,0,0,-96,36,1,32,32,-56,2,32,-16,0,0,0,53,-125,40,0,0,0,0,0,15,-11,121,7,0,0,0,0,-88,-7,2,32,1,0,0,0
128085702,4,91,109,97,118,108,105,110,107,93,32,117,111,114,98,32,61,62,32,109,97,118,108,105,110,107,32,45,109,101,115,115,97,103,101,32,115,101,110,116,46,0,0,0,25,106,-94,7,0,0,0,0,93,21,11,8,32,0,0,0,47,0,0,0,96,106,-94,7,0,0,0,0,98,107,68,-63,70,-7,-65,66,-128,111,2,32,-44,81,16,-66,1,0,0,0,-96,36,1,32,32,-56,2,32,-16,0,0,0,-24,121,40,0,0,0,0,0,25,106,-94,7,0,0,0,0,-88,-7,2,32,1,0,0,0
130748355,4,91,109,97,118,108,105,110,107,93,32,117,111,114,98,32,61,62,32,109,97,118,108,105,110,107,32,45,109,101,115,115,97,103,101,32,115,101,110,116,46,0,0,0,-38,11,-53,7,0,0,0,0,93,21,11,8,32,0,0,0,47,0,0,0,61,12,-53,7,0,0,0,0,-116,9,65,-63,-109,-3,-65,66,-128,111,2,32,60,-73,7,-66,1,0,0,0,-96,36,1,32,32,-56,2,32,-16,0,0,0,82,-99,40,0,0,0,0,0,-38,11,-53,7,0,0,0,0,-88,-7,2,32,1,0,0,0
133409139,4,91,109,97,118,108,105,110,107,93,32,117,111,114,98,32,61,62,32,109,97,118,108,105,110,107,32,45,109,101,115,115,97,103,101,32,115,101,110,116,46,0,0,0,-111,-95,-13,7,0,0,0,0,93,21,11,8,32,0,0,0,47,0,0,0,-35,-95,-13,7,0,0,0,0,98,107,68,-63,-25,4,-64,66,-128,111,2,32,40,31,-14,-67,1,0,0,0,-96,36,1,32,32,-56,2,32,-16,0,0,0,-78,-76,40,0,0,0,0,0,-111,-95,-13,7,0,0,0,0,-88,-7,2,32,1,0,0,0
136054941,4,91,109,97,118,108,105,110,107,93,32,117,111,114,98,32,61,62,32,109,97,118,108,105,110,107,32,45,109,101,115,115,97,103,101,32,115,101,110,116,46,0,0,0,-61,4,28,8,0,0,0,0,93,21,11,8,32,0,0,0,47,0,0,0,55,5,28,8,0,0,0,0,98,107,68,-63,9,-14,-65,66,-128,111,2,32,-96,-53,30,-66,1,0,0,0,-96,36,1,32,32,-56,2,32,-16,0,0,0,-115,-103,40,0,0,0,0,0,-61,4,28,8,0,0,0,0,-88,-7,2,32,1,0,0,0
138701565,4,91,109,97,118,108,105,110,107,93,32,117,111,114,98,32,61,62,32,109,97,118,108,105,110,107,32,45,109,101,115,115,97,103,101,32,115,101,110,116,46,0,0,0,-16,105,68,8,0,0,0,0,93,21,11,8,32,0,0,0,47,0,0,0,98,106,68,8,0,0,0,0,119,-70,66,-63,-36,-18,-65,66,-128,111,2,32,72,38,37,-66,1,0,0,0,-96,36,1,32,32,-56,2,32,-16,0,0,0,99,-128,40,0,0,0,0,0,-16,105,68,8,0,0,0,0,-88,-7,2,32,1,0,0,0
141361768,4,91,109,97,118,108,105,110,107,93,32,117,111,114,98,32,61,62,32,109,97,118,108,105,110,107,32,45,109,101,115,115,97,103,101,32,115,101,110,116,46,0,0,0,89,-7,108,8,0,0,0,0,93,21,11,8,32,0,0,0,47,0,0,0,-99,-7,108,8,0,0,0,0,125,89,69,-63,103,-14,-65,66,-128,111,2,32,52,15,30,-66,1,0,0,0,-96,36,1,32,32,-56,2,32,-16,0,0,0,117,-111,40,0,0,0,0,0,89,-7,108,8,0,0,0,0,-88,-7,2,32,1,0,0,0
144011718,4,91,109,97,118,108,105,110,107,93,32,117,111,114,98,32,61,62,32,109,97,118,108,105,110,107,32,45,109,101,115,115,97,103,101,32,115,101,110,116,46,0,0,0,-45,112,-107,8,0,0,0,0,93,21,11,8,32,0,0,0,47,0,0,0,26,113,-107,8,0,0,0,0,56,-66,67,-63,124,-18,-65,66,-128,111,2,32,0,-117,-86,-69,1,0,0,0,-96,36,1,32,32,-56,2,32,-16,0,0,0,-104,-118,40,0,0,0,0,0,-45,112,-107,8,0,0,0,0,-88,-7,2,32,1,0,0,0
146664792,4,91,109,97,118,108,105,110,107,93,32,117,111,114,98,32,61,62,32,109,97,118,108,105,110,107,32,45,109,101,115,115,97,103,101,32,115,101,110,116,46,0,0,0,84,-20,-67,8,0,0,0,0,93,21,11,8,32,0,0,0,47,0,0,0,-102,-20,-67,8,0,0,0,0,82,-84,68,-63,67,-26,-65,66,-128,111,2,32,96,47,-82,-68,1,0,0,0,-96,36,1,32,32,-56,2,32,-16,0,0,0,-62,-121,40,0,0,0,0,0,84,-20,-67,8,0,0,0,0,-88,-7,2,32,1,0,0,0
149322649,4,91,109,97,118,108,105,110,107,93,32,117,111,114,98,32,61,62,32,109,97,118,108,105,110,107,32,45,109,101,115,115,97,103,101,32,115,101,110,116,46,0,0,0,-54,122,-26,8,0,0,0,0,93,21,11,8,32,0,0,0,47,0,0,0,15,123,-26,8,0,0,0,0,-73,-74,65,-63,103,-42,-65,66,-128,111,2,32,-128,73,78,-68,1,0,0,0,-96,36,1,32,32,-56,2,32,-16,0,0,0,-31,-105,40,0,0,0,0,0,-54,122,-26,8,0,0,0,0,-88,-7,2,32,1,0,0,0
151976608,4,91,109,97,118,108,105,110,107,93,32,117,111,114,98,32,61,62,32,109,97,118,108,105,110,107,32,45,109,101,115,115,97,103,101,32,115,101,110,116,46,0,0,0,-41,-7,14,9,0,0,0,0,93,21,11,8,32,0,0,0,47,0,0,0,26,-6,14,9,0,0,0,0,61,93,70,-63,7,-53,-65,66,-128,111,2,32,32,-112,14,-67,1,0,0,0,-96,36,1,32,32,-56,2,32,-16,0,0,0,-105,-104,40,0,0,0,0,0,-41,-7,14,9,0,0,0,0,-88,-7,2,32,1,0,0,0
154625850,4,91,109,97,118,108,105,110,107,93,32,117,111,114,98,32,61,62,32,109,97,118,108,105,110,107,32,45,109,101,115,115,97,103,101,32,115,101,110,116,46,0,0,0,66,98,55,9,0,0,0,0,93,21,11,8,32,0,0,0,47,0,0,0,-103,102,55,9,0,0,0,0,-88,6,70,-63,46,-60,-65,66,-128,111,2,32,112,86,69,-67,1,0,0,0,-96,36,1,32,32,-56,2,32,-16,0,0,0,-85,-126,40,0,0,0,0,0,66,98,55,9,0,0,0,0,-88,-7,2,32,1,0,0,0
157276649,4,91,109,97,118,108,105,110,107,93,32,117,111,114,98,32,61,62,32,109,97,118,108,105,110,107,32,45,109,101,115,115,97,103,101,32,115,101,110,116,46,0,0,0,28,-39,95,9,0,0,0,0,93,21,11,8,32,0,0,0,47,0,0,0,94,-39,95,9,0,0,0,0,125,89,69,-63,18,-76,-65,66,-128,111,2,32,24,27,-93,-67,1,0,0,0,-96,36,1,32,32,-56,2,32,-16,0,0,0,46,123,40,0,0,0,0,0,28,-39,95,9,0,0,0,0,-88,-7,2,32,1,0,0,0
159934148,4,91,109,97,118,108,105,110,107,93,32,117,111,114,98,32,61,62,32,109,97,118,108,105,110,107,32,45,109,101,115,115,97,103,101,32,115,101,110,116,46,0,0,0,-93,101,-120,9,0,0,0,0,93,21,11,8,32,0,0,0,47,0,0,0,23,102,-120,9,0,0,0,0,18,-80,69,-63,-82,-72,-65,66,-128,111,2,32,-112,-84,-112,-67,1,0,0,0,-96,36,1,32,32,-56,2,32,-16,0,0,0,94,-119,40,0,0,0,0,0,-93,101,-120,9,0,0,0,0,-88,-7,2,32,1,0,0,0
162584736,4,91,109,97,118,108,105,110,107,93,32,117,111,114,98,32,61,62,32,109,97,118,108,105,110,107,32,45,109,101,115,115,97,103,101,32,115,101,110,116,46,0,0,0,-96,-41,-80,9,0,0,0,0,93,21,11,8,32,0,0,0,47,0,0,0,12,-40,-80,9,0,0,0,0,18,-80,69,-63,-102,-80,-65,66,-128,111,2,32,-88,-3,-80,-67,1,0,0,0,-96,36,1,32,32,-56,2,32,-16,0,0,0,4,125,40,0,0,0,0,0,-96,-41,-80,9,0,0,0,0,-88,-7,2,32,1,0,0,0
165241612,4,91,109,97,118,108,105,110,107,93,32,117,111,114,98,32,61,62,32,109,97,118,108,105,110,107,32,45,109,101,115,115,97,103,101,32,115,101,110,116,46,0,0,0,63,98,-39,9,0,0,0,0,93,21,11,8,32,0,0,0,47,0,0,0,-123,98,-39,9,0,0,0,0,-31,99,66,-63,18,-83,-65,66,-128,111,2,32,0,127,-26,-69,1,0,0,0,-96,36,1,32,32,-56,2,32,-16,0,0,0,76,-119,40,0,0,0,0,0,63,98,-39,9,0,0,0,0,-88,-7,2,32,1,0,0,0
166583570,6,91,109,97,118,108,105,110,107,93,32,83,116,97,114,116,105,110,103,32,109,97,118,108,105,110,107,32,115,104,101,108,108,0,2,0,10,0,0,0,-36,9,6,32,-16,0,0,0,-44,25,6,32,10,0,0,0,1,0,0,0,-23,-1,-1,-1,0,0,0,0,0,0,0,0,0,0,0,0,0,0,0,0,0,0,0,0,0,0,0,0,0,0,0,0,0,0,0,0,0,0,0,0,0,0,0,0,0,0,0,0,8,26,6,32,0,0,0,0,0,0,0,0,0,0,0,0,-44,25,6,0
167891341,4,91,109,97,118,108,105,110,107,93,32,117,111,114,98,32,61,62,32,109,97,118,108,105,110,107,32,45,109,101,115,115,97,103,101,32,115,101,110,116,46,0,0,0,98,-48,1,10,0,0,0,0,93,21,11,8,32,0,0,0,47,0,0,0,-93,-48,1,10,0,0,0,0,-3,96,71,-63,52,-95,-65,66,-128,111,2,32,0,-97,48,-69,1,0,0,0,-96,36,1,32,32,-56,2,32,-16,0,0,0,24,121,40,0,0,0,0,0,98,-48,1,10,0,0,0,0,-88,-7,2,32,1,0,0,0
170547661,4,91,109,97,118,108,105,110,107,93,32,117,111,114,98,32,61,62,32,109,97,118,108,105,110,107,32,45,109,101,115,115,97,103,101,32,115,101,110,116,46,0,0,0,-49,88,42,10,0,0,0,0,93,21,11,8,32,0,0,0,47,0,0,0,63,89,42,10,0,0,0,0,-31,99,66,-63,-44,-75,-65,66,-128,111,2,32,80,-13,25,61,1,0,0,0,-96,36,1,32,32,-56,2,32,-16,0,0,0,46,-125,40,0,0,0,0,0,-49,88,42,10,0,0,0,0,-88,-7,2,32,1,0,0,0
173207233,4,91,109,97,118,108,105,110,107,93,32,117,111,114,98,32,61,62,32,109,97,118,108,105,110,107,32,45,109,101,115,115,97,103,101,32,115,101,110,116,46,0,0,0,-93,-19,82,10,0,0,0,0,93,21,11,8,32,0,0,0,47,0,0,0,57,-18,82,10,0,0,0,0,103,10,71,-63,-84,-87,-65,66,-128,111,2,32,0,-43,98,60,1,0,0,0,-96,36,1,32,32,-56,2,32,-16,0,0,0,-85,-103,40,0,0,0,0,0,-93,-19,82,10,0,0,0,0,-88,-7,2,32,1,0,0,0
175861019,4,91,109,97,118,108,105,110,107,93,32,117,111,114,98,32,61,62,32,109,97,118,108,105,110,107,32,45,109,101,115,115,97,103,101,32,115,101,110,116,46,0,0,0,-114,107,123,10,0,0,0,0,93,21,11,8,32,0,0,0,47,0,0,0,-113,108,123,10,0,0,0,0,125,89,69,-63,42,-116,-65,66,-128,111,2,32,64,90,51,-67,1,0,0,0,-96,36,1,32,32,-56,2,32,-16,0,0,0,63,-103,40,0,0,0,0,0,-114,107,123,10,0,0,0,0,-88,-7,2,32,1,0,0,0
178509160,4,91,109,97,118,108,105,110,107,93,32,117,111,114,98,32,61,62,32,109,97,118,108,105,110,107,32,45,109,101,115,115,97,103,101,32,115,101,110,116,46,0,0,0,120,-46,-93,10,0,0,0,0,93,21,11,8,32,0,0,0,47,0,0,0,-31,-46,-93,10,0,0,0,0,-24,2,69,-63,-22,-118,-65,66,-128,111,2,32,32,-76,-128,-68,1,0,0,0,-96,36,1,32,32,-56,2,32,-16,0,0,0,-46,-127,40,0,0,0,0,0,120,-46,-93,10,0,0,0,0,-88,-7,2,32,1,0,0,0
181159652,4,91,109,97,118,108,105,110,107,93,32,117,111,114,98,32,61,62,32,109,97,118,108,105,110,107,32,45,109,101,115,115,97,103,101,32,115,101,110,116,46,0,0,0,19,70,-52,10,0,0,0,0,93,21,11,8,32,0,0,0,47,0,0,0,87,70,-52,10,0,0,0,0,-3,96,71,-63,0,-113,-65,66,-128,111,2,32,0,80,-3,-69,1,0,0,0,-96,36,1,32,32,-56,2,32,-16,0,0,0,22,119,40,0,0,0,0,0,19,70,-52,10,0,0,0,0,-88,-7,2,32,1,0,0,0
183822774,4,91,109,97,118,108,105,110,107,93,32,117,111,114,98,32,61,62,32,109,97,118,108,105,110,107,32,45,109,101,115,115,97,103,101,32,115,101,110,116,46,0,0,0,-95,-24,-12,10,0,0,0,0,93,21,11,8,32,0,0,0,47,0,0,0,-24,-24,-12,10,0,0,0,0,-66,100,72,-63,-109,-112,-65,66,-128,111,2,32,-128,109,-104,-69,1,0,0,0,-96,36,1,32,32,-56,2,32,-16,0,0,0,77,-101,40,0,0,0,0,0,-95,-24,-12,10,0,0,0,0,-88,-7,2,32,1,0,0,0
186475776,4,91,109,97,118,108,105,110,107,93,32,117,111,114,98,32,61,62,32,109,97,118,108,105,110,107,32,45,109,101,115,115,97,103,101,32,115,101,110,116,46,0,0,0,-61,99,29,11,0,0,0,0,93,21,11,8,32,0,0,0,47,0,0,0,10,100,29,11,0,0,0,0,125,89,69,-63,56,-98,-65,66,-128,111,2,32,96,53,-76,60,1,0,0,0,-96,36,1,32,32,-56,2,32,-16,0,0,0,24,-104,40,0,0,0,0,0,-61,99,29,11,0,0,0,0,-88,-7,2,32,1,0,0,0
189127806,4,91,109,97,118,108,105,110,107,93,32,117,111,114,98,32,61,62,32,109,97,118,108,105,110,107,32,45,109,101,115,115,97,103,101,32,115,101,110,116,46,0,0,0,-78,-37,69,11,0,0,0,0,93,21,11,8,32,0,0,0,47,0,0,0,-7,-37,69,11,0,0,0,0,-45,-77,70,-63,64,-110,-65,66,-128,111,2,32,0,-106,-76,-70,1,0,0,0,-96,36,1,32,32,-56,2,32,-16,0,0,0,-80,-111,40,0,0,0,0,0,-78,-37,69,11,0,0,0,0,-88,-7,2,32,1,0,0,0
191782896,4,91,109,97,118,108,105,110,107,93,32,117,111,114,98,32,61,62,32,109,97,118,108,105,110,107,32,45,109,101,115,115,97,103,101,32,115,101,110,116,46,0,0,0,72,94,110,11,0,0,0,0,93,21,11,8,32,0,0,0,47,0,0,0,-82,94,110,11,0,0,0,0,-66,100,72,-63,92,-128,-65,66,-128,111,2,32,-128,-59,20,-67,1,0,0,0,-96,36,1,32,32,-56,2,32,-16,0,0,0,-17,-107,40,0,0,0,0,0,72,94,110,11,0,0,0,0,-88,-7,2,32,1,0,0,0
194434768,4,91,109,97,118,108,105,110,107,93,32,117,111,114,98,32,61,62,32,109,97,118,108,105,110,107,32,45,109,101,115,115,97,103,101,32,115,101,110,116,46,0,0,0,104,-43,-106,11,0,0,0,0,93,21,11,8,32,0,0,0,47,0,0,0,-83,-43,-106,11,0,0,0,0,-66,100,72,-63,40,105,-65,66,-128,111,2,32,72,50,-89,-67,1,0,0,0,-96,36,1,32,32,-56,2,32,-16,0,0,0,-72,-114,40,0,0,0,0,0,104,-43,-106,11,0,0,0,0,-88,-7,2,32,1,0,0,0
197083024,4,91,109,97,118,108,105,110,107,93,32,117,111,114,98,32,61,62,32,109,97,118,108,105,110,107,32,45,109,101,115,115,97,103,101,32,115,101,110,116,46,0,0,0,-103,62,-65,11,0,0,0,0,93,21,11,8,32,0,0,0,47,0,0,0,-32,62,-65,11,0,0,0,0,-3,96,71,-63,-93,87,-65,66,-128,111,2,32,8,72,-19,-67,1,0,0,0,-96,36,1,32,32,-56,2,32,-16,0,0,0,-110,121,40,0,0,0,0,0,-103,62,-65,11,0,0,0,0,-88,-7,2,32,1,0,0,0
199735970,4,91,109,97,118,108,105,110,107,93,32,117,111,114,98,32,61,62,32,109,97,118,108,105,110,107,32,45,109,101,115,115,97,103,101,32,115,101,110,116,46,0,0,0,-26,-72,-25,11,0,0,0,0,93,21,11,8,32,0,0,0,47,0,0,0,79,-71,-25,11,0,0,0,0,18,-80,69,-63,36,82,-65,66,-128,111,2,32,-44,-96,1,-66,1,0,0,0,-96,36,1,32,32,-56,2,32,-16,0,0,0,-120,117,40,0,0,0,0,0,-26,-72,-25,11,0,0,0,0,-88,-7,2,32,1,0,0,0
202389836,4,91,109,97,118,108,105,110,107,93,32,117,111,114,98,32,61,62,32,109,97,118,108,105,110,107,32,45,109,101,115,115,97,103,101,32,115,101,110,116,46,0,0,0,-2,55,16,12,0,0,0,0,93,21,11,8,32,0,0,0,47,0,0,0,90,56,16,12,0,0,0,0,-66,100,72,-63,-30,73,-65,66,-128,111,2,32,120,38,18,-66,1,0,0,0,-96,36,1,32,32,-56,2,32,-16,0,0,0,73,118,40,0,0,0,0,0,-2,55,16,12,0,0,0,0,-88,-7,2,32,1,0,0,0
205053504,4,91,109,97,118,108,105,110,107,93,32,117,111,114,98,32,61,62,32,109,97,118,108,105,110,107,32,45,109,101,115,115,97,103,101,32,115,101,110,116,46,0,0,0,-8,-39,56,12,0,0,0,0,93,21,11,8,32,0,0,0,47,0,0,0,89,-38,56,12,0,0,0,0,61,93,70,-63,25,77,-65,66,-128,111,2,32,96,-72,11,-66,1,0,0,0,-96,36,1,32,32,-56,2,32,-16,0,0,0,-20,-103,40,0,0,0,0,0,-8,-39,56,12,0,0,0,0,-88,-7,2,32,1,0,0,0
207704735,4,91,109,97,118,108,105,110,107,93,32,117,111,114,98,32,61,62,32,109,97,118,108,105,110,107,32,45,109,101,115,115,97,103,101,32,115,101,110,116,46,0,0,0,-91,81,97,12,0,0,0,0,93,21,11,8,32,0,0,0,47,0,0,0,-22,81,97,12,0,0,0,0,46,-83,74,-63,91,75,-65,66,-128,111,2,32,-96,51,15,-66,1,0,0,0,-96,36,1,32,32,-56,2,32,-16,0,0,0,66,-109,40,0,0,0,0,0,-91,81,97,12,0,0,0,0,-88,-7,2,32,1,0,0,0
210352609,4,91,109,97,118,108,105,110,107,93,32,117,111,114,98,32,61,62,32,109,97,118,108,105,110,107,32,45,109,101,115,115,97,103,101,32,115,101,110,116,46,0,0,0,23,-71,-119,12,0,0,0,0,93,21,11,8,32,0,0,0,47,0,0,0,92,-71,-119,12,0,0,0,0,98,107,68,-63,119,84,-65,66,-128,111,2,32,0,-7,-7,-67,1,0,0,0,-96,36,1,32,32,-56,2,32,-16,0,0,0,93,124,40,0,0,0,0,0,23,-71,-119,12,0,0,0,0,-88,-7,2,32,1,0,0,0
213009047,4,91,109,97,118,108,105,110,107,93,32,117,111,114,98,32,61,62,32,109,97,118,108,105,110,107,32,45,109,101,115,115,97,103,101,32,115,101,110,116,46,0,0,0,96,65,-78,12,0,0,0,0,93,21,11,8,32,0,0,0,47,0,0,0,-92,65,-78,12,0,0,0,0,40,14,72,-63,118,90,-65,66,-128,111,2,32,8,-4,-31,-67,1,0,0,0,-96,36,1,32,32,-56,2,32,-16,0,0,0,79,-122,40,0,0,0,0,0,96,65,-78,12,0,0,0,0,-88,-7,2,32,1,0,0,0
215665870,4,91,109,97,118,108,105,110,107,93,32,117,111,114,98,32,61,62,32,109,97,118,108,105,110,107,32,45,109,101,115,115,97,103,101,32,115,101,110,116,46,0,0,0,62,-53,-38,12,0,0,0,0,93,21,11,8,32,0,0,0,47,0,0,0,-74,-53,-38,12,0,0,0,0,98,107,68,-63,117,118,-65,66,-128,111,2,32,48,105,100,61,1,0,0,0,-96,36,1,32,32,-56,2,32,-16,0,0,0,-42,-111,40,0,0,0,0,0,62,-53,-38,12,0,0,0,0,-88,-7,2,32,1,0,0,0
218317838,4,91,109,97,118,108,105,110,107,93,32,117,111,114,98,32,61,62,32,109,97,118,108,105,110,107,32,45,109,101,115,115,97,103,101,32,115,101,110,116,46,0,0,0,-86,66,3,13,0,0,0,0,93,21,11,8,32,0,0,0,47,0,0,0,-123,67,3,13,0,0,0,0,77,13,66,-63,100,-101,-65,66,-128,111,2,32,-108,-9,2,62,1,0,0,0,-96,36,1,32,32,-56,2,32,-16,0,0,0,-21,-118,40,0,0,0,0,0,-86,66,3,13,0,0,0,0,-88,-7,2,32,1,0,0,0
220971336,4,91,109,97,118,108,105,110,107,93,32,117,111,114,98,32,61,62,32,109,97,118,108,105,110,107,32,45,109,101,115,115,97,103,101,32,115,101,110,116,46,0,0,0,83,-66,43,13,0,0,0,0,93,21,11,8,32,0,0,0,47,0,0,0,-92,-66,43,13,0,0,0,0,-52,5,64,-63,-99,-69,-65,66,-128,111,2,32,116,105,67,62,1,0,0,0,-96,36,1,32,32,-56,2,32,-16,0,0,0,61,-120,40,0,0,0,0,0,83,-66,43,13,0,0,0,0,-88,-7,2,32,1,0,0,0
223624657,4,91,109,97,118,108,105,110,107,93,32,117,111,114,98,32,61,62,32,109,97,118,108,105,110,107,32,45,109,101,115,115,97,103,101,32,115,101,110,116,46,0,0,0,-40,60,84,13,0,0,0,0,93,21,11,8,32,0,0,0,47,0,0,0,31,61,84,13,0,0,0,0,55,-81,63,-63,-34,-62,-65,66,-128,111,2,32,0,-55,-103,-69,1,0,0,0,-96,36,1,32,32,-56,2,32,-16,0,0,0,107,-120,40,0,0,0,0,0,-40,60,84,13,0,0,0,0,-88,-7,2,32,1,0,0,0
226273673,4,91,109,97,118,108,105,110,107,93,32,117,111,114,98,32,61,62,32,109,97,118,108,105,110,107,32,45,109,101,115,115,97,103,101,32,115,101,110,116,46,0,0,0,-90,-88,124,13,0,0,0,0,93,21,11,8,32,0,0,0,47,0,0,0,-17,-88,124,13,0,0,0,0,119,-70,66,-63,-31,-75,-65,66,-128,111,2,32,-64,96,25,-68,1,0,0,0,-96,36,1,32,32,-56,2,32,-16,0,0,0,-30,117,40,0,0,0,0,0,-90,-88,124,13,0,0,0,0,-88,-7,2,32,1,0,0,0
228928753,4,91,109,97,118,108,105,110,107,93,32,117,111,114,98,32,61,62,32,109,97,118,108,105,110,107,32,45,109,101,115,115,97,103,101,32,115,101,110,116,46,0,0,0,-1,43,-91,13,0,0,0,0,93,21,11,8,32,0,0,0,47,0,0,0,68,44,-91,13,0,0,0,0,18,-80,69,-63,-56,-86,-65,66,-128,111,2,32,0,62,-2,-68,1,0,0,0,-96,36,1,32,32,-56,2,32,-16,0,0,0,-28,122,40,0,0,0,0,0,-1,43,-91,13,0,0,0,0,-88,-7,2,32,1,0,0,0
231583344,4,91,109,97,118,108,105,110,107,93,32,117,111,114,98,32,61,62,32,109,97,118,108,105,110,107,32,45,109,101,115,115,97,103,101,32,115,101,110,116,46,0,0,0,-16,-84,-51,13,0,0,0,0,93,21,11,8,32,0,0,0,47,0,0,0,86,-83,-51,13,0,0,0,0,-52,20,68,-63,3,-92,-65,66,-128,111,2,32,-32,118,-122,-68,1,0,0,0,-96,36,1,32,32,-56,2,32,-16,0,0,0,126,125,40,0,0,0,0,0,-16,-84,-51,13,0,0,0,0,-88,-7,2,32,1,0,0,0
234236788,4,91,109,97,118,108,105,110,107,93,32,117,111,114,98,32,61,62,32,109,97,118,108,105,110,107,32,45,109,101,115,115,97,103,101,32,115,101,110,116,46,0,0,0,64,91,0,0,-88,-7,2,32,-128,-101,0,8,80,-47,19,8,0,0,0,97,33,0,0,0,-114,-7,83,63,-41,105,-123,60,33,-94,21,-67,-128,111,2,32,23,-4,110,-67,72,-81,-68,-102,-14,-41,122,62,0,0,0,0,0,0,0,0,0,0,0,0,0,0,-16,65,0,0,0,0,-63,94,78,63,-98,-18,-64,62,1,0,0,0
236888844,4,91,109,97,118,108,105,110,107,93,32,117,111,114,98,32,61,62,32,109,97,118,108,105,110,107,32,45,109,101,115,115,97,103,101,32,115,101,110,116,46,0,0,0,19,-94,30,14,0,0,0,0,93,21,11,8,32,0,0,0,47,0,0,0,95,-94,30,14,0,0,0,0,103,10,71,-63,19,106,-65,66,-128,111,2,32,40,-80,4,-66,1,0,0,0,-96,36,1,32,32,-56,2,32,-16,0,0,0,-13,117,40,0,0,0,0,0,19,-94,30,14,0,0,0,0,-88,-7,2,32,1,0,0,0
239547839,4,91,109,97,118,108,105,110,107,93,32,117,111,114,98,32,61,62,32,109,97,118,108,105,110,107,32,45,109,101,115,115,97,103,101,32,115,101,110,116,46,0,0,0,83,93,0,0,-88,-7,2,32,-128,-101,0,8,80,-47,19,8,0,0,0,97,33,0,0,0,-23,15,84,63,-41,105,-123,60,33,-94,21,-67,-128,111,2,32,-39,-5,110,-67,72,-81,-68,-102,-14,-41,122,62,0,0,0,0,0,0,0,0,0,0,0,0,0,0,-16,65,0,0,0,0,-63,94,78,63,-98,-18,-64,62,1,0,0,0
242203652,4,91,109,97,118,108,105,110,107,93,32,117,111,114,98,32,61,62,32,109,97,118,108,105,110,107,32,45,109,101,115,115,97,103,101,32,115,101,110,116,46,0,0,0,15,-69,111,14,0,0,0,0,93,21,11,8,32,0,0,0,47,0,0,0,83,-69,111,14,0,0,0,0,3,0,74,-63,-128,99,-65,66,-128,111,2,32,56,-43,17,-66,1,0,0,0,-96,36,1,32,32,-56,2,32,-16,0,0,0,65,-110,40,0,0,0,0,0,15,-69,111,14,0,0,0,0,-88,-7,2,32,1,0,0,0
244858652,4,91,109,97,118,108,105,110,107,93,32,117,111,114,98,32,61,62,32,109,97,118,108,105,110,107,32,45,109,101,115,115,97,103,101,32,115,101,110,116,46,0,0,0,74,62,-104,14,0,0,0,0,93,21,11,8,32,0,0,0,47,0,0,0,-111,62,-104,14,0,0,0,0,-40,82,73,-63,36,99,-65,66,-128,111,2,32,0,76,12,-70,1,0,0,0,-96,36,1,32,32,-56,2,32,-16,0,0,0,37,-105,40,0,0,0,0,0,74,62,-104,14,0,0,0,0,-88,-7,2,32,1,0,0,0
247511836,4,91,109,97,118,108,105,110,107,93,32,117,111,114,98,32,61,62,32,109,97,118,108,105,110,107,32,45,109,101,115,115,97,103,101,32,115,101,110,116,46,0,0,0,40,-70,-64,14,0,0,0,0,93,21,11,8,32,0,0,0,47,0,0,0,115,-70,-64,14,0,0,0,0,82,-69,72,-63,-32,99,-65,66,-128,111,2,32,0,-112,107,58,1,0,0,0,-96,36,1,32,32,-56,2,32,-16,0,0,0,-84,-108,40,0,0,0,0,0,40,-70,-64,14,0,0,0,0,-88,-7,2,32,1,0,0,0
250159629,4,91,109,97,118,108,105,110,107,93,32,117,111,114,98,32,61,62,32,109,97,118,108,105,110,107,32,45,109,101,115,115,97,103,101,32,115,101,110,116,46,0,0,0,119,31,-23,14,0,0,0,0,93,21,11,8,32,0,0,0,47,0,0,0,-71,31,-23,14,0,0,0,0,40,14,72,-63,-25,101,-65,66,-128,111,2,32,-128,74,-97,59,1,0,0,0,-96,36,1,32,32,-56,2,32,-16,0,0,0,-92,123,40,0,0,0,0,0,119,31,-23,14,0,0,0,0,-88,-7,2,32,1,0,0,0
252813718,4,91,109,97,118,108,105,110,107,93,32,117,111,114,98,32,61,62,32,109,97,118,108,105,110,107,32,45,109,101,115,115,97,103,101,32,115,101,110,116,46,0,0,0,95,-96,17,15,0,0,0,0,93,21,11,8,32,0,0,0,47,0,0,0,9,-95,17,15,0,0,0,0,3,0,74,-63,55,95,-65,66,-128,111,2,32,0,86,6,-68,1,0,0,0,-96,36,1,32,32,-56,2,32,-16,0,0,0,53,126,40,0,0,0,0,0,95,-96,17,15,0,0,0,0,-88,-7,2,32,1,0,0,0
255473868,4,91,109,97,118,108,105,110,107,93,32,117,111,114,98,32,61,62,32,109,97,118,108,105,110,107,32,45,109,101,115,115,97,103,101,32,115,101,110,116,46,0,0,0,4,56,58,15,0,0,0,0,93,21,11,8,32,0,0,0,47,0,0,0,71,56,58,15,0,0,0,0,103,10,71,-63,-112,81,-65,66,-128,111,2,32,-16,-47,14,-67,1,0,0,0,-96,36,1,32,32,-56,2,32,-16,0,0,0,-125,-105,40,0,0,0,0,0,4,56,58,15,0,0,0,0,-88,-7,2,32,1,0,0,0
258125611,4,91,109,97,118,108,105,110,107,93,32,117,111,114,98,32,61,62,32,109,97,118,108,105,110,107,32,45,109,101,115,115,97,103,101,32,115,101,110,116,46,0,0,0,95,-82,98,15,0,0,0,0,93,21,11,8,32,0,0,0,47,0,0,0,-92,-82,98,15,0,0,0,0,110,-87,73,-63,-99,74,-65,66,-128,111,2,32,-48,98,70,-67,1,0,0,0,-96,36,1,32,32,-56,2,32,-16,0,0,0,-121,-113,40,0,0,0,0,0,95,-82,98,15,0,0,0,0,-88,-7,2,32,1,0,0,0
260777651,4,91,109,97,118,108,105,110,107,93,32,117,111,114,98,32,61,62,32,109,97,118,108,105,110,107,32,45,109,101,115,115,97,103,101,32,115,101,110,116,46,0,0,0,-66,37,-117,15,0,0,0,0,93,21,11,8,32,0,0,0,47,0,0,0,3,38,-117,15,0,0,0,0,125,89,69,-63,-128,46,-65,66,-128,111,2,32,72,-91,-45,-67,1,0,0,0,-96,36,1,32,32,-56,2,32,-16,0,0,0,-113,-120,40,0,0,0,0,0,-66,37,-117,15,0,0,0,0,-88,-7,2,32,1,0,0,0
263431814,4,91,109,97,118,108,105,110,107,93,32,117,111,114,98,32,61,62,32,109,97,118,108,105,110,107,32,45,109,101,115,115,97,103,101,32,115,101,110,116,46,0,0,0,-63,94,78,63,-98,-18,-64,62,87,126,40,0,17,0,0,32,47,0,0,0,0,-90,-77,15,0,0,0,0,-104,86,74,-63,21,35,-65,66,-128,111,2,32,0,-64,-112,57,1,0,0,0,-96,36,1,32,32,-56,2,32,-16,0,0,0,51,-118,40,0,0,0,0,0,-71,-91,-77,15,0,0,0,0,-88,-7,2,32,1,0,0,0
266082409,4,91,109,97,118,108,105,110,107,93,32,117,111,114,98,32,61,62,32,109,97,118,108,105,110,107,32,45,109,101,115,115,97,103,101,32,115,101,110,116,46,0,0,0,81,21,-36,15,0,0,0,0,93,21,11,8,32,0,0,0,47,0,0,0,-67,21,-36,15,0,0,0,0,82,-69,72,-63,-70,41,-65,66,-128,111,2,32,-128,43,89,60,1,0,0,0,-96,36,1,32,32,-56,2,32,-16,0,0,0,116,123,40,0,0,0,0,0,81,21,-36,15,0,0,0,0,-88,-7,2,32,1,0,0,0
268736644,4,91,109,97,118,108,105,110,107,93,32,117,111,114,98,32,61,62,32,109,97,118,108,105,110,107,32,45,109,101,115,115,97,103,101,32,115,101,110,116,46,0,0,0,-104,-105,4,16,0,0,0,0,93,21,11,8,32,0,0,0,47,0,0,0,-33,-105,4,16,0,0,0,0,-109,-73,71,-63,-115,33,-65,66,-128,111,2,32,0,-64,49,-69,1,0,0,0,-96,36,1,32,32,-56,2,32,-16,0,0,0,100,127,40,0,0,0,0,0,-104,-105,4,16,0,0,0,0,-88,-7,2,32,1,0,0,0
271395698,4,91,109,97,118,108,105,110,107,93,32,117,111,114,98,32,61,62,32,109,97,118,108,105,110,107,32,45,109,101,115,115,97,103,101,32,115,101,110,116,46,0,0,0,119,42,45,16,0,0,0,0,93,21,11,8,32,0,0,0,47,0,0,0,-69,42,45,16,0,0,0,0,-24,17,73,-63,-93,54,-65,66,-128,111,2,32,96,-12,2,61,1,0,0,0,-96,36,1,32,32,-56,2,32,-16,0,0,0,-20,-109,40,0,0,0,0,0,119,42,45,16,0,0,0,0,-88,-7,2,32,1,0,0,0
274045661,4,91,109,97,118,108,105,110,107,93,32,117,111,114,98,32,61,62,32,109,97,118,108,105,110,107,32,45,109,101,115,115,97,103,101,32,115,101,110,116,46,0,0,0,-1,-103,85,16,0,0,0,0,93,21,11,8,32,0,0,0,47,0,0,0,70,-102,85,16,0,0,0,0,-104,86,74,-63,-41,65,-65,66,-128,111,2,32,96,-105,92,61,1,0,0,0,-96,36,1,32,32,-56,2,32,-16,0,0,0,29,-123,40,0,0,0,0,0,-1,-103,85,16,0,0,0,0,-88,-7,2,32,1,0,0,0
276706653,4,91,109,97,118,108,105,110,107,93,32,117,111,114,98,32,61,62,32,109,97,118,108,105,110,107,32,45,109,101,115,115,97,103,101,32,115,101,110,116,46,0,0,0,89,52,126,16,0,0,0,0,93,21,11,8,32,0,0,0,47,0,0,0,-71,52,126,16,0,0,0,0,-109,-73,71,-63,-85,75,-65,66,-128,111,2,32,0,-39,-2,59,1,0,0,0,-96,36,1,32,32,-56,2,32,-16,0,0,0,32,-95,40,0,0,0,0,0,89,52,126,16,0,0,0,0,-88,-7,2,32,1,0,0,0
279356371,4,91,109,97,118,108,105,110,107,93,32,117,111,114,98,32,61,62,32,109,97,118,108,105,110,107,32,45,109,101,115,115,97,103,101,32,115,101,110,116,46,0,0,0,15,-93,-90,16,0,0,0,0,93,21,11,8,32,0,0,0,47,0,0,0,78,-93,-90,16,0,0,0,0,3,0,74,-63,-46,85,-65,66,-128,111,2,32,0,50,-30,60,1,0,0,0,-96,36,1,32,32,-56,2,32,-16,0,0,0,127,-111,40,0,0,0,0,0,15,-93,-90,16,0,0,0,0,-88,-7,2,32,1,0,0,0
282004655,4,91,109,97,118,108,105,110,107,93,32,117,111,114,98,32,61,62,32,109,97,118,108,105,110,107,32,45,109,101,115,115,97,103,101,32,115,101,110,116,46,0,0,0,-73,11,-49,16,0,0,0,0,93,21,11,8,32,0,0,0,47,0,0,0,0,12,-49,16,0,0,0,0,-109,-73,71,-63,-78,78,-65,66,-128,111,2,32,-64,92,96,60,1,0,0,0,-96,36,1,32,32,-56,2,32,-16,0,0,0,-48,123,40,0,0,0,0,0,-73,11,-49,16,0,0,0,0,-88,-7,2,32,1,0,0,0
284657610,4,91,109,97,118,108,105,110,107,93,32,117,111,114,98,32,61,62,32,109,97,118,108,105,110,107,32,45,109,101,115,115,97,103,101,32,115,101,110,116,46,0,0,0,-1,-122,-9,16,0,0,0,0,93,21,11,8,32,0,0,0,47,0,0,0,69,-121,-9,16,0,0,0,0,82,-69,72,-63,-46,48,-65,66,-128,111,2,32,0,47,-94,-69,1,0,0,0,-96,36,1,32,32,-56,2,32,-16,0,0,0,-63,120,40,0,0,0,0,0,-1,-122,-9,16,0,0,0,0,-88,-7,2,32,1,0,0,0
287318724,4,91,109,97,118,108,105,110,107,93,32,117,111,114,98,32,61,62,32,109,97,118,108,105,110,107,32,45,109,101,115,115,97,103,101,32,115,101,110,116,46,0,0,0,-82,33,32,17,0,0,0,0,93,21,11,8,32,0,0,0,47,0,0,0,-7,33,32,17,0,0,0,0,-19,-80,75,-63,-117,25,-65,66,-128,111,2,32,-64,121,78,-67,1,0,0,0,-96,36,1,32,32,-56,2,32,-16,0,0,0,25,-107,40,0,0,0,0,0,-82,33,32,17,0,0,0,0,-88,-7,2,32,1,0,0,0
289973683,4,91,109,97,118,108,105,110,107,93,32,117,111,114,98,32,61,62,32,109,97,118,108,105,110,107,32,45,109,101,115,115,97,103,101,32,115,101,110,116,46,0,0,0,-63,-92,72,17,0,0,0,0,93,21,11,8,32,0,0,0,47,0,0,0,38,-91,72,17,0,0,0,0,-61,3,75,-63,58,-2,-66,66,-128,111,2,32,-16,126,-44,-67,1,0,0,0,-96,36,1,32,32,-56,2,32,-16,0,0,0,-43,-103,40,0,0,0,0,0,-63,-92,72,17,0,0,0,0,-88,-7,2,32,1,0,0,0
292619566,4,91,109,97,118,108,105,110,107,93,32,117,111,114,98,32,61,62,32,109,97,118,108,105,110,107,32,45,109,101,115,115,97,103,101,32,115,101,110,116,46,0,0,0,20,4,113,17,0,0,0,0,93,21,11,8,32,0,0,0,47,0,0,0,118,4,113,17,0,0,0,0,25,94,76,-63,-38,-40,-66,66,-128,111,2,32,64,1,53,-66,1,0,0,0,-96,36,1,32,32,-56,2,32,-16,0,0,0,-47,122,40,0,0,0,0,0,20,4,113,17,0,0,0,0,-88,-7,2,32,1,0,0,0
295274765,4,91,109,97,118,108,105,110,107,93,32,117,111,114,98,32,61,62,32,109,97,118,108,105,110,107,32,45,109,101,115,115,97,103,101,32,115,101,110,116,46,0,0,0,-89,-121,-103,17,0,0,0,0,93,21,11,8,32,0,0,0,47,0,0,0,22,-120,-103,17,0,0,0,0,-24,17,73,-63,-18,-46,-66,66,-128,111,2,32,0,-55,18,60,1,0,0,0,-96,36,1,32,32,-56,2,32,-16,0,0,0,13,-128,40,0,0,0,0,0,-89,-121,-103,17,0,0,0,0,-88,-7,2,32,1,0,0,0
297926799,4,91,109,97,118,108,105,110,107,93,32,117,111,114,98,32,61,62,32,109,97,118,108,105,110,107,32,45,109,101,115,115,97,103,101,32,115,101,110,116,46,0,0,0,26,-1,-63,17,0,0,0,0,93,21,11,8,32,0,0,0,47,0,0,0,97,-1,-63,17,0,0,0,0,-104,86,74,-63,51,-47,-66,66,-128,111,2,32,0,-81,-74,59,1,0,0,0,-96,36,1,32,32,-56,2,32,-16,0,0,0,41,121,40,0,0,0,0,0,26,-1,-63,17,0,0,0,0,-88,-7,2,32,1,0,0,0
300584806,4,91,109,97,118,108,105,110,107,93,32,117,111,114,98,32,61,62,32,109,97,118,108,105,110,107,32,45,109,101,115,115,97,103,101,32,115,101,110,116,46,0,0,0,82,-114,-22,17,0,0,0,0,93,21,11,8,32,0,0,0,47,0,0,0,-104,-114,-22,17,0,0,0,0,25,94,76,-63,95,-53,-66,66,-128,111,2,32,0,55,-66,-69,1,0,0,0,-96,36,1,32,32,-56,2,32,-16,0,0,0,10,-118,40,0,0,0,0,0,82,-114,-22,17,0,0,0,0,-88,-7,2,32,1,0,0,0
303234615,4,91,109,97,118,108,105,110,107,93,32,117,111,114,98,32,61,62,32,109,97,118,108,105,110,107,32,45,109,101,115,115,97,103,101,32,115,101,110,116,46,0,0,0,103,-3,18,18,0,0,0,0,93,21,11,8,32,0,0,0,47,0,0,0,-81,-3,18,18,0,0,0,0,110,-72,77,-63,108,-43,-66,66,-128,111,2,32,0,76,-123,-70,1,0,0,0,-96,36,1,32,32,-56,2,32,-16,0,0,0,-56,122,40,0,0,0,0,0,103,-3,18,18,0,0,0,0,-88,-7,2,32,1,0,0,0
305892805,4,91,109,97,118,108,105,110,107,93,32,117,111,114,98,32,61,62,32,109,97,118,108,105,110,107,32,45,109,101,115,115,97,103,101,32,115,101,110,116,46,0,0,0,90,-116,59,18,0,0,0,0,93,21,11,8,32,0,0,0,47,0,0,0,50,-115,59,18,0,0,0,0,-103,101,78,-63,14,-75,-66,66,-128,111,2,32,16,-118,-125,-67,1,0,0,0,-96,36,1,32,32,-56,2,32,-16,0,0,0,100,-117,40,0,0,0,0,0,90,-116,59,18,0,0,0,0,-88,-7,2,32,1,0,0,0
308545646,4,91,109,97,118,108,105,110,107,93,32,117,111,114,98,32,61,62,32,109,97,118,108,105,110,107,32,45,109,101,115,115,97,103,101,32,115,101,110,116,46,0,0,0,126,7,100,18,0,0,0,0,93,21,11,8,32,0,0,0,47,0,0,0,-60,7,100,18,0,0,0,0,30,-3,78,-63,30,-83,-66,66,-128,111,2,32,32,75,-93,-67,1,0,0,0,-96,36,1,32,32,-56,2,32,-16,0,0,0,49,-120,40,0,0,0,0,0,126,7,100,18,0,0,0,0,-88,-7,2,32,1,0,0,0
311197658,4,91,109,97,118,108,105,110,107,93,32,117,111,114,98,32,61,62,32,109,97,118,108,105,110,107,32,45,109,101,115,115,97,103,101,32,115,101,110,116,46,0,0,0,80,121,0,0,-88,-7,2,32,-128,-101,0,8,80,-47,19,8,0,0,0,97,34,0,0,0,22,-113,83,63,-41,105,-123,60,33,-94,21,-67,-128,111,2,32,58,-3,110,-67,72,-81,-68,-102,-14,-41,122,62,0,0,0,0,0,0,0,0,0,0,0,0,0,0,-16,65,0,0,0,0,-63,94,78,63,-98,-18,-64,62,1,0,0,0
313848826,4,91,109,97,118,108,105,110,107,93,32,117,111,114,98,32,61,62,32,109,97,118,108,105,110,107,32,45,109,101,115,115,97,103,101,32,115,101,110,116,46,0,0,0,86,-14,-76,18,0,0,0,0,93,21,11,8,32,0,0,0,47,0,0,0,-99,-14,-76,18,0,0,0,0,68,11,77,-63,-36,-96,-66,66,-128,111,2,32,-96,82,-44,-67,1,0,0,0,-96,36,1,32,32,-56,2,32,-16,0,0,0,91,118,40,0,0,0,0,0,86,-14,-76,18,0,0,0,0,-88,-7,2,32,1,0,0,0
316509963,4,91,109,97,118,108,105,110,107,93,32,117,111,114,98,32,61,62,32,109,97,118,108,105,110,107,32,45,109,101,115,115,97,103,101,32,115,101,110,116,46,0,0,0,0,0,0,0,0,0,0,0,0,0,0,0,1,0,0,0,113,1,0,0,0,106,-35,18,0,0,0,0,-88,-7,2,32,-128,-101,0,8,-128,111,2,32,0,0,0,97,34,0,0,0,108,-79,83,63,-41,105,-123,60,33,-94,21,-67,115,-33,75,61,-35,-4,110,-67,72,-81,-68,-102,-14,-41,122,62,0,0,0,0,1,0,0,0
319155830,4,91,109,97,118,108,105,110,107,93,32,117,111,114,98,32,61,62,32,109,97,118,108,105,110,107,32,45,109,101,115,115,97,103,101,32,115,101,110,116,46,0,0,0,-97,-19,5,19,0,0,0,0,93,21,11,8,32,0,0,0,47,0,0,0,-21,-19,5,19,0,0,0,0,-12,79,78,-63,13,-98,-66,66,-128,111,2,32,0,-88,-26,-69,1,0,0,0,-96,36,1,32,32,-56,2,32,-16,0,0,0,-10,116,40,0,0,0,0,0,-97,-19,5,19,0,0,0,0,-88,-7,2,32,1,0,0,0
321812612,4,91,109,97,118,108,105,110,107,93,32,117,111,114,98,32,61,62,32,109,97,118,108,105,110,107,32,45,109,101,115,115,97,103,101,32,115,101,110,116,46,0,0,0,-73,119,46,19,0,0,0,0,93,21,11,8,32,0,0,0,47,0,0,0,-3,119,46,19,0,0,0,0,-119,-90,78,-63,76,-88,-66,66,-128,111,2,32,0,71,-62,-69,1,0,0,0,-96,36,1,32,32,-56,2,32,-16,0,0,0,-73,-128,40,0,0,0,0,0,-73,119,46,19,0,0,0,0,-88,-7,2,32,1,0,0,0
324471828,4,91,109,97,118,108,105,110,107,93,32,117,111,114,98,32,61,62,32,109,97,118,108,105,110,107,32,45,109,101,115,115,97,103,101,32,115,101,110,116,46,0,0,0,118,10,87,19,0,0,0,0,93,21,11,8,32,0,0,0,47,0,0,0,-6,10,87,19,0,0,0,0,73,-86,79,-63,-8,62,-66,66,-128,111,2,32,120,-72,88,-66,1,0,0,0,-96,36,1,32,32,-56,2,32,-16,0,0,0,31,-107,40,0,0,0,0,0,118,10,87,19,0,0,0,0,-88,-7,2,32,1,0,0,0
327125811,4,91,109,97,118,108,105,110,107,93,32,117,111,114,98,32,61,62,32,109,97,118,108,105,110,107,32,45,109,101,115,115,97,103,101,32,115,101,110,116,46,0,0,0,52,-118,127,19,0,0,0,0,93,21,11,8,32,0,0,0,47,0,0,0,123,-118,127,19,0,0,0,0,-33,0,80,-63,97,45,-66,66,-128,111,2,32,-40,-25,123,-66,1,0,0,0,-96,36,1,32,32,-56,2,32,-16,0,0,0,-122,-106,40,0,0,0,0,0,52,-118,127,19,0,0,0,0,-88,-7,2,32,1,0,0,0
329776613,4,91,109,97,118,108,105,110,107,93,32,117,111,114,98,32,61,62,32,109,97,118,108,105,110,107,32,45,109,101,115,115,97,103,101,32,115,101,110,116,46,0,0,0,23,-3,-89,19,0,0,0,0,93,21,11,8,32,0,0,0,47,0,0,0,92,-3,-89,19,0,0,0,0,98,107,68,-63,-61,-111,-65,66,-128,111,2,32,110,110,-26,62,1,0,0,0,-96,36,1,32,32,-56,2,32,-16,0,0,0,18,-117,40,0,0,0,0,0,23,-3,-89,19,0,0,0,0,-88,-7,2,32,1,0,0,0
332432819,4,91,109,97,118,108,105,110,107,93,32,117,111,114,98,32,61,62,32,109,97,118,108,105,110,107,32,45,109,101,115,115,97,103,101,32,115,101,110,116,46,0,0,0,87,-124,-48,19,0,0,0,0,93,21,11,8,32,0,0,0,47,0,0,0,-97,-124,-48,19,0,0,0,0,-22,101,55,-63,90,-19,-64,66,-128,111,2,32,-128,-65,-31,60,1,0,0,0,-96,36,1,32,32,-56,2,32,-16,0,0,0,-5,-109,40,0,0,0,0,0,87,-124,-48,19,0,0,0,0,-88,-7,2,32,1,0,0,0
335083780,4,91,109,97,118,108,105,110,107,93,32,117,111,114,98,32,61,62,32,109,97,118,108,105,110,107,32,45,109,101,115,115,97,103,101,32,115,101,110,116,46,0,0,0,-30,-9,-8,19,0,0,0,0,93,21,11,8,32,0,0,0,47,0,0,0,41,-8,-8,19,0,0,0,0,-58,87,57,-63,-78,-35,-64,66,-128,111,2,32,72,12,-103,-68,1,0,0,0,-96,36,1,32,32,-56,2,32,-16,0,0,0,47,-119,40,0,0,0,0,0,-30,-9,-8,19,0,0,0,0,-88,-7,2,32,1,0,0,0
337732387,4,91,109,97,118,108,105,110,107,93,32,117,111,114,98,32,61,62,32,109,97,118,108,105,110,107,32,45,109,101,115,115,97,103,101,32,115,101,110,116,46,0,0,0,93,98,33,20,0,0,0,0,93,21,11,8,32,0,0,0,47,0,0,0,-98,98,33,20,0,0,0,0,-58,87,57,-63,126,9,-63,66,-128,111,2,32,0,0,0,0,1,0,0,0,-96,36,1,32,32,-56,2,32,-16,0,0,0,83,117,40,0,0,0,0,0,93,98,33,20,0,0,0,0,-88,-7,2,32,1,0,0,0
340388895,4,91,109,97,118,108,105,110,107,93,32,117,111,114,98,32,61,62,32,109,97,118,108,105,110,107,32,45,109,101,115,115,97,103,101,32,115,101,110,116,46,0,0,0,-96,-22,73,20,0,0,0,0,93,21,11,8,32,0,0,0,47,0,0,0,-23,-22,73,20,0,0,0,0,27,-78,58,-63,-33,0,-63,66,-128,111,2,32,-128,113,71,-69,1,0,0,0,-96,36,1,32,32,-56,2,32,-16,0,0,0,63,127,40,0,0,0,0,0,-96,-22,73,20,0,0,0,0,-88,-7,2,32,1,0,0,0
343047706,4,91,109,97,118,108,105,110,107,93,32,117,111,114,98,32,61,62,32,109,97,118,108,105,110,107,32,45,109,101,115,115,97,103,101,32,115,101,110,116,46,0,0,0,86,122,114,20,0,0,0,0,93,21,11,8,32,0,0,0,47,0,0,0,-67,122,114,20,0,0,0,0,91,-67,61,-63,-100,-71,-64,66,-128,111,2,32,32,-69,-117,-68,1,0,0,0,-96,36,1,32,32,-56,2,32,-16,0,0,0,-98,-112,40,0,0,0,0,0,86,122,114,20,0,0,0,0,-88,-7,2,32,1,0,0,0
345701778,4,91,109,97,118,108,105,110,107,93,32,117,111,114,98,32,61,62,32,109,97,118,108,105,110,107,32,45,109,101,115,115,97,103,101,32,115,101,110,116,46,0,0,0,-63,94,78,63,-98,-18,-64,62,87,126,40,0,17,0,0,32,47,0,0,0,-35,-4,-102,20,0,0,0,0,-31,84,62,-63,-98,-114,-64,66,-128,111,2,32,-128,38,-87,59,1,0,0,0,-96,36,1,32,32,-56,2,32,-16,0,0,0,16,-108,40,0,0,0,0,0,31,-4,-102,20,0,0,0,0,-88,-7,2,32,1,0,0,0
348354712,4,91,109,97,118,108,105,110,107,93,32,117,111,114,98,32,61,62,32,109,97,118,108,105,110,107,32,45,109,101,115,115,97,103,101,32,115,101,110,116,46,0,0,0,-116,119,-61,20,0,0,0,0,93,21,11,8,32,0,0,0,47,0,0,0,-49,119,-61,20,0,0,0,0,91,-67,61,-63,-67,124,-64,66,-128,111,2,32,-96,-54,-13,-68,1,0,0,0,-96,36,1,32,32,-56,2,32,-16,0,0,0,38,-111,40,0,0,0,0,0,-116,119,-61,20,0,0,0,0,-88,-7,2,32,1,0,0,0
351003610,4,91,109,97,118,108,105,110,107,93,32,117,111,114,98,32,61,62,32,109,97,118,108,105,110,107,32,45,109,101,115,115,97,103,101,32,115,101,110,116,46,0,0,0,14,-29,-21,20,0,0,0,0,93,21,11,8,32,0,0,0,47,0,0,0,84,-29,-21,20,0,0,0,0,49,16,61,-63,113,121,-64,66,-128,111,2,32,-64,62,20,-67,1,0,0,0,-96,36,1,32,32,-56,2,32,-16,0,0,0,81,126,40,0,0,0,0,0,14,-29,-21,20,0,0,0,0,-88,-7,2,32,1,0,0,0
353661646,4,91,109,97,118,108,105,110,107,93,32,117,111,114,98,32,61,62,32,109,97,118,108,105,110,107,32,45,109,101,115,115,97,103,101,32,115,101,110,116,46,0,0,0,-5,113,20,21,0,0,0,0,93,21,11,8,32,0,0,0,47,0,0,0,67,114,20,21,0,0,0,0,6,99,60,-63,29,-93,-64,66,-128,111,2,32,0,5,27,-69,1,0,0,0,-96,36,1,32,32,-56,2,32,-16,0,0,0,-25,-114,40,0,0,0,0,0,-5,113,20,21,0,0,0,0,-88,-7,2,32,1,0,0,0
356314857,4,91,109,97,118,108,105,110,107,93,32,117,111,114,98,32,61,62,32,109,97,118,108,105,110,107,32,45,109,101,115,115,97,103,101,32,115,101,110,116,46,0,0,0,102,-19,60,21,0,0,0,0,93,21,11,8,32,0,0,0,47,0,0,0,-83,-19,60,21,0,0,0,0,-57,102,61,-63,-51,-41,-64,66,-128,111,2,32,-68,87,62,61,1,0,0,0,-96,36,1,32,32,-56,2,32,-16,0,0,0,-5,-117,40,0,0,0,0,0,102,-19,60,21,0,0,0,0,-88,-7,2,32,1,0,0,0
358965743,4,91,109,97,118,108,105,110,107,93,32,117,111,114,98,32,61,62,32,109,97,118,108,105,110,107,32,45,109,101,115,115,97,103,101,32,115,101,110,116,46,0,0,0,-16,96,101,21,0,0,0,0,93,21,11,8,32,0,0,0,47,0,0,0,54,97,101,21,0,0,0,0,-15,4,58,-63,58,-19,-64,66,-128,111,2,32,-24,21,-106,60,1,0,0,0,-96,36,1,32,32,-56,2,32,-16,0,0,0,46,-127,40,0,0,0,0,0,-16,96,101,21,0,0,0,0,-88,-7,2,32,1,0,0,0
361623681,4,91,109,97,118,108,105,110,107,93,32,117,111,114,98,32,61,62,32,109,97,118,108,105,110,107,32,45,109,101,115,115,97,103,101,32,115,101,110,116,46,0,0,0,110,-17,-115,21,0,0,0,0,93,21,11,8,32,0,0,0,47,0,0,0,-79,-17,-115,21,0,0,0,0,-58,87,57,-63,-49,3,-63,66,-128,111,2,32,100,-77,127,61,1,0,0,0,-96,36,1,32,32,-56,2,32,-16,0,0,0,85,-111,40,0,0,0,0,0,110,-17,-115,21,0,0,0,0,-88,-7,2,32,1,0,0,0
364279770,4,91,109,97,118,108,105,110,107,93,32,117,111,114,98,32,61,62,32,109,97,118,108,105,110,107,32,45,109,101,115,115,97,103,101,32,115,101,110,116,46,0,0,0,112,118,-74,21,0,0,0,0,93,21,11,8,32,0,0,0,47,0,0,0,77,119,-74,21,0,0,0,0,-36,-75,59,-63,38,10,-63,66,-128,111,2,32,80,52,-103,61,1,0,0,0,-96,36,1,32,32,-56,2,32,-16,0,0,0,0,-102,40,0,0,0,0,0,112,118,-74,21,0,0,0,0,-88,-7,2,32,1,0,0,0
366931759,4,91,109,97,118,108,105,110,107,93,32,117,111,114,98,32,61,62,32,109,97,118,108,105,110,107,32,45,109,101,115,115,97,103,101,32,115,101,110,116,46,0,0,0,-13,-19,-34,21,0,0,0,0,93,21,11,8,32,0,0,0,47,0,0,0,-92,-18,-34,21,0,0,0,0,-15,4,58,-63,-123,6,-63,66,-128,111,2,32,-80,-82,-118,61,1,0,0,0,-96,36,1,32,32,-56,2,32,-16,0,0,0,44,-109,40,0,0,0,0,0,-13,-19,-34,21,0,0,0,0,-88,-7,2,32,1,0,0,0
369583992,4,91,109,97,118,108,105,110,107,93,32,117,111,114,98,32,61,62,32,109,97,118,108,105,110,107,32,45,109,101,115,115,97,103,101,32,115,101,110,116,46,0,0,0,-96,101,7,22,0,0,0,0,93,21,11,8,32,0,0,0,47,0,0,0,-97,102,7,22,0,0,0,0,-15,19,62,-63,52,-6,-64,66,-128,111,2,32,-90,-55,26,-67,1,0,0,0,-96,36,1,32,32,-56,2,32,-16,0,0,0,-126,-116,40,0,0,0,0,0,-96,101,7,22,0,0,0,0,-88,-7,2,32,1,0,0,0
372234818,4,91,109,97,118,108,105,110,107,93,32,117,111,114,98,32,61,62,32,109,97,118,108,105,110,107,32,45,109,101,115,115,97,103,101,32,115,101,110,116,46,0,0,0,40,-111,0,0,-88,-7,2,32,-128,-101,0,8,80,-47,19,8,0,0,0,97,26,1,0,0,107,118,90,62,-41,105,-123,60,33,-94,21,-67,-128,111,2,32,7,73,111,-67,72,-81,-68,-102,-14,-41,122,62,0,0,0,0,0,0,0,0,0,0,0,0,0,0,-16,65,0,0,0,0,-63,94,78,63,-98,-18,-64,62,1,0,0,0
374889710,4,91,109,97,118,108,105,110,107,93,32,117,111,114,98,32,61,62,32,109,97,118,108,105,110,107,32,45,109,101,115,115,97,103,101,32,115,101,110,116,46,0,0,0,28,92,88,22,0,0,0,0,93,21,11,8,32,0,0,0,47,0,0,0,97,92,88,22,0,0,0,0,107,109,57,-63,-108,-15,-64,66,-128,111,2,32,-42,-58,95,-67,1,0,0,0,-96,36,1,32,32,-56,2,32,-16,0,0,0,80,-122,40,0,0,0,0,0,28,92,88,22,0,0,0,0,-88,-7,2,32,1,0,0,0
377539867,4,91,109,97,118,108,105,110,107,93,32,117,111,114,98,32,61,62,32,109,97,118,108,105,110,107,32,45,109,101,115,115,97,103,101,32,115,101,110,116,46,0,0,0,-104,-53,-128,22,0,0,0,0,93,21,11,8,32,0,0,0,47,0,0,0,-35,-53,-128,22,0,0,0,0,-116,9,65,-63,-101,-87,-64,66,-128,111,2,32,-48,99,-62,-68,1,0,0,0,-96,36,1,32,32,-56,2,32,-16,0,0,0,117,119,40,0,0,0,0,0,-104,-53,-128,22,0,0,0,0,-88,-7,2,32,1,0,0,0
380200969,4,91,109,97,118,108,105,110,107,93,32,117,111,114,98,32,61,62,32,109,97,118,108,105,110,107,32,45,109,101,115,115,97,103,101,32,115,101,110,116,46,0,0,0,0,103,-87,22,0,0,0,0,93,21,11,8,32,0,0,0,47,0,0,0,69,103,-87,22,0,0,0,0,-100,-71,60,-63,-4,-34,-64,66,-128,111,2,32,0,-5,48,-70,1,0,0,0,-96,36,1,32,32,-56,2,32,-16,0,0,0,-122,-108,40,0,0,0,0,0,0,103,-87,22,0,0,0,0,-88,-7,2,32,1,0,0,0
382853651,4,91,109,97,118,108,105,110,107,93,32,117,111,114,98,32,61,62,32,109,97,118,108,105,110,107,32,45,109,101,115,115,97,103,101,32,115,101,110,116,46,0,0,0,69,-31,-47,22,0,0,0,0,93,21,11,8,32,0,0,0,47,0,0,0,-119,-31,-47,22,0,0,0,0,-95,88,63,-63,110,-27,-64,66,-128,111,2,32,-72,45,-106,60,1,0,0,0,-96,36,1,32,32,-56,2,32,-16,0,0,0,116,-112,40,0,0,0,0,0,69,-31,-47,22,0,0,0,0,-88,-7,2,32,1,0,0,0
385507742,4,91,109,97,118,108,105,110,107,93,32,117,111,114,98,32,61,62,32,109,97,118,108,105,110,107,32,45,109,101,115,115,97,103,101,32,115,101,110,116,46,0,0,0,-90,96,-6,22,0,0,0,0,93,21,11,8,32,0,0,0,47,0,0,0,-19,96,-6,22,0,0,0,0,28,-63,62,-63,-36,-90,-64,66,-128,111,2,32,0,-70,57,-69,1,0,0,0,-96,36,1,32,32,-56,2,32,-16,0,0,0,126,-111,40,0,0,0,0,0,-90,96,-6,22,0,0,0,0,-88,-7,2,32,1,0,0,0
388159686,4,91,109,97,118,108,105,110,107,93,32,117,111,114,98,32,61,62,32,109,97,118,108,105,110,107,32,45,109,101,115,115,97,103,101,32,115,101,110,116,46,0,0,0,-14,-41,34,23,0,0,0,0,93,21,11,8,32,0,0,0,47,0,0,0,59,-40,34,23,0,0,0,0,68,11,77,-63,-115,-6,-66,66,-128,111,2,32,-108,100,36,-65,1,0,0,0,-96,36,1,32,32,-56,2,32,-16,0,0,0,115,-118,40,0,0,0,0,0,-14,-41,34,23,0,0,0,0,-88,-7,2,32,1,0,0,0
390808795,4,91,109,97,118,108,105,110,107,93,32,117,111,114,98,32,61,62,32,109,97,118,108,105,110,107,32,45,109,101,115,115,97,103,101,32,115,101,110,116,46,0,0,0,-24,67,75,23,0,0,0,0,93,21,11,8,32,0,0,0,47,0,0,0,46,68,75,23,0,0,0,0,-125,7,76,-63,39,-85,-66,66,-128,111,2,32,-128,34,-64,-68,1,0,0,0,-96,36,1,32,32,-56,2,32,-16,0,0,0,18,120,40,0,0,0,0,0,-24,67,75,23,0,0,0,0,-88,-7,2,32,1,0,0,0
