timestamp,nav_state_timestamp,failsafe_timestamp,armed_time,takeoff_time,onboard_control_sensors_present,onboard_control_sensors_enabled,onboard_control_sensors_health,nav_state,arming_state,hil_state,failsafe,system_type,system_id,component_id,vehicle_type,is_vtol,is_vtol_tailsitter,vtol_fw_permanent_stab,in_transition_mode,in_transition_to_fw,rc_signal_lost,rc_input_mode,data_link_lost,data_link_lost_counter,high_latency_data_link_lost,engine_failure,mission_failure,geofence_violated,failure_detector_status,latest_arming_reason,latest_disarming_reason
757570,753117,0,0,0,2097192,65548,40,0,1,0,0,2,1,1,1,0,0,0,0,0,1,0,1,0,0,0,0,0,0,0,0
1258939,753117,0,0,0,304119848,302088204,32811,0,1,0,0,2,1,1,1,0,0,0,0,0,1,0,1,0,0,0,0,0,0,0,0
1759811,753117,0,0,0,304644140,302088204,557103,0,1,0,0,2,1,1,1,0,0,0,0,0,1,0,1,0,0,0,0,0,0,0,0
1938464,753117,0,0,0,304644140,304185356,2654223,0,1,0,0,2,1,1,1,0,0,0,0,0,1,0,0,0,0,0,0,0,0,0,0
2446485,753117,0,0,0,304644140,304185356,2654223,0,1,0,0,2,1,1,1,0,0,0,0,0,1,0,0,0,0,0,0,0,0,0,0
2950630,753117,0,0,0,304644140,304185356,2654223,0,1,0,0,2,1,1,1,0,0,0,0,0,1,0,0,0,0,0,0,0,0,0,0
3455159,753117,0,0,0,304644140,304185356,2654223,0,1,0,0,2,1,1,1,0,0,0,0,0,1,0,0,0,0,0,0,0,0,0,0
3964056,753117,0,0,0,304644140,304185356,2654223,0,1,0,0,2,1,1,1,0,0,0,0,0,1,0,0,0,0,0,0,0,0,0,0
4471500,753117,0,0,0,304644140,304185356,2654223,0,1,0,0,2,1,1,1,0,0,0,0,0,1,0,0,0,0,0,0,0,0,0,0
4978472,753117,0,0,0,304644140,304185356,2654223,0,1,0,0,2,1,1,1,0,0,0,0,0,1,0,0,0,0,0,0,0,0,0,0
5485822,753117,0,0,0,304644140,304185356,2654223,0,1,0,0,2,1,1,1,0,0,0,0,0,1,0,0,0,0,0,0,0,0,0,0
5995917,753117,0,0,0,304644140,304185356,3047436,0,1,0,0,2,1,1,1,0,0,0,0,0,1,0,0,0,0,0,0,0,0,0,0
6496480,753117,0,0,0,304644140,304185356,3047436,0,1,0,0,2,1,1,1,0,0,0,0,0,1,0,0,0,0,0,0,0,0,0,0
7006529,753117,0,0,0,304644140,304185356,3047436,0,1,0,0,2,1,1,1,0,0,0,0,0,1,0,0,0,0,0,0,0,0,0,0
7517512,753117,0,0,0,304644140,304185356,3047436,0,1,0,0,2,1,1,1,0,0,0,0,0,1,0,0,0,0,0,0,0,0,0,0
8027479,753117,0,0,0,304644140,304185356,3047436,0,1,0,0,2,1,1,1,0,0,0,0,0,1,0,0,0,0,0,0,0,0,0,0
8530928,753117,0,0,0,304644140,304185356,3047436,0,1,0,0,2,1,1,1,0,0,0,0,0,1,0,0,0,0,0,0,0,0,0,0
9031456,753117,0,0,0,304644140,304185356,3047436,0,1,0,0,2,1,1,1,0,0,0,0,0,1,0,0,0,0,0,0,0,0,0,0
9541526,753117,0,0,0,304644140,304185356,3047436,0,1,0,0,2,1,1,1,0,0,0,0,0,1,0,0,0,0,0,0,0,0,0,0
10050689,753117,0,0,0,304644140,304185356,3047436,0,1,0,0,2,1,1,1,0,0,0,0,0,1,0,0,0,0,0,0,0,0,0,0
11066850,753117,0,0,0,304644140,304185356,3047436,0,1,0,0,2,1,1,1,0,0,0,0,0,1,0,0,0,0,0,0,0,0,0,0
11567540,753117,0,0,0,304644140,304185356,3047436,0,1,0,0,2,1,1,1,0,0,0,0,0,1,0,0,0,0,0,0,0,0,0,0
12070623,753117,0,0,0,304644140,304185356,3047436,0,1,0,0,2,1,1,1,0,0,0,0,0,1,0,0,0,0,0,0,0,0,0,0
12574480,753117,0,0,0,304644140,304185356,3047436,0,1,0,0,2,1,1,1,0,0,0,0,0,1,0,0,0,0,0,0,0,0,0,0
13084129,753117,0,0,0,304644140,304185356,3047436,0,1,0,0,2,1,1,1,0,0,0,0,0,1,0,0,0,0,0,0,0,0,0,0
13591764,753117,0,0,0,304644140,304185356,3047436,0,1,0,0,2,1,1,1,0,0,0,0,0,1,0,0,0,0,0,0,0,0,0,0
14100980,753117,0,0,0,304644140,304185356,3047436,0,1,0,0,2,1,1,1,0,0,0,0,0,1,0,0,0,0,0,0,0,0,0,0
14612583,753117,0,0,0,304644140,304185356,3047436,0,1,0,0,2,1,1,1,0,0,0,0,0,1,0,0,0,0,0,0,0,0,0,0
15119764,753117,0,0,0,304644140,304185356,3047436,0,1,0,0,2,1,1,1,0,0,0,0,0,1,0,0,0,0,0,0,0,0,0,0
15626575,753117,0,0,0,304644140,304185356,3047436,0,1,0,0,2,1,1,1,0,0,0,0,0,1,0,0,0,0,0,0,0,0,0,0
16137732,753117,0,0,0,304644140,304185356,3047436,0,1,0,0,2,1,1,1,0,0,0,0,0,1,0,0,0,0,0,0,0,0,0,0
16647620,753117,0,0,0,304644140,304185356,3047436,0,1,0,0,2,1,1,1,0,0,0,0,0,1,0,0,0,0,0,0,0,0,0,0
17148014,753117,0,0,0,304644140,304185356,3047436,0,1,0,0,2,1,1,1,0,0,0,0,0,1,0,0,0,0,0,0,0,0,0,0
17654537,753117,0,0,0,304644140,304185356,3047436,0,1,0,0,2,1,1,1,0,0,0,0,0,1,0,0,0,0,0,0,0,0,0,0
18164479,753117,0,0,0,304644140,304185356,3047436,0,1,0,0,2,1,1,1,0,0,0,0,0,1,0,0,0,0,0,0,0,0,0,0
18673682,753117,0,0,0,304644140,304185356,3047436,0,1,0,0,2,1,1,1,0,0,0,0,0,1,0,0,0,0,0,0,0,0,0,0
19183098,753117,0,0,0,304644140,304185356,3047436,0,1,0,0,2,1,1,1,0,0,0,0,0,1,0,0,0,0,0,0,0,0,0,0
19693482,753117,0,0,0,304644140,304185356,3047436,0,1,0,0,2,1,1,1,0,0,0,0,0,1,0,0,0,0,0,0,0,0,0,0
20195611,753117,0,0,0,304644140,304185356,3047436,0,1,0,0,2,1,1,1,0,0,0,0,0,1,0,0,0,0,0,0,0,0,0,0
20698545,753117,0,0,0,304644140,304185356,3047436,0,1,0,0,2,1,1,1,0,0,0,0,0,1,0,0,0,0,0,0,0,0,0,0
21206499,753117,0,0,0,304644140,304185356,3047436,0,1,0,0,2,1,1,1,0,0,0,0,0,1,0,0,0,0,0,0,0,0,0,0
21713515,753117,0,0,0,304644140,304185356,3047436,0,1,0,0,2,1,1,1,0,0,0,0,0,1,0,0,0,0,0,0,0,0,0,0
22220777,753117,0,0,0,304644140,304185356,3047436,0,1,0,0,2,1,1,1,0,0,0,0,0,1,0,0,0,0,0,0,0,0,0,0
22722548,753117,0,0,0,304644140,304185356,3047436,0,1,0,0,2,1,1,1,0,0,0,0,0,1,0,0,0,0,0,0,0,0,0,0
23234902,753117,0,0,0,304644140,304185356,3047436,0,1,0,0,2,1,1,1,0,0,0,0,0,1,0,0,0,0,0,0,0,0,0,0
23738618,753117,0,0,0,304644140,304185356,3047436,0,1,0,0,2,1,1,1,0,0,0,0,0,1,0,0,0,0,0,0,0,0,0,0
24246505,753117,0,0,0,304644140,304185356,3047436,0,1,0,0,2,1,1,1,0,0,0,0,0,1,0,0,0,0,0,0,0,0,0,0
24755793,753117,0,0,0,304644140,304185356,3047436,0,1,0,0,2,1,1,1,0,0,0,0,0,1,0,0,0,0,0,0,0,0,0,0
25259592,753117,0,0,0,304644140,304185356,3047436,0,1,0,0,2,1,1,1,0,0,0,0,0,1,0,0,0,0,0,0,0,0,0,0
25768426,753117,0,0,0,304644140,304185356,3047436,0,1,0,0,2,1,1,1,0,0,0,0,0,1,0,0,0,0,0,0,0,0,0,0
26268687,753117,0,0,0,304644140,304185356,3047436,0,1,0,0,2,1,1,1,0,0,0,0,0,1,0,0,0,0,0,0,0,0,0,0
26775523,753117,0,0,0,304644140,304185356,3047436,0,1,0,0,2,1,1,1,0,0,0,0,0,1,0,0,0,0,0,0,0,0,0,0
27286504,753117,0,0,0,304644140,304185356,3047436,0,1,0,0,2,1,1,1,0,0,0,0,0,1,0,0,0,0,0,0,0,0,0,0
27796481,753117,0,0,0,304644140,304185356,3047436,0,1,0,0,2,1,1,1,0,0,0,0,0,1,0,0,0,0,0,0,0,0,0,0
28297550,753117,0,0,0,304644140,304185356,3047436,0,1,0,0,2,1,1,1,0,0,0,0,0,1,0,0,0,0,0,0,0,0,0,0
28803332,753117,0,0,0,304644140,304185356,3047436,0,1,0,0,2,1,1,1,0,0,0,0,0,1,0,0,0,0,0,0,0,0,0,0
29303480,753117,0,0,0,304644140,304185356,3047436,0,1,0,0,2,1,1,1,0,0,0,0,0,1,0,0,0,0,0,0,0,0,0,0
29804480,753117,0,0,0,304644140,304185356,3047436,0,1,0,0,2,1,1,1,0,0,0,0,0,1,0,0,0,0,0,0,0,0,0,0
30314654,753117,0,0,0,304644140,304185356,3047436,0,1,0,0,2,1,1,1,0,0,0,0,0,1,0,0,0,0,0,0,0,0,0,0
30819041,753117,0,0,0,304644140,304185356,3047436,0,1,0,0,2,1,1,1,0,0,0,0,0,1,0,0,0,0,0,0,0,0,0,0
31323543,753117,0,0,0,304644140,304185356,3047436,0,1,0,0,2,1,1,1,0,0,0,0,0,1,0,0,0,0,0,0,0,0,0,0
31834489,753117,0,0,0,304644140,304185356,3047436,0,1,0,0,2,1,1,1,0,0,0,0,0,1,0,0,0,0,0,0,0,0,0,0
32334500,753117,0,0,0,304644140,304185356,3047436,0,1,0,0,2,1,1,1,0,0,0,0,0,1,0,0,0,0,0,0,0,0,0,0
32845322,753117,0,0,0,304644140,304185356,3047436,0,1,0,0,2,1,1,1,0,0,0,0,0,1,0,0,0,0,0,0,0,0,0,0
33352841,753117,0,0,0,304644140,304185356,3047436,0,1,0,0,2,1,1,1,0,0,0,0,0,1,0,0,0,0,0,0,0,0,0,0
33856768,753117,0,0,0,304644140,304185356,3047436,0,1,0,0,2,1,1,1,0,0,0,0,0,1,0,0,0,0,0,0,0,0,0,0
34367597,753117,0,0,0,304644140,304185356,3047436,0,1,0,0,2,1,1,1,0,0,0,0,0,1,0,0,0,0,0,0,0,0,0,0
34873886,753117,0,0,0,304644140,304185356,3047436,0,1,0,0,2,1,1,1,0,0,0,0,0,1,0,0,0,0,0,0,0,0,0,0
35381656,753117,0,0,0,304644140,304185356,3047436,0,1,0,0,2,1,1,1,0,0,0,0,0,1,0,0,0,0,0,0,0,0,0,0
35887520,753117,0,0,0,304644140,304185356,3047436,0,1,0,0,2,1,1,1,0,0,0,0,0,1,0,0,0,0,0,0,0,0,0,0
36388101,753117,0,0,0,304644140,304185356,3047436,0,1,0,0,2,1,1,1,0,0,0,0,0,1,0,0,0,0,0,0,0,0,0,0
36891594,753117,0,0,0,304644140,304185356,3047436,0,1,0,0,2,1,1,1,0,0,0,0,0,1,0,0,0,0,0,0,0,0,0,0
37403711,753117,0,0,0,304644140,304185356,3047436,0,1,0,0,2,1,1,1,0,0,0,0,0,1,0,0,0,0,0,0,0,0,0,0
37910740,753117,0,0,0,304644140,304185356,3047436,0,1,0,0,2,1,1,1,0,0,0,0,0,1,0,0,0,0,0,0,0,0,0,0
38411147,753117,0,0,0,304644140,304185356,3047436,0,1,0,0,2,1,1,1,0,0,0,0,0,1,0,0,0,0,0,0,0,0,0,0
38911477,753117,0,0,0,304644140,304185356,3047436,0,1,0,0,2,1,1,1,0,0,0,0,0,1,0,0,0,0,0,0,0,0,0,0
39420688,753117,0,0,0,304644140,304185356,3047436,0,1,0,0,2,1,1,1,0,0,0,0,0,1,0,0,0,0,0,0,0,0,0,0
39923519,753117,0,0,0,304644140,304185356,3047436,0,1,0,0,2,1,1,1,0,0,0,0,0,1,0,0,0,0,0,0,0,0,0,0
40426478,753117,0,0,0,304644140,304185356,3047436,0,1,0,0,2,1,1,1,0,0,0,0,0,1,0,0,0,0,0,0,0,0,0,0
40929480,753117,0,0,0,304644140,304185356,3047436,0,1,0,0,2,1,1,1,0,0,0,0,0,1,0,0,0,0,0,0,0,0,0,0
41438054,753117,0,0,0,304644140,304185356,3047436,0,1,0,0,2,1,1,1,0,0,0,0,0,1,0,0,0,0,0,0,0,0,0,0
41947006,753117,0,0,0,304644140,304185356,3047436,0,1,0,0,2,1,1,1,0,0,0,0,0,1,0,0,0,0,0,0,0,0,0,0
42453716,753117,0,0,0,304644140,304185356,3047436,0,1,0,0,2,1,1,1,0,0,0,0,0,1,0,0,0,0,0,0,0,0,0,0
42961517,753117,0,0,0,304644140,304185356,3047436,0,1,0,0,2,1,1,1,0,0,0,0,0,1,0,0,0,0,0,0,0,0,0,0
43462517,753117,0,0,0,304644140,304185356,3047436,0,1,0,0,2,1,1,1,0,0,0,0,0,1,0,0,0,0,0,0,0,0,0,0
43971700,753117,0,0,0,304644140,304185356,3047436,0,1,0,0,2,1,1,1,0,0,0,0,0,1,0,0,0,0,0,0,0,0,0,0
44472601,753117,0,0,0,304644140,304185356,3047436,0,1,0,0,2,1,1,1,0,0,0,0,0,1,0,0,0,0,0,0,0,0,0,0
44982674,753117,0,0,0,304644140,304185356,3047436,0,1,0,0,2,1,1,1,0,0,0,0,0,1,0,0,0,0,0,0,0,0,0,0
45493603,753117,0,0,0,304644140,304185356,3047436,0,1,0,0,2,1,1,1,0,0,0,0,0,1,0,0,0,0,0,0,0,0,0,0
46003479,753117,0,0,0,304644140,304185356,3047436,0,1,0,0,2,1,1,1,0,0,0,0,0,1,0,0,0,0,0,0,0,0,0,0
46514069,753117,0,0,0,304644140,304185356,3047436,0,1,0,0,2,1,1,1,0,0,0,0,0,1,0,0,0,0,0,0,0,0,0,0
47014512,753117,0,0,0,304644140,304185356,3047436,0,1,0,0,2,1,1,1,0,0,0,0,0,1,0,0,0,0,0,0,0,0,0,0
47514533,753117,0,0,0,304644140,304185356,3047436,0,1,0,0,2,1,1,1,0,0,0,0,0,1,0,0,0,0,0,0,0,0,0,0
48020706,753117,0,0,0,304644140,304185356,3047436,0,1,0,0,2,1,1,1,0,0,0,0,0,1,0,0,0,0,0,0,0,0,0,0
48522157,753117,0,0,0,304644140,304185356,3047436,0,1,0,0,2,1,1,1,0,0,0,0,0,1,0,0,0,0,0,0,0,0,0,0
49028541,753117,0,0,0,304644140,304185356,3047436,0,1,0,0,2,1,1,1,0,0,0,0,0,1,0,0,0,0,0,0,0,0,0,0
49531476,753117,0,0,0,304644140,304185356,3047436,0,1,0,0,2,1,1,1,0,0,0,0,0,1,0,0,0,0,0,0,0,0,0,0
50035987,753117,0,0,0,304644140,304185356,3047436,0,1,0,0,2,1,1,1,0,0,0,0,0,1,0,0,0,0,0,0,0,0,0,0
50539482,753117,0,0,0,304644140,304185356,3047436,0,1,0,0,2,1,1,1,0,0,0,0,0,1,0,0,0,0,0,0,0,0,0,0
51048602,753117,0,0,0,304644140,304185356,3047436,0,1,0,0,2,1,1,1,0,0,0,0,0,1,0,0,0,0,0,0,0,0,0,0
51558550,753117,0,0,0,304644140,304185356,3047436,0,1,0,0,2,1,1,1,0,0,0,0,0,1,0,0,0,0,0,0,0,0,0,0
52069720,753117,0,0,0,304644140,304185356,3047436,0,1,0,0,2,1,1,1,0,0,0,0,0,1,0,0,0,0,0,0,0,0,0,0
52580950,753117,0,0,0,304644140,304185356,3047436,0,1,0,0,2,1,1,1,0,0,0,0,0,1,0,0,0,0,0,0,0,0,0,0
53587543,753117,0,0,0,304644140,304185356,3047436,0,1,0,0,2,1,1,1,0,0,0,0,0,1,0,0,0,0,0,0,0,0,0,0
54092550,753117,0,0,0,304644140,304185356,3047436,0,1,0,0,2,1,1,1,0,0,0,0,0,1,0,0,0,0,0,0,0,0,0,0
54595026,753117,0,0,0,304644140,304185356,3047436,0,1,0,0,2,1,1,1,0,0,0,0,0,1,0,0,0,0,0,0,0,0,0,0
55100667,753117,0,0,0,304644140,304185356,3047436,0,1,0,0,2,1,1,1,0,0,0,0,0,1,0,0,0,0,0,0,0,0,0,0
55608036,753117,0,0,0,304644140,304185356,3047436,0,1,0,0,2,1,1,1,0,0,0,0,0,1,0,0,0,0,0,0,0,0,0,0
56110603,753117,0,0,0,304644140,304185356,3047436,0,1,0,0,2,1,1,1,0,0,0,0,0,1,0,0,0,0,0,0,0,0,0,0
56620810,753117,0,0,0,304644140,304185356,3047436,0,1,0,0,2,1,1,1,0,0,0,0,0,1,0,0,0,0,0,0,0,0,0,0
57126480,753117,0,0,0,304644140,304185356,3047436,0,1,0,0,2,1,1,1,0,0,0,0,0,1,0,0,0,0,0,0,0,0,0,0
57633504,753117,0,0,0,304644140,304185356,3047436,0,1,0,0,2,1,1,1,0,0,0,0,0,1,0,0,0,0,0,0,0,0,0,0
58146009,753117,0,0,0,304644140,304185356,3047436,0,1,0,0,2,1,1,1,0,0,0,0,0,1,0,0,0,0,0,0,0,0,0,0
58652571,753117,0,0,0,304644140,304185356,3047436,0,1,0,0,2,1,1,1,0,0,0,0,0,1,0,0,0,0,0,0,0,0,0,0
59163496,753117,0,0,0,304644140,304185356,3047436,0,1,0,0,2,1,1,1,0,0,0,0,0,1,0,0,0,0,0,0,0,0,0,0
59665878,753117,0,0,0,304644140,304185356,3047436,0,1,0,0,2,1,1,1,0,0,0,0,0,1,0,0,0,0,0,0,0,0,0,0
60166077,753117,0,0,0,304644140,304185356,3047436,0,1,0,0,2,1,1,1,0,0,0,0,0,1,0,0,0,0,0,0,0,0,0,0
60673617,753117,0,0,0,304644140,304185356,3047436,0,1,0,0,2,1,1,1,0,0,0,0,0,1,0,0,0,0,0,0,0,0,0,0
61177599,753117,0,0,0,304644140,304185356,3047436,0,1,0,0,2,1,1,1,0,0,0,0,0,1,0,0,0,0,0,0,0,0,0,0
61677723,753117,0,0,0,304644140,304185356,3047436,0,1,0,0,2,1,1,1,0,0,0,0,0,1,0,0,0,0,0,0,0,0,0,0
62181482,753117,0,0,0,304644140,304185356,3047436,0,1,0,0,2,1,1,1,0,0,0,0,0,1,0,0,0,0,0,0,0,0,0,0
62690848,753117,0,0,0,304644140,304185356,3047436,0,1,0,0,2,1,1,1,0,0,0,0,0,1,0,0,0,0,0,0,0,0,0,0
63191035,753117,0,0,0,304644140,304185356,3047436,0,1,0,0,2,1,1,1,0,0,0,0,0,1,0,0,0,0,0,0,0,0,0,0
63696117,753117,0,0,0,304644140,304185356,3047436,0,1,0,0,2,1,1,1,0,0,0,0,0,1,0,0,0,0,0,0,0,0,0,0
64198620,753117,0,0,0,304644140,304185356,3047436,0,1,0,0,2,1,1,1,0,0,0,0,0,1,0,0,0,0,0,0,0,0,0,0
64707576,753117,0,0,0,304644140,304185356,3047436,0,1,0,0,2,1,1,1,0,0,0,0,0,1,0,0,0,0,0,0,0,0,0,0
65208887,753117,0,0,0,304644140,304185356,3047436,0,1,0,0,2,1,1,1,0,0,0,0,0,1,0,0,0,0,0,0,0,0,0,0
65711541,753117,0,0,0,304644140,304185356,3047436,0,1,0,0,2,1,1,1,0,0,0,0,0,1,0,0,0,0,0,0,0,0,0,0
66212146,753117,0,0,0,304644140,304185356,3047436,0,1,0,0,2,1,1,1,0,0,0,0,0,1,0,0,0,0,0,0,0,0,0,0
66719840,753117,0,0,0,304644140,304185356,3047436,0,1,0,0,2,1,1,1,0,0,0,0,0,1,0,0,0,0,0,0,0,0,0,0
67228506,753117,0,0,0,304644140,304185356,3047436,0,1,0,0,2,1,1,1,0,0,0,0,0,1,0,0,0,0,0,0,0,0,0,0
67742072,753117,0,0,0,304644140,304185356,3047436,0,1,0,0,2,1,1,1,0,0,0,0,0,1,0,0,0,0,0,0,0,0,0,0
68249438,753117,0,0,0,304644140,304185356,3047436,0,1,0,0,2,1,1,1,0,0,0,0,0,1,0,0,0,0,0,0,0,0,0,0
68752200,753117,0,0,0,304644140,304185356,3047436,0,1,0,0,2,1,1,1,0,0,0,0,0,1,0,0,0,0,0,0,0,0,0,0
69252547,753117,0,0,0,304644140,304185356,3047436,0,1,0,0,2,1,1,1,0,0,0,0,0,1,0,0,0,0,0,0,0,0,0,0
69762480,753117,0,0,0,304644140,304185356,3047436,0,1,0,0,2,1,1,1,0,0,0,0,0,1,0,0,0,0,0,0,0,0,0,0
70272481,753117,0,0,0,304644140,304185356,3047436,0,1,0,0,2,1,1,1,0,0,0,0,0,1,0,0,0,0,0,0,0,0,0,0
70774833,753117,0,0,0,304644140,304185356,3047436,0,1,0,0,2,1,1,1,0,0,0,0,0,1,0,0,0,0,0,0,0,0,0,0
71275622,753117,0,0,0,304644140,304185356,3047436,0,1,0,0,2,1,1,1,0,0,0,0,0,1,0,0,0,0,0,0,0,0,0,0
71775994,753117,0,0,0,304644140,304185356,3047436,0,1,0,0,2,1,1,1,0,0,0,0,0,1,0,0,0,0,0,0,0,0,0,0
72277479,753117,0,0,0,304644140,304185356,3047436,0,1,0,0,2,1,1,1,0,0,0,0,0,1,0,0,0,0,0,0,0,0,0,0
72780761,753117,0,0,0,304644140,304185356,3047436,0,1,0,0,2,1,1,1,0,0,0,0,0,1,0,0,0,0,0,0,0,0,0,0
73290671,753117,0,0,0,304644140,304185356,3047436,0,1,0,0,2,1,1,1,0,0,0,0,0,1,0,0,0,0,0,0,0,0,0,0
73799713,753117,0,0,0,304644140,304185356,3047436,0,1,0,0,2,1,1,1,0,0,0,0,0,1,0,0,0,0,0,0,0,0,0,0
74310019,753117,0,0,0,304644140,304185356,3047436,0,1,0,0,2,1,1,1,0,0,0,0,0,1,0,0,0,0,0,0,0,0,0,0
74821140,753117,0,0,0,304644140,304185356,3047468,0,1,0,0,2,1,1,1,0,0,0,0,0,1,0,0,0,0,0,0,0,0,0,0
75200923,75200919,0,0,0,304644140,304185356,3047468,4,1,0,0,2,1,1,1,0,0,0,0,0,1,0,0,0,0,0,0,0,0,0,0
75702844,75200919,0,0,0,304644140,304185356,3047468,4,1,0,0,2,1,1,1,0,0,0,0,0,1,0,0,0,0,0,0,0,0,0,0
76204608,75200919,0,0,0,304644140,304185356,3047468,4,1,0,0,2,1,1,1,0,0,0,0,0,1,0,0,0,0,0,0,0,0,0,0
76706500,75200919,0,0,0,304644140,304185356,3047468,4,1,0,0,2,1,1,1,0,0,0,0,0,1,0,0,0,0,0,0,0,0,0,0
77207124,75200919,0,0,0,304644140,304185356,3047468,4,1,0,0,2,1,1,1,0,0,0,0,0,1,0,0,0,0,0,0,0,0,0,0
77710699,75200919,0,0,0,304644140,304185356,3047468,4,1,0,0,2,1,1,1,0,0,0,0,0,1,0,0,0,0,0,0,0,0,0,0
78215700,75200919,0,0,0,304644140,304185356,3047468,4,1,0,0,2,1,1,1,0,0,0,0,0,1,0,0,0,0,0,0,0,0,0,0
78720632,75200919,0,0,0,304644140,304185356,3047468,4,1,0,0,2,1,1,1,0,0,0,0,0,1,0,0,0,0,0,0,0,0,0,0
79227071,75200919,0,0,0,304644140,304185356,3047468,4,1,0,0,2,1,1,1,0,0,0,0,0,1,0,0,0,0,0,0,0,0,0,0
79728504,75200919,0,0,0,304644140,304185356,3047468,4,1,0,0,2,1,1,1,0,0,0,0,0,1,0,0,0,0,0,0,0,0,0,0
80238583,75200919,0,0,0,304644140,304185356,3047468,4,1,0,0,2,1,1,1,0,0,0,0,0,1,0,0,0,0,0,0,0,0,0,0
80748839,75200919,0,0,0,304644140,304185356,3047468,4,1,0,0,2,1,1,1,0,0,0,0,0,1,0,0,0,0,0,0,0,0,0,0
81251397,75200919,0,0,0,304644140,304185356,3047468,4,1,0,0,2,1,1,1,0,0,0,0,0,1,0,0,0,0,0,0,0,0,0,0
81751475,75200919,0,0,0,304644140,304185356,3047468,4,1,0,0,2,1,1,1,0,0,0,0,0,1,0,0,0,0,0,0,0,0,0,0
82253351,75200919,0,0,0,304644140,304185356,3047468,4,1,0,0,2,1,1,1,0,0,0,0,0,1,0,0,0,0,0,0,0,0,0,0
82761513,75200919,0,0,0,304644140,304185356,3047468,4,1,0,0,2,1,1,1,0,0,0,0,0,1,0,0,0,0,0,0,0,0,0,0
83264313,75200919,0,0,0,304644140,304185356,3047468,4,1,0,0,2,1,1,1,0,0,0,0,0,1,0,0,0,0,0,0,0,0,0,0
83770749,75200919,0,0,0,304644140,304185356,3047468,4,1,0,0,2,1,1,1,0,0,0,0,0,1,0,0,0,0,0,0,0,0,0,0
84273852,75200919,0,0,0,304644140,304185356,3047468,4,1,0,0,2,1,1,1,0,0,0,0,0,1,0,0,0,0,0,0,0,0,0,0
84780865,75200919,0,0,0,304644140,304185356,3047468,4,1,0,0,2,1,1,1,0,0,0,0,0,1,0,0,0,0,0,0,0,0,0,0
85285696,75200919,0,0,0,304644140,304185356,3047468,4,1,0,0,2,1,1,1,0,0,0,0,0,1,0,0,0,0,0,0,0,0,0,0
85791006,75200919,0,0,0,304644140,304185356,3047468,4,1,0,0,2,1,1,1,0,0,0,0,0,1,0,0,0,0,0,0,0,0,0,0
86301515,75200919,0,0,0,304644140,304185356,3047468,4,1,0,0,2,1,1,1,0,0,0,0,0,1,0,0,0,0,0,0,0,0,0,0
86803015,75200919,0,0,0,304644140,304185356,3047468,4,1,0,0,2,1,1,1,0,0,0,0,0,1,0,0,0,0,0,0,0,0,0,0
87303524,75200919,0,0,0,304644140,304185356,3047468,4,1,0,0,2,1,1,1,0,0,0,0,0,1,0,0,0,0,0,0,0,0,0,0
87808502,75200919,0,0,0,304644140,304185356,3047468,4,1,0,0,2,1,1,1,0,0,0,0,0,1,0,0,0,0,0,0,0,0,0,0
88314514,75200919,0,0,0,304644140,304185356,3047468,4,1,0,0,2,1,1,1,0,0,0,0,0,1,0,0,0,0,0,0,0,0,0,0
88816089,75200919,0,0,0,304644140,304185356,3047468,4,1,0,0,2,1,1,1,0,0,0,0,0,1,0,0,0,0,0,0,0,0,0,0
89322773,75200919,0,0,0,304644140,304185356,3047468,4,1,0,0,2,1,1,1,0,0,0,0,0,1,0,0,0,0,0,0,0,0,0,0
89826562,75200919,0,0,0,304644140,304185356,3047468,4,1,0,0,2,1,1,1,0,0,0,0,0,1,0,0,0,0,0,0,0,0,0,0
90334718,75200919,0,0,0,304644140,304185356,3047468,4,1,0,0,2,1,1,1,0,0,0,0,0,1,0,0,0,0,0,0,0,0,0,0
90844708,75200919,0,0,0,304644140,304185356,3047468,4,1,0,0,2,1,1,1,0,0,0,0,0,1,0,0,0,0,0,0,0,0,0,0
91349610,75200919,0,0,0,304644140,304185356,3047468,4,1,0,0,2,1,1,1,0,0,0,0,0,1,0,0,0,0,0,0,0,0,0,0
91857614,75200919,0,0,0,304644140,304185356,3047468,4,1,0,0,2,1,1,1,0,0,0,0,0,1,0,0,0,0,0,0,0,0,0,0
92364209,75200919,0,0,0,304644140,304185356,3047468,4,1,0,0,2,1,1,1,0,0,0,0,0,1,0,0,0,0,0,0,0,0,0,0
92870748,75200919,0,0,0,304644140,304185356,3047468,4,1,0,0,2,1,1,1,0,0,0,0,0,1,0,0,0,0,0,0,0,0,0,0
93374909,75200919,0,0,0,304644140,304185356,3047468,4,1,0,0,2,1,1,1,0,0,0,0,0,1,0,0,0,0,0,0,0,0,0,0
93875807,75200919,0,0,0,304644140,304185356,3047468,4,1,0,0,2,1,1,1,0,0,0,0,0,1,0,0,0,0,0,0,0,0,0,0
94382675,75200919,0,0,0,304644140,304185356,3047468,4,1,0,0,2,1,1,1,0,0,0,0,0,1,0,0,0,0,0,0,0,0,0,0
94888330,75200919,0,0,0,304644140,304185356,3047468,4,1,0,0,2,1,1,1,0,0,0,0,0,1,0,0,0,0,0,0,0,0,0,0
95397428,75200919,0,0,0,304644140,304185356,3047468,4,1,0,0,2,1,1,1,0,0,0,0,0,1,0,0,0,0,0,0,0,0,0,0
95909439,75200919,0,0,0,304644140,304185356,3047468,4,1,0,0,2,1,1,1,0,0,0,0,0,1,0,0,0,0,0,0,0,0,0,0
96418516,75200919,0,0,0,304644140,304185356,3047468,4,1,0,0,2,1,1,1,0,0,0,0,0,1,0,0,0,0,0,0,0,0,0,0
96918942,75200919,0,0,0,304644140,304185356,3047468,4,1,0,0,2,1,1,1,0,0,0,0,0,1,0,0,0,0,0,0,0,0,0,0
97428497,75200919,0,0,0,304644140,304185356,3047468,4,1,0,0,2,1,1,1,0,0,0,0,0,1,0,0,0,0,0,0,0,0,0,0
97936516,75200919,0,0,0,304644140,304185356,3047468,4,1,0,0,2,1,1,1,0,0,0,0,0,1,0,0,0,0,0,0,0,0,0,0
98443863,75200919,0,0,0,304644140,304185356,3047468,4,1,0,0,2,1,1,1,0,0,0,0,0,1,0,0,0,0,0,0,0,0,0,0
98946023,75200919,0,0,0,304644140,304185356,3047468,4,1,0,0,2,1,1,1,0,0,0,0,0,1,0,0,0,0,0,0,0,0,0,0
99455495,75200919,0,0,0,304644140,304185356,3047468,4,1,0,0,2,1,1,1,0,0,0,0,0,1,0,0,0,0,0,0,0,0,0,0
99961322,75200919,0,0,0,304644140,304185356,3047468,4,1,0,0,2,1,1,1,0,0,0,0,0,1,0,0,0,0,0,0,0,0,0,0
100469969,75200919,0,0,0,304644140,304185356,3047468,4,1,0,0,2,1,1,1,0,0,0,0,0,1,0,0,0,0,0,0,0,0,0,0
100970710,75200919,0,0,0,304644140,304185356,3047468,4,1,0,0,2,1,1,1,0,0,0,0,0,1,0,0,0,0,0,0,0,0,0,0
101479185,75200919,0,0,0,304644140,304185356,3047468,4,1,0,0,2,1,1,1,0,0,0,0,0,1,0,0,0,0,0,0,0,0,0,0
101980724,75200919,0,0,0,304644140,304185356,3047468,4,1,0,0,2,1,1,1,0,0,0,0,0,1,0,0,0,0,0,0,0,0,0,0
102485482,75200919,0,0,0,304644140,304185356,3047468,4,1,0,0,2,1,1,1,0,0,0,0,0,1,0,0,0,0,0,0,0,0,0,0
102994834,75200919,0,0,0,304644140,304185356,3047468,4,1,0,0,2,1,1,1,0,0,0,0,0,1,0,0,0,0,0,0,0,0,0,0
103501481,75200919,0,0,0,304644140,304185356,3047468,4,1,0,0,2,1,1,1,0,0,0,0,0,1,0,0,0,0,0,0,0,0,0,0
104001593,75200919,0,0,0,304644140,304185356,3047468,4,1,0,0,2,1,1,1,0,0,0,0,0,1,0,0,0,0,0,0,0,0,0,0
104511335,75200919,0,0,0,304644140,304185356,3047468,4,1,0,0,2,1,1,1,0,0,0,0,0,1,0,0,0,0,0,0,0,0,0,0
105016721,75200919,0,0,0,304644140,304185356,3047468,4,1,0,0,2,1,1,1,0,0,0,0,0,1,0,0,0,0,0,0,0,0,0,0
105523771,75200919,0,0,0,304644140,304185356,3047468,4,1,0,0,2,1,1,1,0,0,0,0,0,1,0,0,0,0,0,0,0,0,0,0
106027304,75200919,0,0,0,304644140,304185356,3047468,4,1,0,0,2,1,1,1,0,0,0,0,0,1,0,0,0,0,0,0,0,0,0,0
106539080,75200919,0,0,0,304644140,304185356,3047468,4,1,0,0,2,1,1,1,0,0,0,0,0,1,0,0,0,0,0,0,0,0,0,0
107047231,75200919,0,0,0,304644140,304185356,3047468,4,1,0,0,2,1,1,1,0,0,0,0,0,1,0,0,0,0,0,0,0,0,0,0
107552625,75200919,0,0,0,304644140,304185356,3047468,4,1,0,0,2,1,1,1,0,0,0,0,0,1,0,0,0,0,0,0,0,0,0,0
108062368,75200919,0,0,0,304644140,304185356,3047468,4,1,0,0,2,1,1,1,0,0,0,0,0,1,0,0,0,0,0,0,0,0,0,0
108562565,75200919,0,0,0,304644140,304185356,3047468,4,1,0,0,2,1,1,1,0,0,0,0,0,1,0,0,0,0,0,0,0,0,0,0
109069931,75200919,0,0,0,304644140,304185356,3047468,4,1,0,0,2,1,1,1,0,0,0,0,0,1,0,0,0,0,0,0,0,0,0,0
109570621,75200919,0,0,0,304644140,304185356,3047468,4,1,0,0,2,1,1,1,0,0,0,0,0,1,0,0,0,0,0,0,0,0,0,0
110080577,75200919,0,0,0,304644140,304185356,3047468,4,1,0,0,2,1,1,1,0,0,0,0,0,1,0,0,0,0,0,0,0,0,0,0
110580651,75200919,0,0,0,304644140,304185356,3047468,4,1,0,0,2,1,1,1,0,0,0,0,0,1,0,0,0,0,0,0,0,0,0,0
111084188,75200919,0,0,0,304644140,304185356,3047468,4,1,0,0,2,1,1,1,0,0,0,0,0,1,0,0,0,0,0,0,0,0,0,0
111586986,75200919,0,0,0,304644140,304185356,3047468,4,1,0,0,2,1,1,1,0,0,0,0,0,1,0,0,0,0,0,0,0,0,0,0
112090916,75200919,0,0,0,304644140,304185356,3047468,4,1,0,0,2,1,1,1,0,0,0,0,0,1,0,0,0,0,0,0,0,0,0,0
112602437,75200919,0,0,0,304644140,304185356,3047468,4,1,0,0,2,1,1,1,0,0,0,0,0,1,0,0,0,0,0,0,0,0,0,0
113103336,75200919,0,0,0,304644140,304185356,3047468,4,1,0,0,2,1,1,1,0,0,0,0,0,1,0,0,0,0,0,0,0,0,0,0
113613589,75200919,0,0,0,304644140,304185356,3047468,4,1,0,0,2,1,1,1,0,0,0,0,0,1,0,0,0,0,0,0,0,0,0,0
114121312,75200919,0,0,0,304644140,304185356,3047468,4,1,0,0,2,1,1,1,0,0,0,0,0,1,0,0,0,0,0,0,0,0,0,0
114632036,75200919,0,0,0,304644140,304185356,3047468,4,1,0,0,2,1,1,1,0,0,0,0,0,1,0,0,0,0,0,0,0,0,0,0
115135422,75200919,0,0,0,304644140,304185356,3047468,4,1,0,0,2,1,1,1,0,0,0,0,0,1,0,0,0,0,0,0,0,0,0,0
115639105,75200919,0,0,0,304644140,304185356,3047468,4,1,0,0,2,1,1,1,0,0,0,0,0,1,0,0,0,0,0,0,0,0,0,0
116151457,75200919,0,0,0,304644140,304185356,3047468,4,1,0,0,2,1,1,1,0,0,0,0,0,1,0,0,0,0,0,0,0,0,0,0
116661779,75200919,0,0,0,304644140,304185356,3047468,4,1,0,0,2,1,1,1,0,0,0,0,0,1,0,0,0,0,0,0,0,0,0,0
117167777,75200919,0,0,0,304644140,304185356,3047468,4,1,0,0,2,1,1,1,0,0,0,0,0,1,0,0,0,0,0,0,0,0,0,0
117677187,75200919,0,0,0,304644140,304185356,3047468,4,1,0,0,2,1,1,1,0,0,0,0,0,1,0,0,0,0,0,0,0,0,0,0
118182739,75200919,0,0,0,304644140,304185356,3047468,4,1,0,0,2,1,1,1,0,0,0,0,0,1,0,0,0,0,0,0,0,0,0,0
118688483,75200919,0,0,0,304644140,304185356,3047468,4,1,0,0,2,1,1,1,0,0,0,0,0,1,0,0,0,0,0,0,0,0,0,0
119192900,75200919,0,0,0,304644140,304185356,3047468,4,1,0,0,2,1,1,1,0,0,0,0,0,1,0,0,0,0,0,0,0,0,0,0
119704311,75200919,0,0,0,304644140,304185356,3047468,4,1,0,0,2,1,1,1,0,0,0,0,0,1,0,0,0,0,0,0,0,0,0,0
120211339,75200919,0,0,0,304644140,304185356,3047468,4,1,0,0,2,1,1,1,0,0,0,0,0,1,0,0,0,0,0,0,0,0,0,0
120715477,75200919,0,0,0,304644140,304185356,3047468,4,1,0,0,2,1,1,1,0,0,0,0,0,1,0,0,0,0,0,0,0,0,0,0
121217082,75200919,0,0,0,304644140,304185356,3047468,4,1,0,0,2,1,1,1,0,0,0,0,0,1,0,0,0,0,0,0,0,0,0,0
121726508,75200919,0,0,0,304644140,304185356,3047468,4,1,0,0,2,1,1,1,0,0,0,0,0,1,0,0,0,0,0,0,0,0,0,0
122237515,75200919,0,0,0,304644140,304185356,3047468,4,1,0,0,2,1,1,1,0,0,0,0,0,1,0,0,0,0,0,0,0,0,0,0
122744776,75200919,0,0,0,304644140,304185356,3047468,4,1,0,0,2,1,1,1,0,0,0,0,0,1,0,0,0,0,0,0,0,0,0,0
123253018,75200919,0,0,0,304644140,304185356,3047468,4,1,0,0,2,1,1,1,0,0,0,0,0,1,0,0,0,0,0,0,0,0,0,0
123763054,75200919,0,0,0,304644140,304185356,3047468,4,1,0,0,2,1,1,1,0,0,0,0,0,1,0,0,0,0,0,0,0,0,0,0
124263187,75200919,0,0,0,304644140,304185356,3047468,4,1,0,0,2,1,1,1,0,0,0,0,0,1,0,0,0,0,0,0,0,0,0,0
124766956,75200919,0,0,0,304644140,304185356,3047468,4,1,0,0,2,1,1,1,0,0,0,0,0,1,0,0,0,0,0,0,0,0,0,0
125278139,75200919,0,0,0,304644140,304185356,3047468,4,1,0,0,2,1,1,1,0,0,0,0,0,1,0,0,0,0,0,0,0,0,0,0
125787762,75200919,0,0,0,304644140,304185356,3047468,4,1,0,0,2,1,1,1,0,0,0,0,0,1,0,0,0,0,0,0,0,0,0,0
126296696,75200919,0,0,0,304644140,304185356,3047468,4,1,0,0,2,1,1,1,0,0,0,0,0,1,0,0,0,0,0,0,0,0,0,0
126796741,75200919,0,0,0,304644140,304185356,3047468,4,1,0,0,2,1,1,1,0,0,0,0,0,1,0,0,0,0,0,0,0,0,0,0
127303501,75200919,0,0,0,304644140,304185356,3047468,4,1,0,0,2,1,1,1,0,0,0,0,0,1,0,0,0,0,0,0,0,0,0,0
127808511,75200919,0,0,0,304644140,304185356,3047468,4,1,0,0,2,1,1,1,0,0,0,0,0,1,0,0,0,0,0,0,0,0,0,0
128319035,75200919,0,0,0,304644140,304185356,3047468,4,1,0,0,2,1,1,1,0,0,0,0,0,1,0,0,0,0,0,0,0,0,0,0
128830242,75200919,0,0,0,304644140,304185356,3047468,4,1,0,0,2,1,1,1,0,0,0,0,0,1,0,0,0,0,0,0,0,0,0,0
129332691,75200919,0,0,0,304644140,304185356,3047468,4,1,0,0,2,1,1,1,0,0,0,0,0,1,0,0,0,0,0,0,0,0,0,0
129833881,75200919,0,0,0,304644140,304185356,3047468,4,1,0,0,2,1,1,1,0,0,0,0,0,1,0,0,0,0,0,0,0,0,0,0
130343308,75200919,0,0,0,304644140,304185356,3047468,4,1,0,0,2,1,1,1,0,0,0,0,0,1,0,0,0,0,0,0,0,0,0,0
130849198,75200919,0,0,0,304644140,304185356,3047468,4,1,0,0,2,1,1,1,0,0,0,0,0,1,0,0,0,0,0,0,0,0,0,0
131355100,75200919,0,0,0,304644140,304185356,3047468,4,1,0,0,2,1,1,1,0,0,0,0,0,1,0,0,0,0,0,0,0,0,0,0
131862412,75200919,0,0,0,304644140,304185356,3047468,4,1,0,0,2,1,1,1,0,0,0,0,0,1,0,0,0,0,0,0,0,0,0,0
132365657,75200919,0,0,0,304644140,304185356,3047468,4,1,0,0,2,1,1,1,0,0,0,0,0,1,0,0,0,0,0,0,0,0,0,0
132872911,75200919,0,0,0,304644140,304185356,3047468,4,1,0,0,2,1,1,1,0,0,0,0,0,1,0,0,0,0,0,0,0,0,0,0
133374704,75200919,0,0,0,304644140,304185356,3047468,4,1,0,0,2,1,1,1,0,0,0,0,0,1,0,0,0,0,0,0,0,0,0,0
133886056,75200919,0,0,0,304644140,304185356,3047468,4,1,0,0,2,1,1,1,0,0,0,0,0,1,0,0,0,0,0,0,0,0,0,0
134389852,75200919,0,0,0,304644140,304185356,3047468,4,1,0,0,2,1,1,1,0,0,0,0,0,1,0,0,0,0,0,0,0,0,0,0
134898625,75200919,0,0,0,304644140,304185356,3047468,4,1,0,0,2,1,1,1,0,0,0,0,0,1,0,0,0,0,0,0,0,0,0,0
135407500,75200919,0,0,0,304644140,304185356,3047468,4,1,0,0,2,1,1,1,0,0,0,0,0,1,0,0,0,0,0,0,0,0,0,0
135914514,75200919,0,0,0,304644140,304185356,3047468,4,1,0,0,2,1,1,1,0,0,0,0,0,1,0,0,0,0,0,0,0,0,0,0
136419977,75200919,0,0,0,304644140,304185356,3047468,4,1,0,0,2,1,1,1,0,0,0,0,0,1,0,0,0,0,0,0,0,0,0,0
136928858,75200919,0,0,0,304644140,304185356,3047468,4,1,0,0,2,1,1,1,0,0,0,0,0,1,0,0,0,0,0,0,0,0,0,0
137432751,75200919,0,0,0,304644140,304185356,3047468,4,1,0,0,2,1,1,1,0,0,0,0,0,1,0,0,0,0,0,0,0,0,0,0
137934938,75200919,0,0,0,304644140,304185356,3047468,4,1,0,0,2,1,1,1,0,0,0,0,0,1,0,0,0,0,0,0,0,0,0,0
138441576,75200919,0,0,0,304644140,304185356,3047468,4,1,0,0,2,1,1,1,0,0,0,0,0,1,0,0,0,0,0,0,0,0,0,0
138954369,75200919,0,0,0,304644140,304185356,3047468,4,1,0,0,2,1,1,1,0,0,0,0,0,1,0,0,0,0,0,0,0,0,0,0
139462207,75200919,0,0,0,304644140,304185356,3047468,4,1,0,0,2,1,1,1,0,0,0,0,0,1,0,0,0,0,0,0,0,0,0,0
139970645,75200919,0,0,0,304644140,304185356,3047468,4,1,0,0,2,1,1,1,0,0,0,0,0,1,0,0,0,0,0,0,0,0,0,0
140473668,75200919,0,0,0,304644140,304185356,3047468,4,1,0,0,2,1,1,1,0,0,0,0,0,1,0,0,0,0,0,0,0,0,0,0
140983449,75200919,0,0,0,304644140,304185356,3047468,4,1,0,0,2,1,1,1,0,0,0,0,0,1,0,0,0,0,0,0,0,0,0,0
141490025,75200919,0,0,0,304644140,304185356,3047468,4,1,0,0,2,1,1,1,0,0,0,0,0,1,0,0,0,0,0,0,0,0,0,0
141994869,75200919,0,0,0,304644140,304185356,3047468,4,1,0,0,2,1,1,1,0,0,0,0,0,1,0,0,0,0,0,0,0,0,0,0
142502599,75200919,0,0,0,304644140,304185356,3047468,4,1,0,0,2,1,1,1,0,0,0,0,0,1,0,0,0,0,0,0,0,0,0,0
143007863,75200919,0,0,0,304644140,304185356,3047468,4,1,0,0,2,1,1,1,0,0,0,0,0,1,0,0,0,0,0,0,0,0,0,0
143514610,75200919,0,0,0,304644140,304185356,3047436,4,1,0,0,2,1,1,1,0,0,0,0,0,1,0,0,0,0,0,0,0,0,0,0
144023072,75200919,0,0,0,304644140,304185356,3047436,4,1,0,0,2,1,1,1,0,0,0,0,0,1,0,0,0,0,0,0,0,0,0,0
144524839,75200919,0,0,0,304644140,304185356,3047436,4,1,0,0,2,1,1,1,0,0,0,0,0,1,0,0,0,0,0,0,0,0,0,0
145025301,75200919,0,0,0,304644140,304185356,3047436,4,1,0,0,2,1,1,1,0,0,0,0,0,1,0,0,0,0,0,0,0,0,0,0
145535604,75200919,0,0,0,304644140,304185356,3047436,4,1,0,0,2,1,1,1,0,0,0,0,0,1,0,0,0,0,0,0,0,0,0,0
146040643,75200919,0,0,0,304644140,304185356,3047436,4,1,0,0,2,1,1,1,0,0,0,0,0,1,0,0,0,0,0,0,0,0,0,0
146548476,75200919,0,0,0,304644140,304185356,3047436,4,1,0,0,2,1,1,1,0,0,0,0,0,1,0,0,0,0,0,0,0,0,0,0
147050674,75200919,0,0,0,304644140,304185356,3047436,4,1,0,0,2,1,1,1,0,0,0,0,0,1,0,0,0,0,0,0,0,0,0,0
147559883,75200919,0,0,0,304644140,304185356,3047436,4,1,0,0,2,1,1,1,0,0,0,0,0,1,0,0,0,0,0,0,0,0,0,0
148064477,75200919,0,0,0,304644140,304185356,3047468,4,1,0,0,2,1,1,1,0,0,0,0,0,1,0,0,0,0,0,0,0,0,0,0
148564540,75200919,0,0,0,304644140,304185356,3047468,4,1,0,0,2,1,1,1,0,0,0,0,0,1,0,0,0,0,0,0,0,0,0,0
149074475,75200919,0,0,0,304644140,304185356,3047468,4,1,0,0,2,1,1,1,0,0,0,0,0,1,0,0,0,0,0,0,0,0,0,0
149574552,75200919,0,0,0,304644140,304185356,3047468,4,1,0,0,2,1,1,1,0,0,0,0,0,1,0,0,0,0,0,0,0,0,0,0
150084802,75200919,0,0,0,304644140,304185356,3047468,4,1,0,0,2,1,1,1,0,0,0,0,0,1,0,0,0,0,0,0,0,0,0,0
150592552,75200919,0,0,0,304644140,304185356,3047468,4,1,0,0,2,1,1,1,0,0,0,0,0,1,0,0,0,0,0,0,0,0,0,0
151095477,75200919,0,0,0,304644140,304185356,3047468,4,1,0,0,2,1,1,1,0,0,0,0,0,1,0,0,0,0,0,0,0,0,0,0
151597500,75200919,0,0,0,304644140,304185356,3047468,4,1,0,0,2,1,1,1,0,0,0,0,0,1,0,0,0,0,0,0,0,0,0,0
152099942,75200919,0,0,0,304644140,304185356,3047468,4,1,0,0,2,1,1,1,0,0,0,0,0,1,0,0,0,0,0,0,0,0,0,0
152605346,75200919,0,0,0,304644140,304185356,3047468,4,1,0,0,2,1,1,1,0,0,0,0,0,1,0,0,0,0,0,0,0,0,0,0
153105553,75200919,0,0,0,304644140,304185356,3047468,4,1,0,0,2,1,1,1,0,0,0,0,0,1,0,0,0,0,0,0,0,0,0,0
153615334,75200919,0,0,0,304644140,304185356,3047468,4,1,0,0,2,1,1,1,0,0,0,0,0,1,0,0,0,0,0,0,0,0,0,0
154116647,75200919,0,0,0,304644140,304185356,3047468,4,1,0,0,2,1,1,1,0,0,0,0,0,1,0,0,0,0,0,0,0,0,0,0
154618518,75200919,0,0,0,304644140,304185356,3047468,4,1,0,0,2,1,1,1,0,0,0,0,0,1,0,0,0,0,0,0,0,0,0,0
155118586,75200919,0,0,0,304644140,304185356,3047468,4,1,0,0,2,1,1,1,0,0,0,0,0,1,0,0,0,0,0,0,0,0,0,0
155619523,75200919,0,0,0,304644140,304185356,3047468,4,1,0,0,2,1,1,1,0,0,0,0,0,1,0,0,0,0,0,0,0,0,0,0
156121574,75200919,0,0,0,304644140,304185356,3047468,4,1,0,0,2,1,1,1,0,0,0,0,0,1,0,0,0,0,0,0,0,0,0,0
156628800,75200919,0,0,0,304644140,304185356,3047468,4,1,0,0,2,1,1,1,0,0,0,0,0,1,0,0,0,0,0,0,0,0,0,0
157129476,75200919,0,0,0,304644140,304185356,3047468,4,1,0,0,2,1,1,1,0,0,0,0,0,1,0,0,0,0,0,0,0,0,0,0
157631481,75200919,0,0,0,304644140,304185356,3047468,4,1,0,0,2,1,1,1,0,0,0,0,0,1,0,0,0,0,0,0,0,0,0,0
158132491,75200919,0,0,0,304644140,304185356,3047468,4,1,0,0,2,1,1,1,0,0,0,0,0,1,0,0,0,0,0,0,0,0,0,0
158633633,75200919,0,0,0,304644140,304185356,3047468,4,1,0,0,2,1,1,1,0,0,0,0,0,1,0,0,0,0,0,0,0,0,0,0
159142737,75200919,0,0,0,304644140,304185356,3047468,4,1,0,0,2,1,1,1,0,0,0,0,0,1,0,0,0,0,0,0,0,0,0,0
159643781,75200919,0,0,0,304644140,304185356,3047468,4,1,0,0,2,1,1,1,0,0,0,0,0,1,0,0,0,0,0,0,0,0,0,0
160146580,75200919,0,0,0,304644140,304185356,3047468,4,1,0,0,2,1,1,1,0,0,0,0,0,1,0,0,0,0,0,0,0,0,0,0
160651164,75200919,0,0,0,304644140,304185356,3047468,4,1,0,0,2,1,1,1,0,0,0,0,0,1,0,0,0,0,0,0,0,0,0,0
161160985,75200919,0,0,0,304644140,304185356,3047468,4,1,0,0,2,1,1,1,0,0,0,0,0,1,0,0,0,0,0,0,0,0,0,0
161662622,75200919,0,0,0,304644140,304185356,3047468,4,1,0,0,2,1,1,1,0,0,0,0,0,1,0,0,0,0,0,0,0,0,0,0
162163502,75200919,0,0,0,304644140,304185356,3047468,4,1,0,0,2,1,1,1,0,0,0,0,0,1,0,0,0,0,0,0,0,0,0,0
162669479,75200919,0,0,0,304644140,304185356,3047468,4,1,0,0,2,1,1,1,0,0,0,0,0,1,0,0,0,0,0,0,0,0,0,0
163176957,75200919,0,0,0,304644140,304185356,3047468,4,1,0,0,2,1,1,1,0,0,0,0,0,1,0,0,0,0,0,0,0,0,0,0
163685750,75200919,0,0,0,304644140,304185356,3047468,4,1,0,0,2,1,1,1,0,0,0,0,0,1,0,0,0,0,0,0,0,0,0,0
164197475,75200919,0,0,0,304644140,304185356,3047468,4,1,0,0,2,1,1,1,0,0,0,0,0,1,0,0,0,0,0,0,0,0,0,0
164699764,75200919,0,0,0,304644140,304185356,3047468,4,1,0,0,2,1,1,1,0,0,0,0,0,1,0,0,0,0,0,0,0,0,0,0
165202605,75200919,0,0,0,304644140,304185356,3047468,4,1,0,0,2,1,1,1,0,0,0,0,0,1,0,0,0,0,0,0,0,0,0,0
165709316,75200919,0,0,0,304644140,304185356,3047468,4,1,0,0,2,1,1,1,0,0,0,0,0,1,0,0,0,0,0,0,0,0,0,0
166210641,75200919,0,0,0,304644140,304185356,3047468,4,1,0,0,2,1,1,1,0,0,0,0,0,1,0,0,0,0,0,0,0,0,0,0
166713454,75200919,0,0,0,304644140,304185356,3047468,4,1,0,0,2,1,1,1,0,0,0,0,0,1,0,0,0,0,0,0,0,0,0,0
167219431,75200919,0,0,0,304644140,304185356,3047468,4,1,0,0,2,1,1,1,0,0,0,0,0,1,0,0,0,0,0,0,0,0,0,0
167731294,75200919,0,0,0,304644140,304185356,3047468,4,1,0,0,2,1,1,1,0,0,0,0,0,1,0,0,0,0,0,0,0,0,0,0
168236513,75200919,0,0,0,304644140,304185356,3047468,4,1,0,0,2,1,1,1,0,0,0,0,0,1,0,0,0,0,0,0,0,0,0,0
168742476,75200919,0,0,0,304644140,304185356,3047468,4,1,0,0,2,1,1,1,0,0,0,0,0,1,0,0,0,0,0,0,0,0,0,0
169243611,75200919,0,0,0,304644140,304185356,3047468,4,1,0,0,2,1,1,1,0,0,0,0,0,1,0,0,0,0,0,0,0,0,0,0
169744872,75200919,0,0,0,304644140,304185356,3047468,4,1,0,0,2,1,1,1,0,0,0,0,0,1,0,0,0,0,0,0,0,0,0,0
170251760,75200919,0,0,0,304644140,304185356,3047468,4,1,0,0,2,1,1,1,0,0,0,0,0,1,0,0,0,0,0,0,0,0,0,0
170753532,75200919,0,0,0,304644140,304185356,3047468,4,1,0,0,2,1,1,1,0,0,0,0,0,1,0,0,0,0,0,0,0,0,0,0
171253950,75200919,0,0,0,304644140,304185356,3047468,4,1,0,0,2,1,1,1,0,0,0,0,0,1,0,0,0,0,0,0,0,0,0,0
171763919,75200919,0,0,0,304644140,304185356,3047468,4,1,0,0,2,1,1,1,0,0,0,0,0,1,0,0,0,0,0,0,0,0,0,0
172264513,75200919,0,0,0,304644140,304185356,3047468,4,1,0,0,2,1,1,1,0,0,0,0,0,1,0,0,0,0,0,0,0,0,0,0
172767141,75200919,0,0,0,304644140,304185356,3047468,4,1,0,0,2,1,1,1,0,0,0,0,0,1,0,0,0,0,0,0,0,0,0,0
173269480,75200919,0,0,0,304644140,304185356,3047468,4,1,0,0,2,1,1,1,0,0,0,0,0,1,0,0,0,0,0,0,0,0,0,0
173775475,75200919,0,0,0,304644140,304185356,3047468,4,1,0,0,2,1,1,1,0,0,0,0,0,1,0,0,0,0,0,0,0,0,0,0
174285621,75200919,0,0,0,304644140,304185356,3047468,4,1,0,0,2,1,1,1,0,0,0,0,0,1,0,0,0,0,0,0,0,0,0,0
174791518,75200919,0,0,0,304644140,304185356,3047468,4,1,0,0,2,1,1,1,0,0,0,0,0,1,0,0,0,0,0,0,0,0,0,0
175295658,75200919,0,0,0,304644140,304185356,3047468,4,1,0,0,2,1,1,1,0,0,0,0,0,1,0,0,0,0,0,0,0,0,0,0
175801513,75200919,0,0,0,304644140,304185356,3047468,4,1,0,0,2,1,1,1,0,0,0,0,0,1,0,0,0,0,0,0,0,0,0,0
176303739,75200919,0,0,0,304644140,304185356,3047468,4,1,0,0,2,1,1,1,0,0,0,0,0,1,0,0,0,0,0,0,0,0,0,0
176813889,75200919,0,0,0,304644140,304185356,3047468,4,1,0,0,2,1,1,1,0,0,0,0,0,1,0,0,0,0,0,0,0,0,0,0
177323661,75200919,0,0,0,304644140,304185356,3047468,4,1,0,0,2,1,1,1,0,0,0,0,0,1,0,0,0,0,0,0,0,0,0,0
177829478,75200919,0,0,0,304644140,304185356,3047468,4,1,0,0,2,1,1,1,0,0,0,0,0,1,0,0,0,0,0,0,0,0,0,0
178330785,75200919,0,0,0,304644140,304185356,3047468,4,1,0,0,2,1,1,1,0,0,0,0,0,1,0,0,0,0,0,0,0,0,0,0
178832608,75200919,0,0,0,304644140,304185356,3047468,4,1,0,0,2,1,1,1,0,0,0,0,0,1,0,0,0,0,0,0,0,0,0,0
179341870,75200919,0,0,0,304644140,304185356,3047468,4,1,0,0,2,1,1,1,0,0,0,0,0,1,0,0,0,0,0,0,0,0,0,0
179843680,75200919,0,0,0,304644140,304185356,3047468,4,1,0,0,2,1,1,1,0,0,0,0,0,1,0,0,0,0,0,0,0,0,0,0
180352593,75200919,0,0,0,304644140,304185356,3047468,4,1,0,0,2,1,1,1,0,0,0,0,0,1,0,0,0,0,0,0,0,0,0,0
180861535,75200919,0,0,0,304644140,304185356,3047468,4,1,0,0,2,1,1,1,0,0,0,0,0,1,0,0,0,0,0,0,0,0,0,0
181368382,75200919,0,0,0,304644140,304185356,3047468,4,1,0,0,2,1,1,1,0,0,0,0,0,1,0,0,0,0,0,0,0,0,0,0
181876508,75200919,0,0,0,304644140,304185356,3047468,4,1,0,0,2,1,1,1,0,0,0,0,0,1,0,0,0,0,0,0,0,0,0,0
182385567,75200919,0,0,0,304644140,304185356,3047468,4,1,0,0,2,1,1,1,0,0,0,0,0,1,0,0,0,0,0,0,0,0,0,0
182891191,75200919,0,0,0,304644140,304185356,3047468,4,1,0,0,2,1,1,1,0,0,0,0,0,1,0,0,0,0,0,0,0,0,0,0
183396551,75200919,0,0,0,304644140,304185356,3047468,4,1,0,0,2,1,1,1,0,0,0,0,0,1,0,0,0,0,0,0,0,0,0,0
183897658,75200919,0,0,0,304644140,304185356,3047468,4,1,0,0,2,1,1,1,0,0,0,0,0,1,0,0,0,0,0,0,0,0,0,0
184399350,75200919,0,0,0,304644140,304185356,3047468,4,1,0,0,2,1,1,1,0,0,0,0,0,1,0,0,0,0,0,0,0,0,0,0
184903116,75200919,0,0,0,304644140,304185356,3047468,4,1,0,0,2,1,1,1,0,0,0,0,0,1,0,0,0,0,0,0,0,0,0,0
185410641,75200919,0,0,0,304644140,304185356,3047468,4,1,0,0,2,1,1,1,0,0,0,0,0,1,0,0,0,0,0,0,0,0,0,0
185916142,75200919,0,0,0,304644140,304185356,3047468,4,1,0,0,2,1,1,1,0,0,0,0,0,1,0,0,0,0,0,0,0,0,0,0
186418779,75200919,0,0,0,304644140,304185356,3047468,4,1,0,0,2,1,1,1,0,0,0,0,0,1,0,0,0,0,0,0,0,0,0,0
186921543,75200919,0,0,0,304644140,304185356,3047468,4,1,0,0,2,1,1,1,0,0,0,0,0,1,0,0,0,0,0,0,0,0,0,0
187423409,75200919,0,0,0,304644140,304185356,3047468,4,1,0,0,2,1,1,1,0,0,0,0,0,1,0,0,0,0,0,0,0,0,0,0
187930730,75200919,0,0,0,304644140,304185356,3047468,4,1,0,0,2,1,1,1,0,0,0,0,0,1,0,0,0,0,0,0,0,0,0,0
188436474,75200919,0,0,0,304644140,304185356,3047468,4,1,0,0,2,1,1,1,0,0,0,0,0,1,0,0,0,0,0,0,0,0,0,0
188936854,75200919,0,0,0,304644140,304185356,3047468,4,1,0,0,2,1,1,1,0,0,0,0,0,1,0,0,0,0,0,0,0,0,0,0
189440739,75200919,0,0,0,304644140,304185356,3047468,4,1,0,0,2,1,1,1,0,0,0,0,0,1,0,0,0,0,0,0,0,0,0,0
189948536,75200919,0,0,0,304644140,304185356,3047468,4,1,0,0,2,1,1,1,0,0,0,0,0,1,0,0,0,0,0,0,0,0,0,0
190452607,75200919,0,0,0,304644140,304185356,3047468,4,1,0,0,2,1,1,1,0,0,0,0,0,1,0,0,0,0,0,0,0,0,0,0
190963690,75200919,0,0,0,304644140,304185356,3047468,4,1,0,0,2,1,1,1,0,0,0,0,0,1,0,0,0,0,0,0,0,0,0,0
191464480,75200919,0,0,0,304644140,304185356,3047468,4,1,0,0,2,1,1,1,0,0,0,0,0,1,0,0,0,0,0,0,0,0,0,0
191971042,75200919,0,0,0,304644140,304185356,3047468,4,1,0,0,2,1,1,1,0,0,0,0,0,1,0,0,0,0,0,0,0,0,0,0
192473478,75200919,0,0,0,304644140,304185356,3047468,4,1,0,0,2,1,1,1,0,0,0,0,0,1,0,0,0,0,0,0,0,0,0,0
192974479,75200919,0,0,0,304644140,304185356,3047468,4,1,0,0,2,1,1,1,0,0,0,0,0,1,0,0,0,0,0,0,0,0,0,0
193482478,75200919,0,0,0,304644140,304185356,3047468,4,1,0,0,2,1,1,1,0,0,0,0,0,1,0,0,0,0,0,0,0,0,0,0
193992514,75200919,0,0,0,304644140,304185356,3047468,4,1,0,0,2,1,1,1,0,0,0,0,0,1,0,0,0,0,0,0,0,0,0,0
194502475,75200919,0,0,0,304644140,304185356,3047468,4,1,0,0,2,1,1,1,0,0,0,0,0,1,0,0,0,0,0,0,0,0,0,0
195004574,75200919,0,0,0,304644140,304185356,3047468,4,1,0,0,2,1,1,1,0,0,0,0,0,1,0,0,0,0,0,0,0,0,0,0
195510640,75200919,0,0,0,304644140,304185356,3047468,4,1,0,0,2,1,1,1,0,0,0,0,0,1,0,0,0,0,0,0,0,0,0,0
196016491,75200919,0,0,0,304644140,304185356,3047468,4,1,0,0,2,1,1,1,0,0,0,0,0,1,0,0,0,0,0,0,0,0,0,0
196522743,75200919,0,0,0,304644140,304185356,3047468,4,1,0,0,2,1,1,1,0,0,0,0,0,1,0,0,0,0,0,0,0,0,0,0
197032507,75200919,0,0,0,304644140,304185356,3047468,4,1,0,0,2,1,1,1,0,0,0,0,0,1,0,0,0,0,0,0,0,0,0,0
197532578,75200919,0,0,0,304644140,304185356,3047468,4,1,0,0,2,1,1,1,0,0,0,0,0,1,0,0,0,0,0,0,0,0,0,0
198035972,75200919,0,0,0,304644140,304185356,3047468,4,1,0,0,2,1,1,1,0,0,0,0,0,1,0,0,0,0,0,0,0,0,0,0
198537475,75200919,0,0,0,304644140,304185356,3047468,4,1,0,0,2,1,1,1,0,0,0,0,0,1,0,0,0,0,0,0,0,0,0,0
199046556,75200919,0,0,0,304644140,304185356,3047468,4,1,0,0,2,1,1,1,0,0,0,0,0,1,0,0,0,0,0,0,0,0,0,0
199546734,75200919,0,0,0,304644140,304185356,3047468,4,1,0,0,2,1,1,1,0,0,0,0,0,1,0,0,0,0,0,0,0,0,0,0
200046881,75200919,0,0,0,304644140,304185356,3047468,4,1,0,0,2,1,1,1,0,0,0,0,0,1,0,0,0,0,0,0,0,0,0,0
200549237,75200919,0,0,0,304644140,304185356,3047468,4,1,0,0,2,1,1,1,0,0,0,0,0,1,0,0,0,0,0,0,0,0,0,0
201056656,75200919,0,0,0,304644140,304185356,3047468,4,1,0,0,2,1,1,1,0,0,0,0,0,1,0,0,0,0,0,0,0,0,0,0
201566206,75200919,0,0,0,304644140,304185356,3047468,4,1,0,0,2,1,1,1,0,0,0,0,0,1,0,0,0,0,0,0,0,0,0,0
202067252,75200919,0,0,0,304644140,304185356,3047468,4,1,0,0,2,1,1,1,0,0,0,0,0,1,0,0,0,0,0,0,0,0,0,0
202568511,75200919,0,0,0,304644140,304185356,3047468,4,1,0,0,2,1,1,1,0,0,0,0,0,1,0,0,0,0,0,0,0,0,0,0
203069679,75200919,0,0,0,304644140,304185356,3047468,4,1,0,0,2,1,1,1,0,0,0,0,0,1,0,0,0,0,0,0,0,0,0,0
203577554,75200919,0,0,0,304644140,304185356,3047468,4,1,0,0,2,1,1,1,0,0,0,0,0,1,0,0,0,0,0,0,0,0,0,0
204081477,75200919,0,0,0,304644140,304185356,3047468,4,1,0,0,2,1,1,1,0,0,0,0,0,1,0,0,0,0,0,0,0,0,0,0
204583481,75200919,0,0,0,304644140,304185356,3047468,4,1,0,0,2,1,1,1,0,0,0,0,0,1,0,0,0,0,0,0,0,0,0,0
205083813,75200919,0,0,0,304644140,304185356,3047468,4,1,0,0,2,1,1,1,0,0,0,0,0,1,0,0,0,0,0,0,0,0,0,0
205593604,75200919,0,0,0,304644140,304185356,3047468,4,1,0,0,2,1,1,1,0,0,0,0,0,1,0,0,0,0,0,0,0,0,0,0
206094478,75200919,0,0,0,304644140,304185356,3047468,4,1,0,0,2,1,1,1,0,0,0,0,0,1,0,0,0,0,0,0,0,0,0,0
206599484,75200919,0,0,0,304644140,304185356,3047468,4,1,0,0,2,1,1,1,0,0,0,0,0,1,0,0,0,0,0,0,0,0,0,0
207103165,75200919,0,0,0,304644140,304185356,3047468,4,1,0,0,2,1,1,1,0,0,0,0,0,1,0,0,0,0,0,0,0,0,0,0
207605509,75200919,0,0,0,304644140,304185356,3047468,4,1,0,0,2,1,1,1,0,0,0,0,0,1,0,0,0,0,0,0,0,0,0,0
208108515,75200919,0,0,0,304644140,304185356,3047468,4,1,0,0,2,1,1,1,0,0,0,0,0,1,0,0,0,0,0,0,0,0,0,0
208610648,75200919,0,0,0,304644140,304185356,3047468,4,1,0,0,2,1,1,1,0,0,0,0,0,1,0,0,0,0,0,0,0,0,0,0
209111595,75200919,0,0,0,304644140,304185356,3047468,4,1,0,0,2,1,1,1,0,0,0,0,0,1,0,0,0,0,0,0,0,0,0,0
209614648,75200919,0,0,0,304644140,304185356,3047468,4,1,0,0,2,1,1,1,0,0,0,0,0,1,0,0,0,0,0,0,0,0,0,0
210115520,75200919,0,0,0,304644140,304185356,3047468,4,1,0,0,2,1,1,1,0,0,0,0,0,1,0,0,0,0,0,0,0,0,0,0
210626475,75200919,0,0,0,304644140,304185356,3047468,4,1,0,0,2,1,1,1,0,0,0,0,0,1,0,0,0,0,0,0,0,0,0,0
211134002,75200919,0,0,0,304644140,304185356,3047468,4,1,0,0,2,1,1,1,0,0,0,0,0,1,0,0,0,0,0,0,0,0,0,0
211639487,75200919,0,0,0,304644140,304185356,3047468,4,1,0,0,2,1,1,1,0,0,0,0,0,1,0,0,0,0,0,0,0,0,0,0
212149519,75200919,0,0,0,304644140,304185356,3047468,4,1,0,0,2,1,1,1,0,0,0,0,0,1,0,0,0,0,0,0,0,0,0,0
212653477,75200919,0,0,0,304644140,304185356,3047468,4,1,0,0,2,1,1,1,0,0,0,0,0,1,0,0,0,0,0,0,0,0,0,0
213154571,75200919,0,0,0,304644140,304185356,3047468,4,1,0,0,2,1,1,1,0,0,0,0,0,1,0,0,0,0,0,0,0,0,0,0
213659317,75200919,0,0,0,304644140,304185356,3047468,4,1,0,0,2,1,1,1,0,0,0,0,0,1,0,0,0,0,0,0,0,0,0,0
214162654,75200919,0,0,0,304644140,304185356,3047468,4,1,0,0,2,1,1,1,0,0,0,0,0,1,0,0,0,0,0,0,0,0,0,0
214674411,75200919,0,0,0,304644140,304185356,3047468,4,1,0,0,2,1,1,1,0,0,0,0,0,1,0,0,0,0,0,0,0,0,0,0
215174616,75200919,0,0,0,304644140,304185356,3047468,4,1,0,0,2,1,1,1,0,0,0,0,0,1,0,0,0,0,0,0,0,0,0,0
215678482,75200919,0,0,0,304644140,304185356,3047468,4,1,0,0,2,1,1,1,0,0,0,0,0,1,0,0,0,0,0,0,0,0,0,0
216187787,75200919,0,0,0,304644140,304185356,3047468,4,1,0,0,2,1,1,1,0,0,0,0,0,1,0,0,0,0,0,0,0,0,0,0
216688686,75200919,0,0,0,304644140,304185356,3047468,4,1,0,0,2,1,1,1,0,0,0,0,0,1,0,0,0,0,0,0,0,0,0,0
217196517,75200919,0,0,0,304644140,304185356,3047468,4,1,0,0,2,1,1,1,0,0,0,0,0,1,0,0,0,0,0,0,0,0,0,0
217696529,75200919,0,0,0,304644140,304185356,3047468,4,1,0,0,2,1,1,1,0,0,0,0,0,1,0,0,0,0,0,0,0,0,0,0
218198427,75200919,0,0,0,304644140,304185356,3047468,4,1,0,0,2,1,1,1,0,0,0,0,0,1,0,0,0,0,0,0,0,0,0,0
218699598,75200919,0,0,0,304644140,304185356,3047468,4,1,0,0,2,1,1,1,0,0,0,0,0,1,0,0,0,0,0,0,0,0,0,0
219203477,75200919,0,0,0,304644140,304185356,3047468,4,1,0,0,2,1,1,1,0,0,0,0,0,1,0,0,0,0,0,0,0,0,0,0
219711757,75200919,0,0,0,304644140,304185356,3047468,4,1,0,0,2,1,1,1,0,0,0,0,0,1,0,0,0,0,0,0,0,0,0,0
220214786,75200919,0,0,0,304644140,304185356,3047468,4,1,0,0,2,1,1,1,0,0,0,0,0,1,0,0,0,0,0,0,0,0,0,0
220715508,75200919,0,0,0,304644140,304185356,3047468,4,1,0,0,2,1,1,1,0,0,0,0,0,1,0,0,0,0,0,0,0,0,0,0
221219971,75200919,0,0,0,304644140,304185356,3047468,4,1,0,0,2,1,1,1,0,0,0,0,0,1,0,0,0,0,0,0,0,0,0,0
221729830,75200919,0,0,0,304644140,304185356,3047468,4,1,0,0,2,1,1,1,0,0,0,0,0,1,0,0,0,0,0,0,0,0,0,0
222230025,75200919,0,0,0,304644140,304185356,3047468,4,1,0,0,2,1,1,1,0,0,0,0,0,1,0,0,0,0,0,0,0,0,0,0
222733733,75200919,0,0,0,304644140,304185356,3047468,4,1,0,0,2,1,1,1,0,0,0,0,0,1,0,0,0,0,0,0,0,0,0,0
223245390,75200919,0,0,0,304644140,304185356,3047468,4,1,0,0,2,1,1,1,0,0,0,0,0,1,0,0,0,0,0,0,0,0,0,0
223750703,75200919,0,0,0,304644140,304185356,3047436,4,1,0,0,2,1,1,1,0,0,0,0,0,1,0,0,0,0,0,0,0,0,0,0
224252477,75200919,0,0,0,304644140,304185356,3047436,4,1,0,0,2,1,1,1,0,0,0,0,0,1,0,0,0,0,0,0,0,0,0,0
224761491,75200919,0,0,0,304644140,304185356,3047436,4,1,0,0,2,1,1,1,0,0,0,0,0,1,0,0,0,0,0,0,0,0,0,0
225272478,75200919,0,0,0,304644140,304185356,3047436,4,1,0,0,2,1,1,1,0,0,0,0,0,1,0,0,0,0,0,0,0,0,0,0
225774533,75200919,0,0,0,304644140,304185356,3047436,4,1,0,0,2,1,1,1,0,0,0,0,0,1,0,0,0,0,0,0,0,0,0,0
226281606,75200919,0,0,0,304644140,304185356,3047436,4,1,0,0,2,1,1,1,0,0,0,0,0,1,0,0,0,0,0,0,0,0,0,0
226784496,75200919,0,0,0,304644140,304185356,3047436,4,1,0,0,2,1,1,1,0,0,0,0,0,1,0,0,0,0,0,0,0,0,0,0
227294631,75200919,0,0,0,304644140,304185356,3047436,4,1,0,0,2,1,1,1,0,0,0,0,0,1,0,0,0,0,0,0,0,0,0,0
227796964,75200919,0,0,0,304644140,304185356,3047436,4,1,0,0,2,1,1,1,0,0,0,0,0,1,0,0,0,0,0,0,0,0,0,0
228297594,75200919,0,0,0,304644140,304185356,3047436,4,1,0,0,2,1,1,1,0,0,0,0,0,1,0,0,0,0,0,0,0,0,0,0
228798032,75200919,0,0,0,304644140,304185356,3047436,4,1,0,0,2,1,1,1,0,0,0,0,0,1,0,0,0,0,0,0,0,0,0,0
229300676,75200919,0,0,0,304644140,304185356,3047436,4,1,0,0,2,1,1,1,0,0,0,0,0,1,0,0,0,0,0,0,0,0,0,0
229802552,75200919,0,0,0,304644140,304185356,3047436,4,1,0,0,2,1,1,1,0,0,0,0,0,1,0,0,0,0,0,0,0,0,0,0
230302619,75200919,0,0,0,304644140,304185356,3047436,4,1,0,0,2,1,1,1,0,0,0,0,0,1,0,0,0,0,0,0,0,0,0,0
230813519,75200919,0,0,0,304644140,304185356,3047436,4,1,0,0,2,1,1,1,0,0,0,0,0,1,0,0,0,0,0,0,0,0,0,0
231313538,75200919,0,0,0,304644140,304185356,3047436,4,1,0,0,2,1,1,1,0,0,0,0,0,1,0,0,0,0,0,0,0,0,0,0
231818476,75200919,0,0,0,304644140,304185356,3047436,4,1,0,0,2,1,1,1,0,0,0,0,0,1,0,0,0,0,0,0,0,0,0,0
232318583,75200919,0,0,0,304644140,304185356,3047436,4,1,0,0,2,1,1,1,0,0,0,0,0,1,0,0,0,0,0,0,0,0,0,0
232827613,75200919,0,0,0,304644140,304185356,3047436,4,1,0,0,2,1,1,1,0,0,0,0,0,1,0,0,0,0,0,0,0,0,0,0
233333900,75200919,0,0,0,304644140,304185356,3047468,4,1,0,0,2,1,1,1,0,0,0,0,0,1,0,0,0,0,0,0,0,0,0,0
233841772,75200919,0,0,0,304644140,304185356,3047468,4,1,0,0,2,1,1,1,0,0,0,0,0,1,0,0,0,0,0,0,0,0,0,0
234351520,75200919,0,0,0,304644140,304185356,3047468,4,1,0,0,2,1,1,1,0,0,0,0,0,1,0,0,0,0,0,0,0,0,0,0
234860984,75200919,0,0,0,304644140,304185356,3047468,4,1,0,0,2,1,1,1,0,0,0,0,0,1,0,0,0,0,0,0,0,0,0,0
235362502,75200919,0,0,0,304644140,304185356,3047468,4,1,0,0,2,1,1,1,0,0,0,0,0,1,0,0,0,0,0,0,0,0,0,0
235862580,75200919,0,0,0,304644140,304185356,3047468,4,1,0,0,2,1,1,1,0,0,0,0,0,1,0,0,0,0,0,0,0,0,0,0
236363524,75200919,0,0,0,304644140,304185356,3047468,4,1,0,0,2,1,1,1,0,0,0,0,0,1,0,0,0,0,0,0,0,0,0,0
236864593,75200919,0,0,0,304644140,304185356,3047468,4,1,0,0,2,1,1,1,0,0,0,0,0,1,0,0,0,0,0,0,0,0,0,0
237365481,75200919,0,0,0,304644140,304185356,3047468,4,1,0,0,2,1,1,1,0,0,0,0,0,1,0,0,0,0,0,0,0,0,0,0
237868157,75200919,0,0,0,304644140,304185356,3047468,4,1,0,0,2,1,1,1,0,0,0,0,0,1,0,0,0,0,0,0,0,0,0,0
238377914,75200919,0,0,0,304644140,304185356,3047468,4,1,0,0,2,1,1,1,0,0,0,0,0,1,0,0,0,0,0,0,0,0,0,0
238881572,75200919,0,0,0,304644140,304185356,3047468,4,1,0,0,2,1,1,1,0,0,0,0,0,1,0,0,0,0,0,0,0,0,0,0
239389537,75200919,0,0,0,304644140,304185356,3047468,4,1,0,0,2,1,1,1,0,0,0,0,0,1,0,0,0,0,0,0,0,0,0,0
239889699,75200919,0,0,0,304644140,304185356,3047468,4,1,0,0,2,1,1,1,0,0,0,0,0,1,0,0,0,0,0,0,0,0,0,0
240398697,75200919,0,0,0,304644140,304185356,3047468,4,1,0,0,2,1,1,1,0,0,0,0,0,1,0,0,0,0,0,0,0,0,0,0
240901219,75200919,0,0,0,304644140,304185356,3047468,4,1,0,0,2,1,1,1,0,0,0,0,0,1,0,0,0,0,0,0,0,0,0,0
241411579,75200919,0,0,0,304644140,304185356,3047468,4,1,0,0,2,1,1,1,0,0,0,0,0,1,0,0,0,0,0,0,0,0,0,0
241912477,75200919,0,0,0,304644140,304185356,3047468,4,1,0,0,2,1,1,1,0,0,0,0,0,1,0,0,0,0,0,0,0,0,0,0
242422544,75200919,0,0,0,304644140,304185356,3047468,4,1,0,0,2,1,1,1,0,0,0,0,0,1,0,0,0,0,0,0,0,0,0,0
242922869,75200919,0,0,0,304644140,304185356,3047468,4,1,0,0,2,1,1,1,0,0,0,0,0,1,0,0,0,0,0,0,0,0,0,0
243426512,75200919,0,0,0,304644140,304185356,3047468,4,1,0,0,2,1,1,1,0,0,0,0,0,1,0,0,0,0,0,0,0,0,0,0
244444599,75200919,0,0,0,304644140,304185356,3047468,4,1,0,0,2,1,1,1,0,0,0,0,0,1,0,0,0,0,0,0,0,0,0,0
244947775,75200919,0,0,0,304644140,304185356,3047468,4,1,0,0,2,1,1,1,0,0,0,0,0,1,0,0,0,0,0,0,0,0,0,0
245455511,75200919,0,0,0,304644140,304185356,3047468,4,1,0,0,2,1,1,1,0,0,0,0,0,1,0,0,0,0,0,0,0,0,0,0
245959558,75200919,0,0,0,304644140,304185356,3047468,4,1,0,0,2,1,1,1,0,0,0,0,0,1,0,0,0,0,0,0,0,0,0,0
246468851,75200919,0,0,0,304644140,304185356,3047468,4,1,0,0,2,1,1,1,0,0,0,0,0,1,0,0,0,0,0,0,0,0,0,0
246970671,75200919,0,0,0,304644140,304185356,3047468,4,1,0,0,2,1,1,1,0,0,0,0,0,1,0,0,0,0,0,0,0,0,0,0
247472508,75200919,0,0,0,304644140,304185356,3047468,4,1,0,0,2,1,1,1,0,0,0,0,0,1,0,0,0,0,0,0,0,0,0,0
247980607,75200919,0,0,0,304644140,304185356,3047468,4,1,0,0,2,1,1,1,0,0,0,0,0,1,0,0,0,0,0,0,0,0,0,0
248490061,75200919,0,0,0,304644140,304185356,3047468,4,1,0,0,2,1,1,1,0,0,0,0,0,1,0,0,0,0,0,0,0,0,0,0
249001374,75200919,0,0,0,304644140,304185356,3047468,4,1,0,0,2,1,1,1,0,0,0,0,0,1,0,0,0,0,0,0,0,0,0,0
249510730,75200919,0,0,0,304644140,304185356,3047468,4,1,0,0,2,1,1,1,0,0,0,0,0,1,0,0,0,0,0,0,0,0,0,0
250011671,75200919,0,0,0,304644140,304185356,3047468,4,1,0,0,2,1,1,1,0,0,0,0,0,1,0,0,0,0,0,0,0,0,0,0
250513617,75200919,0,0,0,304644140,304185356,3047468,4,1,0,0,2,1,1,1,0,0,0,0,0,1,0,0,0,0,0,0,0,0,0,0
251023479,75200919,0,0,0,304644140,304185356,3047468,4,1,0,0,2,1,1,1,0,0,0,0,0,1,0,0,0,0,0,0,0,0,0,0
251531500,75200919,0,0,0,304644140,304185356,3047468,4,1,0,0,2,1,1,1,0,0,0,0,0,1,0,0,0,0,0,0,0,0,0,0
252040628,75200919,0,0,0,304644140,304185356,3047468,4,1,0,0,2,1,1,1,0,0,0,0,0,1,0,0,0,0,0,0,0,0,0,0
252546727,75200919,0,0,0,304644140,304185356,3047468,4,1,0,0,2,1,1,1,0,0,0,0,0,1,0,0,0,0,0,0,0,0,0,0
253050632,75200919,0,0,0,304644140,304185356,3047468,4,1,0,0,2,1,1,1,0,0,0,0,0,1,0,0,0,0,0,0,0,0,0,0
253558786,75200919,0,0,0,304644140,304185356,3047468,4,1,0,0,2,1,1,1,0,0,0,0,0,1,0,0,0,0,0,0,0,0,0,0
254069612,75200919,0,0,0,304644140,304185356,3047468,4,1,0,0,2,1,1,1,0,0,0,0,0,1,0,0,0,0,0,0,0,0,0,0
254579475,75200919,0,0,0,304644140,304185356,3047468,4,1,0,0,2,1,1,1,0,0,0,0,0,1,0,0,0,0,0,0,0,0,0,0
255081153,75200919,0,0,0,304644140,304185356,3047468,4,1,0,0,2,1,1,1,0,0,0,0,0,1,0,0,0,0,0,0,0,0,0,0
255591107,75200919,0,0,0,304644140,304185356,3047468,4,1,0,0,2,1,1,1,0,0,0,0,0,1,0,0,0,0,0,0,0,0,0,0
256095482,75200919,0,0,0,304644140,304185356,3047468,4,1,0,0,2,1,1,1,0,0,0,0,0,1,0,0,0,0,0,0,0,0,0,0
256601514,75200919,0,0,0,304644140,304185356,3047468,4,1,0,0,2,1,1,1,0,0,0,0,0,1,0,0,0,0,0,0,0,0,0,0
257102478,75200919,0,0,0,304644140,304185356,3047468,4,1,0,0,2,1,1,1,0,0,0,0,0,1,0,0,0,0,0,0,0,0,0,0
257609515,75200919,0,0,0,304644140,304185356,3047468,4,1,0,0,2,1,1,1,0,0,0,0,0,1,0,0,0,0,0,0,0,0,0,0
258109547,75200919,0,0,0,304644140,304185356,3047468,4,1,0,0,2,1,1,1,0,0,0,0,0,1,0,0,0,0,0,0,0,0,0,0
258611538,75200919,0,0,0,304644140,304185356,3047468,4,1,0,0,2,1,1,1,0,0,0,0,0,1,0,0,0,0,0,0,0,0,0,0
259114515,75200919,0,0,0,304644140,304185356,3047468,4,1,0,0,2,1,1,1,0,0,0,0,0,1,0,0,0,0,0,0,0,0,0,0
259625736,75200919,0,0,0,304644140,304185356,3047468,4,1,0,0,2,1,1,1,0,0,0,0,0,1,0,0,0,0,0,0,0,0,0,0
260127122,75200919,0,0,0,304644140,304185356,3047468,4,1,0,0,2,1,1,1,0,0,0,0,0,1,0,0,0,0,0,0,0,0,0,0
260632715,75200919,0,0,0,304644140,304185356,3047468,4,1,0,0,2,1,1,1,0,0,0,0,0,1,0,0,0,0,0,0,0,0,0,0
261143521,75200919,0,0,0,304644140,304185356,3047468,4,1,0,0,2,1,1,1,0,0,0,0,0,1,0,0,0,0,0,0,0,0,0,0
261646541,75200919,0,0,0,304644140,304185356,3047468,4,1,0,0,2,1,1,1,0,0,0,0,0,1,0,0,0,0,0,0,0,0,0,0
262159187,75200919,0,0,0,304644140,304185356,3047468,4,1,0,0,2,1,1,1,0,0,0,0,0,1,0,0,0,0,0,0,0,0,0,0
262664892,75200919,0,0,0,304644140,304185356,3047468,4,1,0,0,2,1,1,1,0,0,0,0,0,1,0,0,0,0,0,0,0,0,0,0
263175734,75200919,0,0,0,304644140,304185356,3047468,4,1,0,0,2,1,1,1,0,0,0,0,0,1,0,0,0,0,0,0,0,0,0,0
263686532,75200919,0,0,0,304644140,304185356,3047468,4,1,0,0,2,1,1,1,0,0,0,0,0,1,0,0,0,0,0,0,0,0,0,0
264192847,75200919,0,0,0,304644140,304185356,3047468,4,1,0,0,2,1,1,1,0,0,0,0,0,1,0,0,0,0,0,0,0,0,0,0
264703478,75200919,0,0,0,304644140,304185356,3047468,4,1,0,0,2,1,1,1,0,0,0,0,0,1,0,0,0,0,0,0,0,0,0,0
265211571,75200919,0,0,0,304644140,304185356,3047468,4,1,0,0,2,1,1,1,0,0,0,0,0,1,0,0,0,0,0,0,0,0,0,0
265722586,75200919,0,0,0,304644140,304185356,3047468,4,1,0,0,2,1,1,1,0,0,0,0,0,1,0,0,0,0,0,0,0,0,0,0
266231477,75200919,0,0,0,304644140,304185356,3047468,4,1,0,0,2,1,1,1,0,0,0,0,0,1,0,0,0,0,0,0,0,0,0,0
266734481,75200919,0,0,0,304644140,304185356,3047468,4,1,0,0,2,1,1,1,0,0,0,0,0,1,0,0,0,0,0,0,0,0,0,0
267235126,75200919,0,0,0,304644140,304185356,3047468,4,1,0,0,2,1,1,1,0,0,0,0,0,1,0,0,0,0,0,0,0,0,0,0
267735478,75200919,0,0,0,304644140,304185356,3047468,4,1,0,0,2,1,1,1,0,0,0,0,0,1,0,0,0,0,0,0,0,0,0,0
268237111,75200919,0,0,0,304644140,304185356,3047468,4,1,0,0,2,1,1,1,0,0,0,0,0,1,0,0,0,0,0,0,0,0,0,0
268740317,75200919,0,0,0,304644140,304185356,3047468,4,1,0,0,2,1,1,1,0,0,0,0,0,1,0,0,0,0,0,0,0,0,0,0
269248481,75200919,0,0,0,304644140,304185356,3047468,4,1,0,0,2,1,1,1,0,0,0,0,0,1,0,0,0,0,0,0,0,0,0,0
269754520,75200919,0,0,0,304644140,304185356,3047468,4,1,0,0,2,1,1,1,0,0,0,0,0,1,0,0,0,0,0,0,0,0,0,0
270258507,75200919,0,0,0,304644140,304185356,3047468,4,1,0,0,2,1,1,1,0,0,0,0,0,1,0,0,0,0,0,0,0,0,0,0
270769618,75200919,0,0,0,304644140,304185356,3047468,4,1,0,0,2,1,1,1,0,0,0,0,0,1,0,0,0,0,0,0,0,0,0,0
271277476,75200919,0,0,0,304644140,304185356,3047468,4,1,0,0,2,1,1,1,0,0,0,0,0,1,0,0,0,0,0,0,0,0,0,0
271778745,75200919,0,0,0,304644140,304185356,3047468,4,1,0,0,2,1,1,1,0,0,0,0,0,1,0,0,0,0,0,0,0,0,0,0
272280619,75200919,0,0,0,304644140,304185356,3047468,4,1,0,0,2,1,1,1,0,0,0,0,0,1,0,0,0,0,0,0,0,0,0,0
272784172,75200919,0,0,0,304644140,304185356,3047468,4,1,0,0,2,1,1,1,0,0,0,0,0,1,0,0,0,0,0,0,0,0,0,0
273287525,75200919,0,0,0,304644140,304185356,3047468,4,1,0,0,2,1,1,1,0,0,0,0,0,1,0,0,0,0,0,0,0,0,0,0
273788591,75200919,0,0,0,304644140,304185356,3047468,4,1,0,0,2,1,1,1,0,0,0,0,0,1,0,0,0,0,0,0,0,0,0,0
274290711,75200919,0,0,0,304644140,304185356,3047468,4,1,0,0,2,1,1,1,0,0,0,0,0,1,0,0,0,0,0,0,0,0,0,0
274793316,75200919,0,0,0,304644140,304185356,3047468,4,1,0,0,2,1,1,1,0,0,0,0,0,1,0,0,0,0,0,0,0,0,0,0
275294513,75200919,0,0,0,304644140,304185356,3047468,4,1,0,0,2,1,1,1,0,0,0,0,0,1,0,0,0,0,0,0,0,0,0,0
275801611,75200919,0,0,0,304644140,304185356,3047468,4,1,0,0,2,1,1,1,0,0,0,0,0,1,0,0,0,0,0,0,0,0,0,0
276305477,75200919,0,0,0,304644140,304185356,3047468,4,1,0,0,2,1,1,1,0,0,0,0,0,1,0,0,0,0,0,0,0,0,0,0
276807496,75200919,0,0,0,304644140,304185356,3047468,4,1,0,0,2,1,1,1,0,0,0,0,0,1,0,0,0,0,0,0,0,0,0,0
277312476,75200919,0,0,0,304644140,304185356,3047468,4,1,0,0,2,1,1,1,0,0,0,0,0,1,0,0,0,0,0,0,0,0,0,0
277817606,75200919,0,0,0,304644140,304185356,3047468,4,1,0,0,2,1,1,1,0,0,0,0,0,1,0,0,0,0,0,0,0,0,0,0
278327514,75200919,0,0,0,304644140,304185356,3047468,4,1,0,0,2,1,1,1,0,0,0,0,0,1,0,0,0,0,0,0,0,0,0,0
278828682,75200919,0,0,0,304644140,304185356,3047468,4,1,0,0,2,1,1,1,0,0,0,0,0,1,0,0,0,0,0,0,0,0,0,0
279337474,75200919,0,0,0,304644140,304185356,3047468,4,1,0,0,2,1,1,1,0,0,0,0,0,1,0,0,0,0,0,0,0,0,0,0
279837524,75200919,0,0,0,304644140,304185356,3047468,4,1,0,0,2,1,1,1,0,0,0,0,0,1,0,0,0,0,0,0,0,0,0,0
280347692,75200919,0,0,0,304644140,304185356,3047468,4,1,0,0,2,1,1,1,0,0,0,0,0,1,0,0,0,0,0,0,0,0,0,0
280847876,75200919,0,0,0,304644140,304185356,3047468,4,1,0,0,2,1,1,1,0,0,0,0,0,1,0,0,0,0,0,0,0,0,0,0
281348665,75200919,0,0,0,304644140,304185356,3047468,4,1,0,0,2,1,1,1,0,0,0,0,0,1,0,0,0,0,0,0,0,0,0,0
281849068,75200919,0,0,0,304644140,304185356,3047468,4,1,0,0,2,1,1,1,0,0,0,0,0,1,0,0,0,0,0,0,0,0,0,0
282350632,75200919,0,0,0,304644140,304185356,3047468,4,1,0,0,2,1,1,1,0,0,0,0,0,1,0,0,0,0,0,0,0,0,0,0
282853627,75200919,0,0,0,304644140,304185356,3047468,4,1,0,0,2,1,1,1,0,0,0,0,0,1,0,0,0,0,0,0,0,0,0,0
283364609,75200919,0,0,0,304644140,304185356,3047468,4,1,0,0,2,1,1,1,0,0,0,0,0,1,0,0,0,0,0,0,0,0,0,0
283872516,75200919,0,0,0,304644140,304185356,3047468,4,1,0,0,2,1,1,1,0,0,0,0,0,1,0,0,0,0,0,0,0,0,0,0
284382542,75200919,0,0,0,304644140,304185356,3047468,4,1,0,0,2,1,1,1,0,0,0,0,0,1,0,0,0,0,0,0,0,0,0,0
284883847,75200919,0,0,0,304644140,304185356,3047468,4,1,0,0,2,1,1,1,0,0,0,0,0,1,0,0,0,0,0,0,0,0,0,0
285387591,75200919,0,0,0,304644140,304185356,3047468,4,1,0,0,2,1,1,1,0,0,0,0,0,1,0,0,0,0,0,0,0,0,0,0
285892478,75200919,0,0,0,304644140,304185356,3047468,4,1,0,0,2,1,1,1,0,0,0,0,0,1,0,0,0,0,0,0,0,0,0,0
286395620,75200919,0,0,0,304644140,304185356,3047468,4,1,0,0,2,1,1,1,0,0,0,0,0,1,0,0,0,0,0,0,0,0,0,0
286897529,75200919,0,0,0,304644140,304185356,3047468,4,1,0,0,2,1,1,1,0,0,0,0,0,1,0,0,0,0,0,0,0,0,0,0
287399518,75200919,0,0,0,304644140,304185356,3047468,4,1,0,0,2,1,1,1,0,0,0,0,0,1,0,0,0,0,0,0,0,0,0,0
287910598,75200919,0,0,0,304644140,304185356,3047468,4,1,0,0,2,1,1,1,0,0,0,0,0,1,0,0,0,0,0,0,0,0,0,0
288420646,75200919,0,0,0,304644140,304185356,3047468,4,1,0,0,2,1,1,1,0,0,0,0,0,1,0,0,0,0,0,0,0,0,0,0
288931122,75200919,0,0,0,304644140,304185356,3047468,4,1,0,0,2,1,1,1,0,0,0,0,0,1,0,0,0,0,0,0,0,0,0,0
289431481,75200919,0,0,0,304644140,304185356,3047468,4,1,0,0,2,1,1,1,0,0,0,0,0,1,0,0,0,0,0,0,0,0,0,0
289937113,75200919,0,0,0,304644140,304185356,3047468,4,1,0,0,2,1,1,1,0,0,0,0,0,1,0,0,0,0,0,0,0,0,0,0
290437532,75200919,0,0,0,304644140,304185356,3047468,4,1,0,0,2,1,1,1,0,0,0,0,0,1,0,0,0,0,0,0,0,0,0,0
290944543,75200919,0,0,0,304644140,304185356,3047468,4,1,0,0,2,1,1,1,0,0,0,0,0,1,0,0,0,0,0,0,0,0,0,0
291453478,75200919,0,0,0,304644140,304185356,3047468,4,1,0,0,2,1,1,1,0,0,0,0,0,1,0,0,0,0,0,0,0,0,0,0
291955532,75200919,0,0,0,304644140,304185356,3047468,4,1,0,0,2,1,1,1,0,0,0,0,0,1,0,0,0,0,0,0,0,0,0,0
292458697,75200919,0,0,0,304644140,304185356,3047468,4,1,0,0,2,1,1,1,0,0,0,0,0,1,0,0,0,0,0,0,0,0,0,0
292963068,75200919,0,0,0,304644140,304185356,3047468,4,1,0,0,2,1,1,1,0,0,0,0,0,1,0,0,0,0,0,0,0,0,0,0
293471505,75200919,0,0,0,304644140,304185356,3047468,4,1,0,0,2,1,1,1,0,0,0,0,0,1,0,0,0,0,0,0,0,0,0,0
293983708,75200919,0,0,0,304644140,304185356,3047468,4,1,0,0,2,1,1,1,0,0,0,0,0,1,0,0,0,0,0,0,0,0,0,0
294493483,75200919,0,0,0,304644140,304185356,3047468,4,1,0,0,2,1,1,1,0,0,0,0,0,1,0,0,0,0,0,0,0,0,0,0
294995542,75200919,0,0,0,304644140,304185356,3047468,4,1,0,0,2,1,1,1,0,0,0,0,0,1,0,0,0,0,0,0,0,0,0,0
295496518,75200919,0,0,0,304644140,304185356,3047468,4,1,0,0,2,1,1,1,0,0,0,0,0,1,0,0,0,0,0,0,0,0,0,0
296001598,75200919,0,0,0,304644140,304185356,3047468,4,1,0,0,2,1,1,1,0,0,0,0,0,1,0,0,0,0,0,0,0,0,0,0
296504494,75200919,0,0,0,304644140,304185356,3047468,4,1,0,0,2,1,1,1,0,0,0,0,0,1,0,0,0,0,0,0,0,0,0,0
297005269,75200919,0,0,0,304644140,304185356,3047468,4,1,0,0,2,1,1,1,0,0,0,0,0,1,0,0,0,0,0,0,0,0,0,0
297507500,75200919,0,0,0,304644140,304185356,3047468,4,1,0,0,2,1,1,1,0,0,0,0,0,1,0,0,0,0,0,0,0,0,0,0
298012772,75200919,0,0,0,304644140,304185356,3047468,4,1,0,0,2,1,1,1,0,0,0,0,0,1,0,0,0,0,0,0,0,0,0,0
298522571,75200919,0,0,0,304644140,304185356,3047468,4,1,0,0,2,1,1,1,0,0,0,0,0,1,0,0,0,0,0,0,0,0,0,0
299032097,75200919,0,0,0,304644140,304185356,3047468,4,1,0,0,2,1,1,1,0,0,0,0,0,1,0,0,0,0,0,0,0,0,0,0
299532784,75200919,0,0,0,304644140,304185356,3047468,4,1,0,0,2,1,1,1,0,0,0,0,0,1,0,0,0,0,0,0,0,0,0,0
300042485,75200919,0,0,0,304644140,304185356,3047468,4,1,0,0,2,1,1,1,0,0,0,0,0,1,0,0,0,0,0,0,0,0,0,0
300544503,75200919,0,0,0,304644140,304185356,3047468,4,1,0,0,2,1,1,1,0,0,0,0,0,1,0,0,0,0,0,0,0,0,0,0
301044510,75200919,0,0,0,304644140,304185356,3047468,4,1,0,0,2,1,1,1,0,0,0,0,0,1,0,0,0,0,0,0,0,0,0,0
301554476,75200919,0,0,0,304644140,304185356,3047468,4,1,0,0,2,1,1,1,0,0,0,0,0,1,0,0,0,0,0,0,0,0,0,0
302054599,75200919,0,0,0,304644140,304185356,3047468,4,1,0,0,2,1,1,1,0,0,0,0,0,1,0,0,0,0,0,0,0,0,0,0
302555011,75200919,0,0,0,304644140,304185356,3047468,4,1,0,0,2,1,1,1,0,0,0,0,0,1,0,0,0,0,0,0,0,0,0,0
303063573,75200919,0,0,0,304644140,304185356,3047468,4,1,0,0,2,1,1,1,0,0,0,0,0,1,0,0,0,0,0,0,0,0,0,0
303565506,75200919,0,0,0,304644140,304185356,3047468,4,1,0,0,2,1,1,1,0,0,0,0,0,1,0,0,0,0,0,0,0,0,0,0
304075514,75200919,0,0,0,304644140,304185356,3047468,4,1,0,0,2,1,1,1,0,0,0,0,0,1,0,0,0,0,0,0,0,0,0,0
304586534,75200919,0,0,0,304644140,304185356,3047468,4,1,0,0,2,1,1,1,0,0,0,0,0,1,0,0,0,0,0,0,0,0,0,0
305088515,75200919,0,0,0,304644140,304185356,3047468,4,1,0,0,2,1,1,1,0,0,0,0,0,1,0,0,0,0,0,0,0,0,0,0
305588548,75200919,0,0,0,304644140,304185356,3047468,4,1,0,0,2,1,1,1,0,0,0,0,0,1,0,0,0,0,0,0,0,0,0,0
306091624,75200919,0,0,0,304644140,304185356,3047468,4,1,0,0,2,1,1,1,0,0,0,0,0,1,0,0,0,0,0,0,0,0,0,0
306592515,75200919,0,0,0,304644140,304185356,3047468,4,1,0,0,2,1,1,1,0,0,0,0,0,1,0,0,0,0,0,0,0,0,0,0
307099621,75200919,0,0,0,304644140,304185356,3047468,4,1,0,0,2,1,1,1,0,0,0,0,0,1,0,0,0,0,0,0,0,0,0,0
307600909,75200919,0,0,0,304644140,304185356,3047468,4,1,0,0,2,1,1,1,0,0,0,0,0,1,0,0,0,0,0,0,0,0,0,0
308102621,75200919,0,0,0,304644140,304185356,3047468,4,1,0,0,2,1,1,1,0,0,0,0,0,1,0,0,0,0,0,0,0,0,0,0
308604075,75200919,0,0,0,304644140,304185356,3047468,4,1,0,0,2,1,1,1,0,0,0,0,0,1,0,0,0,0,0,0,0,0,0,0
309115080,75200919,0,0,0,304644140,304185356,3047468,4,1,0,0,2,1,1,1,0,0,0,0,0,1,0,0,0,0,0,0,0,0,0,0
309617574,75200919,0,0,0,304644140,304185356,3047468,4,1,0,0,2,1,1,1,0,0,0,0,0,1,0,0,0,0,0,0,0,0,0,0
310126519,75200919,0,0,0,304644140,304185356,3047468,4,1,0,0,2,1,1,1,0,0,0,0,0,1,0,0,0,0,0,0,0,0,0,0
310632508,75200919,0,0,0,304644140,304185356,3047468,4,1,0,0,2,1,1,1,0,0,0,0,0,1,0,0,0,0,0,0,0,0,0,0
311142477,75200919,0,0,0,304644140,304185356,3047468,4,1,0,0,2,1,1,1,0,0,0,0,0,1,0,0,0,0,0,0,0,0,0,0
311642651,75200919,0,0,0,304644140,304185356,3047468,4,1,0,0,2,1,1,1,0,0,0,0,0,1,0,0,0,0,0,0,0,0,0,0
312147877,75200919,0,0,0,304644140,304185356,3047468,4,1,0,0,2,1,1,1,0,0,0,0,0,1,0,0,0,0,0,0,0,0,0,0
312653064,75200919,0,0,0,304644140,304185356,3047468,4,1,0,0,2,1,1,1,0,0,0,0,0,1,0,0,0,0,0,0,0,0,0,0
313162535,75200919,0,0,0,304644140,304185356,3047468,4,1,0,0,2,1,1,1,0,0,0,0,0,1,0,0,0,0,0,0,0,0,0,0
313663733,75200919,0,0,0,304644140,304185356,3047468,4,1,0,0,2,1,1,1,0,0,0,0,0,1,0,0,0,0,0,0,0,0,0,0
314173507,75200919,0,0,0,304644140,304185356,3047468,4,1,0,0,2,1,1,1,0,0,0,0,0,1,0,0,0,0,0,0,0,0,0,0
314684200,75200919,0,0,0,304644140,304185356,3047468,4,1,0,0,2,1,1,1,0,0,0,0,0,1,0,0,0,0,0,0,0,0,0,0
315194483,75200919,0,0,0,304644140,304185356,3047468,4,1,0,0,2,1,1,1,0,0,0,0,0,1,0,0,0,0,0,0,0,0,0,0
315702023,75200919,0,0,0,304644140,304185356,3047468,4,1,0,0,2,1,1,1,0,0,0,0,0,1,0,0,0,0,0,0,0,0,0,0
316202730,75200919,0,0,0,304644140,304185356,3047468,4,1,0,0,2,1,1,1,0,0,0,0,0,1,0,0,0,0,0,0,0,0,0,0
316706494,75200919,0,0,0,304644140,304185356,3047468,4,1,0,0,2,1,1,1,0,0,0,0,0,1,0,0,0,0,0,0,0,0,0,0
317215509,75200919,0,0,0,304644140,304185356,3047468,4,1,0,0,2,1,1,1,0,0,0,0,0,1,0,0,0,0,0,0,0,0,0,0
317725520,75200919,0,0,0,304644140,304185356,3047468,4,1,0,0,2,1,1,1,0,0,0,0,0,1,0,0,0,0,0,0,0,0,0,0
318228586,75200919,0,0,0,304644140,304185356,3047468,4,1,0,0,2,1,1,1,0,0,0,0,0,1,0,0,0,0,0,0,0,0,0,0
318733187,75200919,0,0,0,304644140,304185356,3047468,4,1,0,0,2,1,1,1,0,0,0,0,0,1,0,0,0,0,0,0,0,0,0,0
319233681,75200919,0,0,0,304644140,304185356,3047468,4,1,0,0,2,1,1,1,0,0,0,0,0,1,0,0,0,0,0,0,0,0,0,0
319738509,75200919,0,0,0,304644140,304185356,3047468,4,1,0,0,2,1,1,1,0,0,0,0,0,1,0,0,0,0,0,0,0,0,0,0
320246494,75200919,0,0,0,304644140,304185356,3047468,4,1,0,0,2,1,1,1,0,0,0,0,0,1,0,0,0,0,0,0,0,0,0,0
320746600,75200919,0,0,0,304644140,304185356,3047468,4,1,0,0,2,1,1,1,0,0,0,0,0,1,0,0,0,0,0,0,0,0,0,0
321252534,75200919,0,0,0,304644140,304185356,3047468,4,1,0,0,2,1,1,1,0,0,0,0,0,1,0,0,0,0,0,0,0,0,0,0
321754481,75200919,0,0,0,304644140,304185356,3047468,4,1,0,0,2,1,1,1,0,0,0,0,0,1,0,0,0,0,0,0,0,0,0,0
322255510,75200919,0,0,0,304644140,304185356,3047468,4,1,0,0,2,1,1,1,0,0,0,0,0,1,0,0,0,0,0,0,0,0,0,0
322755588,75200919,0,0,0,304644140,304185356,3047468,4,1,0,0,2,1,1,1,0,0,0,0,0,1,0,0,0,0,0,0,0,0,0,0
323263476,75200919,0,0,0,304644140,304185356,3047468,4,1,0,0,2,1,1,1,0,0,0,0,0,1,0,0,0,0,0,0,0,0,0,0
323765547,75200919,0,0,0,304644140,304185356,3047468,4,1,0,0,2,1,1,1,0,0,0,0,0,1,0,0,0,0,0,0,0,0,0,0
324266609,75200919,0,0,0,304644140,304185356,3047468,4,1,0,0,2,1,1,1,0,0,0,0,0,1,0,0,0,0,0,0,0,0,0,0
324776829,75200919,0,0,0,304644140,304185356,3047468,4,1,0,0,2,1,1,1,0,0,0,0,0,1,0,0,0,0,0,0,0,0,0,0
325279730,75200919,0,0,0,304644140,304185356,3047468,4,1,0,0,2,1,1,1,0,0,0,0,0,1,0,0,0,0,0,0,0,0,0,0
325781488,75200919,0,0,0,304644140,304185356,3047468,4,1,0,0,2,1,1,1,0,0,0,0,0,1,0,0,0,0,0,0,0,0,0,0
326284481,75200919,0,0,0,304644140,304185356,3047468,4,1,0,0,2,1,1,1,0,0,0,0,0,1,0,0,0,0,0,0,0,0,0,0
326795477,75200919,0,0,0,304644140,304185356,3047468,4,1,0,0,2,1,1,1,0,0,0,0,0,1,0,0,0,0,0,0,0,0,0,0
327304508,75200919,0,0,0,304644140,304185356,3047468,4,1,0,0,2,1,1,1,0,0,0,0,0,1,0,0,0,0,0,0,0,0,0,0
327805160,75200919,0,0,0,304644140,304185356,3047468,4,1,0,0,2,1,1,1,0,0,0,0,0,1,0,0,0,0,0,0,0,0,0,0
328305599,75200919,0,0,0,304644140,304185356,3047468,4,1,0,0,2,1,1,1,0,0,0,0,0,1,0,0,0,0,0,0,0,0,0,0
328807510,75200919,0,0,0,304644140,304185356,3047468,4,1,0,0,2,1,1,1,0,0,0,0,0,1,0,0,0,0,0,0,0,0,0,0
329311548,75200919,0,0,0,304644140,304185356,3047468,4,1,0,0,2,1,1,1,0,0,0,0,0,1,0,0,0,0,0,0,0,0,0,0
329816633,75200919,0,0,0,304644140,304185356,3047468,4,1,0,0,2,1,1,1,0,0,0,0,0,1,0,0,0,0,0,0,0,0,0,0
330320958,75200919,0,0,0,304644140,304185356,3047468,4,1,0,0,2,1,1,1,0,0,0,0,0,1,0,0,0,0,0,0,0,0,0,0
330821194,75200919,0,0,0,304644140,304185356,3047468,4,1,0,0,2,1,1,1,0,0,0,0,0,1,0,0,0,0,0,0,0,0,0,0
331321672,75200919,0,0,0,304644140,304185356,3047468,4,1,0,0,2,1,1,1,0,0,0,0,0,1,0,0,0,0,0,0,0,0,0,0
331832682,75200919,0,0,0,304644140,304185356,3047468,4,1,0,0,2,1,1,1,0,0,0,0,0,1,0,0,0,0,0,0,0,0,0,0
332342676,75200919,0,0,0,304644140,304185356,3047468,4,1,0,0,2,1,1,1,0,0,0,0,0,1,0,0,0,0,0,0,0,0,0,0
332843524,75200919,0,0,0,304644140,304185356,3047468,4,1,0,0,2,1,1,1,0,0,0,0,0,1,0,0,0,0,0,0,0,0,0,0
333354514,75200919,0,0,0,304644140,304185356,3047468,4,1,0,0,2,1,1,1,0,0,0,0,0,1,0,0,0,0,0,0,0,0,0,0
333859484,75200919,0,0,0,304644140,304185356,3047468,4,1,0,0,2,1,1,1,0,0,0,0,0,1,0,0,0,0,0,0,0,0,0,0
334361212,75200919,0,0,0,304644140,304185356,3047468,4,1,0,0,2,1,1,1,0,0,0,0,0,1,0,0,0,0,0,0,0,0,0,0
334868685,75200919,0,0,0,304644140,304185356,3047468,4,1,0,0,2,1,1,1,0,0,0,0,0,1,0,0,0,0,0,0,0,0,0,0
335370640,75200919,0,0,0,304644140,304185356,3047468,4,1,0,0,2,1,1,1,0,0,0,0,0,1,0,0,0,0,0,0,0,0,0,0
335870651,75200919,0,0,0,304644140,304185356,3047468,4,1,0,0,2,1,1,1,0,0,0,0,0,1,0,0,0,0,0,0,0,0,0,0
336370688,75200919,0,0,0,304644140,304185356,3047468,4,1,0,0,2,1,1,1,0,0,0,0,0,1,0,0,0,0,0,0,0,0,0,0
336879867,75200919,0,0,0,304644140,304185356,3047468,4,1,0,0,2,1,1,1,0,0,0,0,0,1,0,0,0,0,0,0,0,0,0,0
337389593,75200919,0,0,0,304644140,304185356,3047468,4,1,0,0,2,1,1,1,0,0,0,0,0,1,0,0,0,0,0,0,0,0,0,0
337900158,75200919,0,0,0,304644140,304185356,3047468,4,1,0,0,2,1,1,1,0,0,0,0,0,1,0,0,0,0,0,0,0,0,0,0
338405083,75200919,0,0,0,304644140,304185356,3047468,4,1,0,0,2,1,1,1,0,0,0,0,0,1,0,0,0,0,0,0,0,0,0,0
338913504,75200919,0,0,0,304644140,304185356,3047468,4,1,0,0,2,1,1,1,0,0,0,0,0,1,0,0,0,0,0,0,0,0,0,0
339415533,75200919,0,0,0,304644140,304185356,3047468,4,1,0,0,2,1,1,1,0,0,0,0,0,1,0,0,0,0,0,0,0,0,0,0
339925484,75200919,0,0,0,304644140,304185356,3047468,4,1,0,0,2,1,1,1,0,0,0,0,0,1,0,0,0,0,0,0,0,0,0,0
340427618,75200919,0,0,0,304644140,304185356,3047468,4,1,0,0,2,1,1,1,0,0,0,0,0,1,0,0,0,0,0,0,0,0,0,0
340933995,75200919,0,0,0,304644140,304185356,3047468,4,1,0,0,2,1,1,1,0,0,0,0,0,1,0,0,0,0,0,0,0,0,0,0
341434628,75200919,0,0,0,304644140,304185356,3047468,4,1,0,0,2,1,1,1,0,0,0,0,0,1,0,0,0,0,0,0,0,0,0,0
341941146,75200919,0,0,0,304644140,304185356,3047468,4,1,0,0,2,1,1,1,0,0,0,0,0,1,0,0,0,0,0,0,0,0,0,0
342449014,75200919,0,0,0,304644140,304185356,3047468,4,1,0,0,2,1,1,1,0,0,0,0,0,1,0,0,0,0,0,0,0,0,0,0
342956414,75200919,0,0,0,304644140,304185356,3047468,4,1,0,0,2,1,1,1,0,0,0,0,0,1,0,0,0,0,0,0,0,0,0,0
343464475,75200919,0,0,0,304644140,304185356,3047468,4,1,0,0,2,1,1,1,0,0,0,0,0,1,0,0,0,0,0,0,0,0,0,0
343967837,75200919,0,0,0,304644140,304185356,3047468,4,1,0,0,2,1,1,1,0,0,0,0,0,1,0,0,0,0,0,0,0,0,0,0
344469884,75200919,0,0,0,304644140,304185356,3047468,4,1,0,0,2,1,1,1,0,0,0,0,0,1,0,0,0,0,0,0,0,0,0,0
344972758,75200919,0,0,0,304644140,304185356,3047468,4,1,0,0,2,1,1,1,0,0,0,0,0,1,0,0,0,0,0,0,0,0,0,0
345482792,75200919,0,0,0,304644140,304185356,3047468,4,1,0,0,2,1,1,1,0,0,0,0,0,1,0,0,0,0,0,0,0,0,0,0
345983541,75200919,0,0,0,304644140,304185356,3047468,4,1,0,0,2,1,1,1,0,0,0,0,0,1,0,0,0,0,0,0,0,0,0,0
346487125,75200919,0,0,0,304644140,304185356,3047468,4,1,0,0,2,1,1,1,0,0,0,0,0,1,0,0,0,0,0,0,0,0,0,0
346992784,75200919,0,0,0,304644140,304185356,3047468,4,1,0,0,2,1,1,1,0,0,0,0,0,1,0,0,0,0,0,0,0,0,0,0
347503563,75200919,0,0,0,304644140,304185356,3047468,4,1,0,0,2,1,1,1,0,0,0,0,0,1,0,0,0,0,0,0,0,0,0,0
348009774,75200919,0,0,0,304644140,304185356,3047468,4,1,0,0,2,1,1,1,0,0,0,0,0,1,0,0,0,0,0,0,0,0,0,0
348519482,75200919,0,0,0,304644140,304185356,3047468,4,1,0,0,2,1,1,1,0,0,0,0,0,1,0,0,0,0,0,0,0,0,0,0
349022945,75200919,0,0,0,304644140,304185356,3047468,4,1,0,0,2,1,1,1,0,0,0,0,0,1,0,0,0,0,0,0,0,0,0,0
349527506,75200919,0,0,0,304644140,304185356,3047468,4,1,0,0,2,1,1,1,0,0,0,0,0,1,0,0,0,0,0,0,0,0,0,0
350035480,75200919,0,0,0,304644140,304185356,3047468,4,1,0,0,2,1,1,1,0,0,0,0,0,1,0,0,0,0,0,0,0,0,0,0
350537500,75200919,0,0,0,304644140,304185356,3047468,4,1,0,0,2,1,1,1,0,0,0,0,0,1,0,0,0,0,0,0,0,0,0,0
351038479,75200919,0,0,0,304644140,304185356,3047468,4,1,0,0,2,1,1,1,0,0,0,0,0,1,0,0,0,0,0,0,0,0,0,0
351547649,75200919,0,0,0,304644140,304185356,3047468,4,1,0,0,2,1,1,1,0,0,0,0,0,1,0,0,0,0,0,0,0,0,0,0
352057601,75200919,0,0,0,304644140,304185356,3047468,4,1,0,0,2,1,1,1,0,0,0,0,0,1,0,0,0,0,0,0,0,0,0,0
352564614,75200919,0,0,0,304644140,304185356,3047468,4,1,0,0,2,1,1,1,0,0,0,0,0,1,0,0,0,0,0,0,0,0,0,0
353069504,75200919,0,0,0,304644140,304185356,3047468,4,1,0,0,2,1,1,1,0,0,0,0,0,1,0,0,0,0,0,0,0,0,0,0
353573505,75200919,0,0,0,304644140,304185356,3047468,4,1,0,0,2,1,1,1,0,0,0,0,0,1,0,0,0,0,0,0,0,0,0,0
354077228,75200919,0,0,0,304644140,304185356,3047468,4,1,0,0,2,1,1,1,0,0,0,0,0,1,0,0,0,0,0,0,0,0,0,0
354578512,75200919,0,0,0,304644140,304185356,3047468,4,1,0,0,2,1,1,1,0,0,0,0,0,1,0,0,0,0,0,0,0,0,0,0
355081478,75200919,0,0,0,304644140,304185356,3047468,4,1,0,0,2,1,1,1,0,0,0,0,0,1,0,0,0,0,0,0,0,0,0,0
355591482,75200919,0,0,0,304644140,304185356,3047468,4,1,0,0,2,1,1,1,0,0,0,0,0,1,0,0,0,0,0,0,0,0,0,0
356095480,75200919,0,0,0,304644140,304185356,3047468,4,1,0,0,2,1,1,1,0,0,0,0,0,1,0,0,0,0,0,0,0,0,0,0
356595538,75200919,0,0,0,304644140,304185356,3047468,4,1,0,0,2,1,1,1,0,0,0,0,0,1,0,0,0,0,0,0,0,0,0,0
357096988,75200919,0,0,0,304644140,304185356,3047468,4,1,0,0,2,1,1,1,0,0,0,0,0,1,0,0,0,0,0,0,0,0,0,0
357603479,75200919,0,0,0,304644140,304185356,3047468,4,1,0,0,2,1,1,1,0,0,0,0,0,1,0,0,0,0,0,0,0,0,0,0
358108323,75200919,0,0,0,304644140,304185356,3047468,4,1,0,0,2,1,1,1,0,0,0,0,0,1,0,0,0,0,0,0,0,0,0,0
358616651,75200919,0,0,0,304644140,304185356,3047468,4,1,0,0,2,1,1,1,0,0,0,0,0,1,0,0,0,0,0,0,0,0,0,0
359125797,75200919,0,0,0,304644140,304185356,3047468,4,1,0,0,2,1,1,1,0,0,0,0,0,1,0,0,0,0,0,0,0,0,0,0
359631995,75200919,0,0,0,304644140,304185356,3047468,4,1,0,0,2,1,1,1,0,0,0,0,0,1,0,0,0,0,0,0,0,0,0,0
360132635,75200919,0,0,0,304644140,304185356,3047468,4,1,0,0,2,1,1,1,0,0,0,0,0,1,0,0,0,0,0,0,0,0,0,0
360642482,75200919,0,0,0,304644140,304185356,3047468,4,1,0,0,2,1,1,1,0,0,0,0,0,1,0,0,0,0,0,0,0,0,0,0
361144519,75200919,0,0,0,304644140,304185356,3047468,4,1,0,0,2,1,1,1,0,0,0,0,0,1,0,0,0,0,0,0,0,0,0,0
361654508,75200919,0,0,0,304644140,304185356,3047468,4,1,0,0,2,1,1,1,0,0,0,0,0,1,0,0,0,0,0,0,0,0,0,0
362164480,75200919,0,0,0,304644140,304185356,3047468,4,1,0,0,2,1,1,1,0,0,0,0,0,1,0,0,0,0,0,0,0,0,0,0
362667991,75200919,0,0,0,304644140,304185356,3047468,4,1,0,0,2,1,1,1,0,0,0,0,0,1,0,0,0,0,0,0,0,0,0,0
363172478,75200919,0,0,0,304644140,304185356,3047468,4,1,0,0,2,1,1,1,0,0,0,0,0,1,0,0,0,0,0,0,0,0,0,0
363678480,75200919,0,0,0,304644140,304185356,3047468,4,1,0,0,2,1,1,1,0,0,0,0,0,1,0,0,0,0,0,0,0,0,0,0
364183974,75200919,0,0,0,304644140,304185356,3047468,4,1,0,0,2,1,1,1,0,0,0,0,0,1,0,0,0,0,0,0,0,0,0,0
364694107,75200919,0,0,0,304644140,304185356,3047468,4,1,0,0,2,1,1,1,0,0,0,0,0,1,0,0,0,0,0,0,0,0,0,0
365199016,75200919,0,0,0,304644140,304185356,3047468,4,1,0,0,2,1,1,1,0,0,0,0,0,1,0,0,0,0,0,0,0,0,0,0
365700606,75200919,0,0,0,304644140,304185356,3047468,4,1,0,0,2,1,1,1,0,0,0,0,0,1,0,0,0,0,0,0,0,0,0,0
366208600,75200919,0,0,0,304644140,304185356,3047468,4,1,0,0,2,1,1,1,0,0,0,0,0,1,0,0,0,0,0,0,0,0,0,0
366711612,75200919,0,0,0,304644140,304185356,3047468,4,1,0,0,2,1,1,1,0,0,0,0,0,1,0,0,0,0,0,0,0,0,0,0
367211987,75200919,0,0,0,304644140,304185356,3047468,4,1,0,0,2,1,1,1,0,0,0,0,0,1,0,0,0,0,0,0,0,0,0,0
367714105,75200919,0,0,0,304644140,304185356,3047468,4,1,0,0,2,1,1,1,0,0,0,0,0,1,0,0,0,0,0,0,0,0,0,0
368222486,75200919,0,0,0,304644140,304185356,3047468,4,1,0,0,2,1,1,1,0,0,0,0,0,1,0,0,0,0,0,0,0,0,0,0
368728515,75200919,0,0,0,304644140,304185356,3047468,4,1,0,0,2,1,1,1,0,0,0,0,0,1,0,0,0,0,0,0,0,0,0,0
369236479,75200919,0,0,0,304644140,304185356,3047468,4,1,0,0,2,1,1,1,0,0,0,0,0,1,0,0,0,0,0,0,0,0,0,0
369737796,75200919,0,0,0,304644140,304185356,3047468,4,1,0,0,2,1,1,1,0,0,0,0,0,1,0,0,0,0,0,0,0,0,0,0
370248668,75200919,0,0,0,304644140,304185356,3047468,4,1,0,0,2,1,1,1,0,0,0,0,0,1,0,0,0,0,0,0,0,0,0,0
370749495,75200919,0,0,0,304644140,304185356,3047468,4,1,0,0,2,1,1,1,0,0,0,0,0,1,0,0,0,0,0,0,0,0,0,0
371259512,75200919,0,0,0,304644140,304185356,3047468,4,1,0,0,2,1,1,1,0,0,0,0,0,1,0,0,0,0,0,0,0,0,0,0
371769516,75200919,0,0,0,304644140,304185356,3047468,4,1,0,0,2,1,1,1,0,0,0,0,0,1,0,0,0,0,0,0,0,0,0,0
372271634,75200919,0,0,0,304644140,304185356,3047468,4,1,0,0,2,1,1,1,0,0,0,0,0,1,0,0,0,0,0,0,0,0,0,0
372780623,75200919,0,0,0,304644140,304185356,3047468,4,1,0,0,2,1,1,1,0,0,0,0,0,1,0,0,0,0,0,0,0,0,0,0
373284486,75200919,0,0,0,304644140,304185356,3047468,4,1,0,0,2,1,1,1,0,0,0,0,0,1,0,0,0,0,0,0,0,0,0,0
373785496,75200919,0,0,0,304644140,304185356,3047468,4,1,0,0,2,1,1,1,0,0,0,0,0,1,0,0,0,0,0,0,0,0,0,0
374291030,75200919,0,0,0,304644140,304185356,3047468,4,1,0,0,2,1,1,1,0,0,0,0,0,1,0,0,0,0,0,0,0,0,0,0
374792550,75200919,0,0,0,304644140,304185356,3047468,4,1,0,0,2,1,1,1,0,0,0,0,0,1,0,0,0,0,0,0,0,0,0,0
375295975,75200919,0,0,0,304644140,304185356,3047468,4,1,0,0,2,1,1,1,0,0,0,0,0,1,0,0,0,0,0,0,0,0,0,0
375798503,75200919,0,0,0,304644140,304185356,3047468,4,1,0,0,2,1,1,1,0,0,0,0,0,1,0,0,0,0,0,0,0,0,0,0
376300811,75200919,0,0,0,304644140,304185356,3047468,4,1,0,0,2,1,1,1,0,0,0,0,0,1,0,0,0,0,0,0,0,0,0,0
376808763,75200919,0,0,0,304644140,304185356,3047468,4,1,0,0,2,1,1,1,0,0,0,0,0,1,0,0,0,0,0,0,0,0,0,0
377309544,75200919,0,0,0,304644140,304185356,3047468,4,1,0,0,2,1,1,1,0,0,0,0,0,1,0,0,0,0,0,0,0,0,0,0
377811493,75200919,0,0,0,304644140,304185356,3047468,4,1,0,0,2,1,1,1,0,0,0,0,0,1,0,0,0,0,0,0,0,0,0,0
378311981,75200919,0,0,0,304644140,304185356,3047468,4,1,0,0,2,1,1,1,0,0,0,0,0,1,0,0,0,0,0,0,0,0,0,0
378812515,75200919,0,0,0,304644140,304185356,3047468,4,1,0,0,2,1,1,1,0,0,0,0,0,1,0,0,0,0,0,0,0,0,0,0
379322477,75200919,0,0,0,304644140,304185356,3047468,4,1,0,0,2,1,1,1,0,0,0,0,0,1,0,0,0,0,0,0,0,0,0,0
379831648,75200919,0,0,0,304644140,304185356,3047468,4,1,0,0,2,1,1,1,0,0,0,0,0,1,0,0,0,0,0,0,0,0,0,0
380342807,75200919,0,0,0,304644140,304185356,3047468,4,1,0,0,2,1,1,1,0,0,0,0,0,1,0,0,0,0,0,0,0,0,0,0
380845521,75200919,0,0,0,304644140,304185356,3047468,4,1,0,0,2,1,1,1,0,0,0,0,0,1,0,0,0,0,0,0,0,0,0,0
381349505,75200919,0,0,0,304644140,304185356,3047468,4,1,0,0,2,1,1,1,0,0,0,0,0,1,0,0,0,0,0,0,0,0,0,0
381858477,75200919,0,0,0,304644140,304185356,3047468,4,1,0,0,2,1,1,1,0,0,0,0,0,1,0,0,0,0,0,0,0,0,0,0
382366732,75200919,0,0,0,304644140,304185356,3047468,4,1,0,0,2,1,1,1,0,0,0,0,0,1,0,0,0,0,0,0,0,0,0,0
382867489,75200919,0,0,0,304644140,304185356,3047468,4,1,0,0,2,1,1,1,0,0,0,0,0,1,0,0,0,0,0,0,0,0,0,0
383368979,75200919,0,0,0,304644140,304185356,3047468,4,1,0,0,2,1,1,1,0,0,0,0,0,1,0,0,0,0,0,0,0,0,0,0
383871628,75200919,0,0,0,304644140,304185356,3047468,4,1,0,0,2,1,1,1,0,0,0,0,0,1,0,0,0,0,0,0,0,0,0,0
384376475,75200919,0,0,0,304644140,304185356,3047468,4,1,0,0,2,1,1,1,0,0,0,0,0,1,0,0,0,0,0,0,0,0,0,0
384880631,75200919,0,0,0,304644140,304185356,3047468,4,1,0,0,2,1,1,1,0,0,0,0,0,1,0,0,0,0,0,0,0,0,0,0
385391097,75200919,0,0,0,304644140,304185356,3047468,4,1,0,0,2,1,1,1,0,0,0,0,0,1,0,0,0,0,0,0,0,0,0,0
385892586,75200919,0,0,0,304644140,304185356,3047468,4,1,0,0,2,1,1,1,0,0,0,0,0,1,0,0,0,0,0,0,0,0,0,0
386403279,75200919,0,0,0,304644140,304185356,3047468,4,1,0,0,2,1,1,1,0,0,0,0,0,1,0,0,0,0,0,0,0,0,0,0
386905531,75200919,0,0,0,304644140,304185356,3047468,4,1,0,0,2,1,1,1,0,0,0,0,0,1,0,0,0,0,0,0,0,0,0,0
387411505,75200919,0,0,0,304644140,304185356,3047468,4,1,0,0,2,1,1,1,0,0,0,0,0,1,0,0,0,0,0,0,0,0,0,0
387918476,75200919,0,0,0,304644140,304185356,3047468,4,1,0,0,2,1,1,1,0,0,0,0,0,1,0,0,0,0,0,0,0,0,0,0
388424576,75200919,0,0,0,304644140,304185356,3047468,4,1,0,0,2,1,1,1,0,0,0,0,0,1,0,0,0,0,0,0,0,0,0,0
388930687,75200919,0,0,0,304644140,304185356,3047468,4,1,0,0,2,1,1,1,0,0,0,0,0,1,0,0,0,0,0,0,0,0,0,0
389441467,75200919,0,0,0,304644140,304185356,3047468,4,1,0,0,2,1,1,1,0,0,0,0,0,1,0,0,0,0,0,0,0,0,0,0
389949717,75200919,0,0,0,304644140,304185356,3047468,4,1,0,0,2,1,1,1,0,0,0,0,0,1,0,0,0,0,0,0,0,0,0,0
390458151,75200919,0,0,0,304644140,304185356,3047468,4,1,0,0,2,1,1,1,0,0,0,0,0,1,0,0,0,0,0,0,0,0,0,0
390966483,75200919,0,0,0,304644140,304185356,3047468,4,1,0,0,2,1,1,1,0,0,0,0,0,1,0,0,0,0,0,0,0,0,0,0
391476475,75200919,0,0,0,304644140,304185356,3047468,4,1,0,0,2,1,1,1,0,0,0,0,0,1,0,0,0,0,0,0,0,0,0,0
