timestamp,data_rate,rate_multiplier,tx_rate_avg,tx_error_rate_avg,tx_message_count,tx_buffer_overruns,rx_rate_avg,rx_message_count,rx_message_lost_count,rx_buffer_overruns,rx_parse_errors,rx_packet_drop_count,rx_message_lost_rate,type,mode,flow_control,forwarding,mavlink_v2,ftp,streams,heartbeat_type_antenna_tracker,heartbeat_type_gcs,heartbeat_type_onboard_controller,heartbeat_type_gimbal,heartbeat_type_adsb,heartbeat_type_camera,heartbeat_component_telemetry_radio,heartbeat_component_log,heartbeat_component_osd,heartbeat_component_obstacle_avoidance,heartbeat_component_vio,heartbeat_component_pairing_manager,heartbeat_component_udp_bridge,heartbeat_component_uart_bridge,avoidance_system_healthy
1925481,800000.0,1.0,0.0,0.0,30,0,0.0,1,0,0,0,0,0.0,3,5,0,0,0,1,53,0,1,0,0,0,0,0,0,0,0,0,0,0,0,0
2684125,800000.0,1.0,0.0,0.0,181,0,0.0,1,0,0,0,0,0.0,3,5,0,0,0,1,53,0,1,0,0,0,0,0,0,0,0,0,0,0,0,0
2867259,800000.0,1.0,9356.593,0.0,226,0,44.863792,4,0,0,0,0,0.0,3,5,0,0,0,1,54,0,1,0,0,0,0,0,0,0,0,0,0,0,0,0
3079335,800000.0,1.0,9356.593,0.0,271,0,44.863792,5,0,0,0,0,0.0,3,5,0,0,1,1,55,0,1,0,0,0,0,0,0,0,0,0,0,0,0,0
3827505,800000.0,1.0,9356.593,0.0,1287,0,44.863792,12,0,0,0,0,0.0,3,5,0,0,1,1,55,0,1,0,0,0,0,0,0,0,0,0,0,0,0,0
3914350,800000.0,1.0,46086.266,0.0,1314,0,272.05704,18,0,0,0,0,0.0,3,5,0,0,1,1,55,0,1,0,0,0,0,0,0,0,0,0,0,0,0,0
4675553,800000.0,1.0,46086.266,0.0,1489,0,272.05704,18,0,0,0,0,0.0,3,5,0,0,1,1,55,0,1,0,0,0,0,0,0,0,0,0,0,0,0,0
4926881,800000.0,1.0,16767.195,0.0,1550,0,122.91346,20,0,0,0,0,0.0,3,5,0,0,1,1,55,0,1,0,0,0,0,0,0,0,0,0,0,0,0,0
5687790,800000.0,1.0,16767.195,0.0,1788,0,122.91346,20,0,0,0,0,0.0,3,5,0,0,1,1,55,0,1,0,0,0,0,0,0,0,0,0,0,0,0,0
5920135,800000.0,1.0,19985.475,0.0,1871,0,46.956474,22,0,0,0,0,0.0,3,5,0,0,1,1,55,0,1,0,0,0,0,0,0,0,0,0,0,0,0,0
6679874,800000.0,1.0,19985.475,0.0,2128,0,46.956474,22,0,0,0,0,0.0,3,5,0,0,1,1,55,0,1,0,0,0,0,0,0,0,0,0,0,0,0,0
6922586,800000.0,1.0,21255.424,0.0,2214,0,46.90825,24,0,0,0,0,0.0,3,5,0,0,1,1,55,0,1,0,0,0,0,0,0,0,0,0,0,0,0,0
7679746,800000.0,1.0,21255.424,0.0,2471,0,46.90825,24,0,0,0,0,0.0,3,5,0,0,1,1,55,0,1,0,0,0,0,0,0,0,0,0,0,0,0,0
7922281,800000.0,1.0,21325.594,0.0,2557,0,46.957268,26,0,0,0,0,0.0,3,5,0,0,1,1,55,0,1,0,0,0,0,0,0,0,0,0,0,0,0,0
8674871,800000.0,1.0,21325.594,0.0,2812,0,46.957268,26,0,0,0,0,0.0,3,5,0,0,1,1,55,0,1,0,0,0,0,0,0,0,0,0,0,0,0,0
8920981,800000.0,1.0,21275.98,0.0,2900,0,46.951405,28,0,0,0,0,0.0,3,5,0,0,1,1,55,0,1,0,0,0,0,0,0,0,0,0,0,0,0,0
9673025,800000.0,1.0,21275.98,0.0,3153,0,46.951405,28,0,0,0,0,0.0,3,5,0,0,1,1,55,0,1,0,0,0,0,0,0,0,0,0,0,0,0,0
9921309,800000.0,1.0,21188.48,0.0,3243,0,46.824272,30,0,0,0,0,0.0,3,5,0,0,1,1,55,0,1,0,0,0,0,0,0,0,0,0,0,0,0,0
10914341,800000.0,1.0,21534.291,0.0,3586,0,46.98318,32,0,0,0,0,0.0,3,5,0,0,1,1,55,0,1,0,0,0,0,0,0,0,0,0,0,0,0,0
11675242,800000.0,1.0,21534.291,0.0,3848,0,46.98318,32,0,0,0,0,0.0,3,5,0,0,1,1,55,0,1,0,0,0,0,0,0,0,0,0,0,0,0,0
11920854,800000.0,1.0,21460.215,0.0,3938,0,46.913025,34,0,0,0,0,0.0,3,5,0,0,1,1,55,0,1,0,0,0,0,0,0,0,0,0,0,0,0,0
12674867,800000.0,1.0,21460.215,0.0,4196,0,46.913025,34,0,0,0,0,0.0,3,5,0,0,1,1,55,0,1,0,0,0,0,0,0,0,0,0,0,0,0,0
12910716,800000.0,1.0,21558.86,0.0,4281,0,46.90614,36,0,0,0,0,0.0,3,5,0,0,1,1,55,0,1,0,0,0,0,0,0,0,0,0,0,0,0,0
13667872,800000.0,1.0,21558.86,0.0,4542,0,46.90614,36,0,0,0,0,0.0,3,5,0,0,1,1,55,0,1,0,0,0,0,0,0,0,0,0,0,0,0,0
13924183,800000.0,1.0,21550.47,0.0,4634,0,46.953094,38,0,0,0,0,0.0,3,5,0,0,1,1,55,0,1,0,0,0,0,0,0,0,0,0,0,0,0,0
14671532,800000.0,1.0,21550.47,0.0,4909,0,46.953094,39,0,0,0,0,0.0,3,5,0,0,1,1,55,0,1,0,0,0,0,0,0,0,0,0,0,0,0,0
14926595,800000.0,1.0,22090.318,0.0,5001,0,64.93039,41,0,0,0,0,0.0,3,5,0,0,1,1,55,0,1,0,0,0,0,0,0,0,0,0,0,0,0,0
15685538,800000.0,1.0,22090.318,0.0,5264,0,64.93039,41,0,0,0,0,0.0,3,5,0,0,1,1,55,0,1,0,0,0,0,0,0,0,0,0,0,0,0,0
15930680,800000.0,1.0,21549.38,0.0,5349,0,46.948544,43,0,0,0,0,0.0,3,5,0,0,1,1,55,0,1,0,0,0,0,0,0,0,0,0,0,0,0,0
16684861,800000.0,1.0,21549.38,0.0,5610,0,46.948544,43,0,0,0,0,0.0,3,5,0,0,1,1,55,0,1,0,0,0,0,0,0,0,0,0,0,0,0,0
16924738,800000.0,1.0,21530.654,0.0,5697,0,46.83827,45,0,0,0,0,0.0,3,5,0,0,1,1,55,0,1,0,0,0,0,0,0,0,0,0,0,0,0,0
17685731,800000.0,1.0,21530.654,0.0,5960,0,46.83827,45,0,0,0,0,0.0,3,5,0,0,1,1,55,0,1,0,0,0,0,0,0,0,0,0,0,0,0,0
17918053,800000.0,1.0,21555.828,0.0,6043,0,46.96041,47,0,0,0,0,0.0,3,5,0,0,1,1,55,0,1,0,0,0,0,0,0,0,0,0,0,0,0,0
18682528,800000.0,1.0,21555.828,0.0,6304,0,46.96041,47,0,0,0,0,0.0,3,5,0,0,1,1,55,0,1,0,0,0,0,0,0,0,0,0,0,0,0,0
18915159,800000.0,1.0,21619.643,0.0,6390,0,46.858345,49,0,0,0,0,0.0,3,5,0,0,1,1,55,0,1,0,0,0,0,0,0,0,0,0,0,0,0,0
19672306,800000.0,1.0,21619.643,0.0,6649,0,46.858345,49,0,0,0,0,0.0,3,5,0,0,1,1,55,0,1,0,0,0,0,0,0,0,0,0,0,0,0,0
19913348,800000.0,1.0,21570.268,0.0,6736,0,46.9984,51,0,0,0,0,0.0,3,5,0,0,1,1,55,0,1,0,0,0,0,0,0,0,0,0,0,0,0,0
20666999,800000.0,1.0,21570.268,0.0,6995,0,46.9984,51,0,0,0,0,0.0,3,5,0,0,1,1,55,0,1,0,0,0,0,0,0,0,0,0,0,0,0,0
20921787,800000.0,1.0,21590.154,0.0,7087,0,46.972054,53,0,0,0,0,0.0,3,5,0,0,1,1,55,0,1,0,0,0,0,0,0,0,0,0,0,0,0,0
21673873,800000.0,1.0,21590.154,0.0,7345,0,46.972054,53,0,0,0,0,0.0,3,5,0,0,1,1,55,0,1,0,0,0,0,0,0,0,0,0,0,0,0,0
21926584,800000.0,1.0,21807.107,0.0,7437,0,46.86484,55,0,0,0,0,0.0,3,5,0,0,1,1,55,0,1,0,0,0,0,0,0,0,0,0,0,0,0,0
22681384,800000.0,1.0,21807.107,0.0,7696,0,46.86484,55,0,0,0,0,0.0,3,5,0,0,1,1,55,0,1,0,0,0,0,0,0,0,0,0,0,0,0,0
22926431,800000.0,1.0,21581.418,0.0,7785,0,46.953045,57,0,0,0,0,0.0,3,5,0,0,1,1,55,0,1,0,0,0,0,0,0,0,0,0,0,0,0,0
23680778,800000.0,1.0,21581.418,0.0,8044,0,46.953045,57,0,0,0,0,0.0,3,5,0,0,1,1,55,0,1,0,0,0,0,0,0,0,0,0,0,0,0,0
23924855,800000.0,1.0,21529.941,0.0,8133,0,46.90619,59,0,0,0,0,0.0,3,5,0,0,1,1,55,0,1,0,0,0,0,0,0,0,0,0,0,0,0,0
24688393,800000.0,1.0,21529.941,0.0,8396,0,46.90619,59,0,0,0,0,0.0,3,5,0,0,1,1,55,0,1,0,0,0,0,0,0,0,0,0,0,0,0,0
24927478,800000.0,1.0,21553.291,0.0,8481,0,46.89402,61,0,0,0,0,0.0,3,5,0,0,1,1,55,0,1,0,0,0,0,0,0,0,0,0,0,0,0,0
25684947,800000.0,1.0,21553.291,0.0,8744,0,46.89402,61,0,0,0,0,0.0,3,5,0,0,1,1,55,0,1,0,0,0,0,0,0,0,0,0,0,0,0,0
25914812,800000.0,1.0,21625.955,0.0,8826,0,46.965153,63,0,0,0,0,0.0,3,5,0,0,1,1,55,0,1,0,0,0,0,0,0,0,0,0,0,0,0,0
26668165,800000.0,1.0,21625.955,0.0,9085,0,46.965153,63,0,0,0,0,0.0,3,5,0,0,1,1,55,0,1,0,0,0,0,0,0,0,0,0,0,0,0,0
26931749,800000.0,1.0,21630.055,0.0,9177,0,46.798904,65,0,0,0,0,0.0,3,5,0,0,1,1,55,0,1,0,0,0,0,0,0,0,0,0,0,0,0,0
27681351,800000.0,1.0,21630.055,0.0,9436,0,46.798904,65,0,0,0,0,0.0,3,5,0,0,1,1,55,0,1,0,0,0,0,0,0,0,0,0,0,0,0,0
27924504,800000.0,1.0,21490.082,0.0,9525,0,46.81284,67,0,0,0,0,0.0,3,5,0,0,1,1,55,0,1,0,0,0,0,0,0,0,0,0,0,0,0,0
28674189,800000.0,1.0,21490.082,0.0,9783,0,46.81284,67,0,0,0,0,0.0,3,5,0,0,1,1,55,0,1,0,0,0,0,0,0,0,0,0,0,0,0,0
28930341,800000.0,1.0,21684.006,0.0,9873,0,46.86601,69,0,0,0,0,0.0,3,5,0,0,1,1,55,0,1,0,0,0,0,0,0,0,0,0,0,0,0,0
29690054,800000.0,1.0,21684.006,0.0,10136,0,46.86601,69,0,0,0,0,0.0,3,5,0,0,1,1,55,0,1,0,0,0,0,0,0,0,0,0,0,0,0,0
29920974,800000.0,1.0,21550.832,0.0,10219,0,46.96041,71,0,0,0,0,0.0,3,5,0,0,1,1,55,0,1,0,0,0,0,0,0,0,0,0,0,0,0,0
30675774,800000.0,1.0,21550.832,0.0,10479,0,46.96041,71,0,0,0,0,0.0,3,5,0,0,1,1,55,0,1,0,0,0,0,0,0,0,0,0,0,0,0,0
30922820,800000.0,1.0,21587.055,0.0,10566,0,46.969658,73,0,0,0,0,0.0,3,5,0,0,1,1,55,0,1,0,0,0,0,0,0,0,0,0,0,0,0,0
31680732,800000.0,1.0,21587.055,0.0,10827,0,46.969658,73,0,0,0,0,0.0,3,5,0,0,1,1,55,0,1,0,0,0,0,0,0,0,0,0,0,0,0,0
32668479,800000.0,1.0,21550.36,0.0,11173,0,46.948498,75,0,0,0,0,0.0,3,5,0,0,1,1,55,0,1,0,0,0,0,0,0,0,0,0,0,0,0,0
32928825,800000.0,1.0,21590.645,0.0,11265,0,46.975292,77,0,0,0,0,0.0,3,5,0,0,1,1,55,0,1,0,0,0,0,0,0,0,0,0,0,0,0,0
33687066,800000.0,1.0,21590.645,0.0,11528,0,46.975292,77,0,0,0,0,0.0,3,5,0,0,1,1,55,0,1,0,0,0,0,0,0,0,0,0,0,0,0,0
33921796,800000.0,1.0,21518.73,0.0,11610,0,46.881763,79,0,0,0,0,0.0,3,5,0,0,1,1,55,0,1,0,0,0,0,0,0,0,0,0,0,0,0,0
34673623,800000.0,1.0,21518.73,0.0,11869,0,46.881763,79,0,0,0,0,0.0,3,5,0,0,1,1,55,0,1,0,0,0,0,0,0,0,0,0,0,0,0,0
34928861,800000.0,1.0,21547.162,0.0,11961,0,46.880688,81,0,0,0,0,0.0,3,5,0,0,1,1,55,0,1,0,0,0,0,0,0,0,0,0,0,0,0,0
35678549,800000.0,1.0,21547.162,0.0,12219,0,46.880688,81,0,0,0,0,0.0,3,5,0,0,1,1,55,0,1,0,0,0,0,0,0,0,0,0,0,0,0,0
35922747,800000.0,1.0,21529.113,0.0,12306,0,46.90221,83,0,0,0,0,0.0,3,5,0,0,1,1,55,0,1,0,0,0,0,0,0,0,0,0,0,0,0,0
36676610,800000.0,1.0,21529.113,0.0,12567,0,46.90221,83,0,0,0,0,0.0,3,5,0,0,1,1,55,0,1,0,0,0,0,0,0,0,0,0,0,0,0,0
36912074,800000.0,1.0,21563.424,0.0,12650,0,46.91607,85,0,0,0,0,0.0,3,5,0,0,1,1,55,0,1,0,0,0,0,0,0,0,0,0,0,0,0,0
37666316,800000.0,1.0,21563.424,0.0,12908,0,46.91607,85,0,0,0,0,0.0,3,5,0,0,1,1,55,0,1,0,0,0,0,0,0,0,0,0,0,0,0,0
37927356,800000.0,1.0,21809.805,0.0,13003,0,46.870636,87,0,0,0,0,0.0,3,5,0,0,1,1,55,0,1,0,0,0,0,0,0,0,0,0,0,0,0,0
38680222,800000.0,1.0,21809.805,0.0,13263,0,46.870636,87,0,0,0,0,0.0,3,5,0,0,1,1,55,0,1,0,0,0,0,0,0,0,0,0,0,0,0,0
38918062,800000.0,1.0,21589.824,0.0,13350,0,46.973507,89,0,0,0,0,0.0,3,5,0,0,1,1,55,0,1,0,0,0,0,0,0,0,0,0,0,0,0,0
39670669,800000.0,1.0,21589.824,0.0,13607,0,46.973507,89,0,0,0,0,0.0,3,5,0,0,1,1,55,0,1,0,0,0,0,0,0,0,0,0,0,0,0,0
39932318,800000.0,1.0,21558.785,0.0,13699,0,46.971207,91,0,0,0,0,0.0,3,5,0,0,1,1,55,0,1,0,0,0,0,0,0,0,0,0,0,0,0,0
40680381,800000.0,1.0,21558.785,0.0,13959,0,46.971207,91,0,0,0,0,0.0,3,5,0,0,1,1,55,0,1,0,0,0,0,0,0,0,0,0,0,0,0,0
40922851,800000.0,1.0,21558.94,0.0,14046,0,46.90848,93,0,0,0,0,0.0,3,5,0,0,1,1,55,0,1,0,0,0,0,0,0,0,0,0,0,0,0,0
41682725,800000.0,1.0,21558.94,0.0,14307,0,46.90848,93,0,0,0,0,0.0,3,5,0,0,1,1,55,0,1,0,0,0,0,0,0,0,0,0,0,0,0,0
41922929,800000.0,1.0,21553.557,0.0,14394,0,46.95764,95,0,0,0,0,0.0,3,5,0,0,1,1,55,0,1,0,0,0,0,0,0,0,0,0,0,0,0,0
42680676,800000.0,1.0,21553.557,0.0,14655,0,46.95764,95,0,0,0,0,0.0,3,5,0,0,1,1,55,0,1,0,0,0,0,0,0,0,0,0,0,0,0,0
42916704,800000.0,1.0,21617.049,0.0,14742,0,46.872177,97,0,0,0,0,0.0,3,5,0,0,1,1,55,0,1,0,0,0,0,0,0,0,0,0,0,0,0,0
43674767,800000.0,1.0,21617.049,0.0,15003,0,46.872177,97,0,0,0,0,0.0,3,5,0,0,1,1,55,0,1,0,0,0,0,0,0,0,0,0,0,0,0,0
43928323,800000.0,1.0,21556.62,0.0,15090,0,46.975197,99,0,0,0,0,0.0,3,5,0,0,1,1,55,0,1,0,0,0,0,0,0,0,0,0,0,0,0,0
44681028,800000.0,1.0,21556.62,0.0,15351,0,46.975197,99,0,0,0,0,0.0,3,5,0,0,1,1,55,0,1,0,0,0,0,0,0,0,0,0,0,0,0,0
44921354,800000.0,1.0,21559.57,0.0,15438,0,46.907684,101,0,0,0,0,0.0,3,5,0,0,1,1,55,0,1,0,0,0,0,0,0,0,0,0,0,0,0,0
45679651,800000.0,1.0,21559.57,0.0,15699,0,46.907684,101,0,0,0,0,0.0,3,5,0,0,1,1,55,0,1,0,0,0,0,0,0,0,0,0,0,0,0,0
45923792,800000.0,1.0,21539.906,0.0,15786,0,46.930073,103,0,0,0,0,0.0,3,5,0,0,1,1,55,0,1,0,0,0,0,0,0,0,0,0,0,0,0,0
46681275,800000.0,1.0,21539.906,0.0,16047,0,46.930073,103,0,0,0,0,0.0,3,5,0,0,1,1,55,0,1,0,0,0,0,0,0,0,0,0,0,0,0,0
46931018,800000.0,1.0,21629.39,0.0,16135,0,46.879475,105,0,0,0,0,0.0,3,5,0,0,1,1,55,0,1,0,0,0,0,0,0,0,0,0,0,0,0,0
47679550,800000.0,1.0,21629.39,0.0,16395,0,46.879475,105,0,0,0,0,0.0,3,5,0,0,1,1,55,0,1,0,0,0,0,0,0,0,0,0,0,0,0,0
47925600,800000.0,1.0,21624.674,0.0,16482,0,46.964542,107,0,0,0,0,0.0,3,5,0,0,1,1,55,0,1,0,0,0,0,0,0,0,0,0,0,0,0,0
48683692,800000.0,1.0,21624.674,0.0,16743,0,46.964542,107,0,0,0,0,0.0,3,5,0,0,1,1,55,0,1,0,0,0,0,0,0,0,0,0,0,0,0,0
48921898,800000.0,1.0,21553.482,0.0,16830,0,46.89444,109,0,0,0,0,0.0,3,5,0,0,1,1,55,0,1,0,0,0,0,0,0,0,0,0,0,0,0,0
49676362,800000.0,1.0,21553.482,0.0,17091,0,46.89444,109,0,0,0,0,0.0,3,5,0,0,1,1,55,0,1,0,0,0,0,0,0,0,0,0,0,0,0,0
49928867,800000.0,1.0,21522.904,0.0,17179,0,46.888683,111,0,0,0,0,0.0,3,5,0,0,1,1,55,0,1,0,0,0,0,0,0,0,0,0,0,0,0,0
50686784,800000.0,1.0,21522.904,0.0,17442,0,46.888683,111,0,0,0,0,0.0,3,5,0,0,1,1,55,0,1,0,0,0,0,0,0,0,0,0,0,0,0,0
50917679,800000.0,1.0,21522.904,0.0,17524,0,46.888683,113,0,0,0,0,0.0,3,5,0,0,1,1,55,0,1,0,0,0,0,0,0,0,0,0,0,0,0,0
51671218,800000.0,1.0,21488.412,0.0,17783,0,67.90019,113,0,0,0,0,0.0,3,5,0,0,1,1,55,0,1,0,0,0,0,0,0,0,0,0,0,0,0,0
51925020,800000.0,1.0,21565.732,0.0,17874,0,46.801933,115,0,0,0,0,0.0,3,5,0,0,1,1,55,0,1,0,0,0,0,0,0,0,0,0,0,0,0,0
52679281,800000.0,1.0,21565.732,0.0,18133,0,46.801933,115,0,0,0,0,0.0,3,5,0,0,1,1,55,0,1,0,0,0,0,0,0,0,0,0,0,0,0,0
52929622,800000.0,1.0,21589.27,0.0,18223,0,25.983475,117,0,0,0,0,0.0,3,5,0,0,1,1,55,0,1,0,0,0,0,0,0,0,0,0,0,0,0,0
53679205,800000.0,1.0,21589.27,0.0,18481,0,25.983475,117,0,0,0,0,0.0,3,5,0,0,1,1,55,0,1,0,0,0,0,0,0,0,0,0,0,0,0,0
53921769,800000.0,1.0,21589.27,0.0,18568,0,25.983475,119,0,0,0,0,0.0,3,5,0,0,1,1,55,0,1,0,0,0,0,0,0,0,0,0,0,0,0,0
54682634,800000.0,1.0,21568.664,0.0,18829,0,67.986336,119,0,0,0,0,0.0,3,5,0,0,1,1,55,0,1,0,0,0,0,0,0,0,0,0,0,0,0,0
54929618,800000.0,1.0,21660.75,0.0,18919,0,25.981709,121,0,0,0,0,0.0,3,5,0,0,1,1,55,0,1,0,0,0,0,0,0,0,0,0,0,0,0,0
55685012,800000.0,1.0,21660.75,0.0,19177,0,25.981709,121,0,0,0,0,0.0,3,5,0,0,1,1,55,0,1,0,0,0,0,0,0,0,0,0,0,0,0,0
55926381,800000.0,1.0,21660.75,0.0,19266,0,25.981709,123,0,0,0,0,0.0,3,5,0,0,1,1,55,0,1,0,0,0,0,0,0,0,0,0,0,0,0,0
56688682,800000.0,1.0,21497.887,0.0,19530,0,67.76324,123,0,0,0,0,0.0,3,5,0,0,1,1,55,0,1,0,0,0,0,0,0,0,0,0,0,0,0,0
56922863,800000.0,1.0,21497.887,0.0,19612,0,67.76324,125,0,0,0,0,0.0,3,5,0,0,1,1,55,0,1,0,0,0,0,0,0,0,0,0,0,0,0,0
57683686,800000.0,1.0,21524.512,0.0,19873,0,46.831406,125,0,0,0,0,0.0,3,5,0,0,1,1,55,0,1,0,0,0,0,0,0,0,0,0,0,0,0,0
57926101,800000.0,1.0,21524.512,0.0,19962,0,46.831406,127,0,0,0,0,0.0,3,5,0,0,1,1,55,0,1,0,0,0,0,0,0,0,0,0,0,0,0,0
58678732,800000.0,1.0,21914.162,0.0,20221,0,46.81662,127,0,0,0,0,0.0,3,5,0,0,1,1,55,0,1,0,0,0,0,0,0,0,0,0,0,0,0,0
58917085,800000.0,1.0,21914.162,0.0,20308,0,46.81662,129,0,0,0,0,0.0,3,5,0,0,1,1,55,0,1,0,0,0,0,0,0,0,0,0,0,0,0,0
59673475,800000.0,1.0,21557.664,0.0,20567,0,46.901367,129,0,0,0,0,0.0,3,5,0,0,1,1,55,0,1,0,0,0,0,0,0,0,0,0,0,0,0,0
59911959,800000.0,1.0,21557.664,0.0,20654,0,46.901367,131,0,0,0,0,0.0,3,5,0,0,1,1,55,0,1,0,0,0,0,0,0,0,0,0,0,0,0,0
60662684,800000.0,1.0,21542.656,0.0,20910,0,46.931717,131,0,0,0,0,0.0,3,5,0,0,1,1,55,0,1,0,0,0,0,0,0,0,0,0,0,0,0,0
60931643,800000.0,1.0,21542.656,0.0,21007,0,46.931717,133,0,0,0,0,0.0,3,5,0,0,1,1,55,0,1,0,0,0,0,0,0,0,0,0,0,0,0,0
61683563,800000.0,1.0,21582.592,0.0,21265,0,46.953426,133,0,0,0,0,0.0,3,5,0,0,1,1,55,0,1,0,0,0,0,0,0,0,0,0,0,0,0,0
61927410,800000.0,1.0,21582.592,0.0,21355,0,46.953426,135,0,0,0,0,0.0,3,5,0,0,1,1,55,0,1,0,0,0,0,0,0,0,0,0,0,0,0,0
62676675,800000.0,1.0,21558.744,0.0,21613,0,46.96459,135,0,0,0,0,0.0,3,5,0,0,1,1,55,0,1,0,0,0,0,0,0,0,0,0,0,0,0,0
62920995,800000.0,1.0,21558.744,0.0,21700,0,46.96459,137,0,0,0,0,0.0,3,5,0,0,1,1,55,0,1,0,0,0,0,0,0,0,0,0,0,0,0,0
63673759,800000.0,1.0,21575.928,0.0,21959,0,46.93893,137,0,0,0,0,0.0,3,5,0,0,1,1,55,0,1,0,0,0,0,0,0,0,0,0,0,0,0,0
63922466,800000.0,1.0,21575.928,0.0,22048,0,46.93893,139,0,0,0,0,0.0,3,5,0,0,1,1,55,0,1,0,0,0,0,0,0,0,0,0,0,0,0,0
64681678,800000.0,1.0,21679.576,0.0,22309,0,46.88878,139,0,0,0,0,0.0,3,5,0,0,1,1,55,0,1,0,0,0,0,0,0,0,0,0,0,0,0,0
64925040,800000.0,1.0,21679.576,0.0,22398,0,46.88878,141,0,0,0,0,0.0,3,5,0,0,1,1,55,0,1,0,0,0,0,0,0,0,0,0,0,0,0,0
65677055,800000.0,1.0,21548.336,0.0,22657,0,46.88541,141,0,0,0,0,0.0,3,5,0,0,1,1,55,0,1,0,0,0,0,0,0,0,0,0,0,0,0,0
65927009,800000.0,1.0,21548.336,0.0,22747,0,46.88541,143,0,0,0,0,0.0,3,5,0,0,1,1,55,0,1,0,0,0,0,0,0,0,0,0,0,0,0,0
66685363,800000.0,1.0,21557.314,0.0,23009,0,46.96365,143,0,0,0,0,0.0,3,5,0,0,1,1,55,0,1,0,0,0,0,0,0,0,0,0,0,0,0,0
66925891,800000.0,1.0,21557.314,0.0,23094,0,46.96365,145,0,0,0,0,0.0,3,5,0,0,1,1,55,0,1,0,0,0,0,0,0,0,0,0,0,0,0,0
67681209,800000.0,1.0,21585.105,0.0,23353,0,46.96107,145,0,0,0,0,0.0,3,5,0,0,1,1,55,0,1,0,0,0,0,0,0,0,0,0,0,0,0,0
67926780,800000.0,1.0,21585.105,0.0,23442,0,46.96107,147,0,0,0,0,0.0,3,5,0,0,1,1,55,0,1,0,0,0,0,0,0,0,0,0,0,0,0,0
68675878,800000.0,1.0,21544.387,0.0,23701,0,46.933308,147,0,0,0,0,0.0,3,5,0,0,1,1,55,0,1,0,0,0,0,0,0,0,0,0,0,0,0,0
68927908,800000.0,1.0,21544.387,0.0,23791,0,46.933308,149,0,0,0,0,0.0,3,5,0,0,1,1,55,0,1,0,0,0,0,0,0,0,0,0,0,0,0,0
69678622,800000.0,1.0,21590.225,0.0,24049,0,46.97003,149,0,0,0,0,0.0,3,5,0,0,1,1,55,0,1,0,0,0,0,0,0,0,0,0,0,0,0,0
69932404,800000.0,1.0,21590.225,0.0,24139,0,46.97003,151,0,0,0,0,0.0,3,5,0,0,1,1,55,0,1,0,0,0,0,0,0,0,0,0,0,0,0,0
70687677,800000.0,1.0,21568.945,0.0,24402,0,46.991165,151,0,0,0,0,0.0,3,5,0,0,1,1,55,0,1,0,0,0,0,0,0,0,0,0,0,0,0,0
70923550,800000.0,1.0,21568.945,0.0,24484,0,46.991165,153,0,0,0,0,0.0,3,5,0,0,1,1,55,0,1,0,0,0,0,0,0,0,0,0,0,0,0,0
71674877,800000.0,1.0,21584.482,0.0,24745,0,46.95971,153,0,0,0,0,0.0,3,5,0,0,1,1,55,0,1,0,0,0,0,0,0,0,0,0,0,0,0,0
71924989,800000.0,1.0,21584.482,0.0,24834,0,46.95971,155,0,0,0,0,0.0,3,5,0,0,1,1,55,0,1,0,0,0,0,0,0,0,0,0,0,0,0,0
72673646,800000.0,1.0,21615.777,0.0,25091,0,46.936543,155,0,0,0,0,0.0,3,5,0,0,1,1,55,0,1,0,0,0,0,0,0,0,0,0,0,0,0,0
72913683,800000.0,1.0,21615.777,0.0,25178,0,46.936543,157,0,0,0,0,0.0,3,5,0,0,1,1,55,0,1,0,0,0,0,0,0,0,0,0,0,0,0,0
73671891,800000.0,1.0,21557.602,0.0,25439,0,46.90123,157,0,0,0,0,0.0,3,5,0,0,1,1,55,0,1,0,0,0,0,0,0,0,0,0,0,0,0,0
73919396,800000.0,1.0,21557.602,0.0,25528,0,46.90123,159,0,0,0,0,0.0,3,5,0,0,1,1,55,0,1,0,0,0,0,0,0,0,0,0,0,0,0,0
74924311,800000.0,1.0,21547.709,0.0,25910,0,46.93837,161,0,0,0,0,0.0,3,5,0,0,1,1,55,0,1,0,0,0,0,0,0,0,0,0,0,0,0,0
75682020,800000.0,1.0,22931.3,0.0,26201,0,46.943295,161,0,0,0,0,0.0,3,5,0,0,1,1,55,0,1,0,0,0,0,0,0,0,0,0,0,0,0,0
75921931,800000.0,1.0,22931.3,0.0,26298,0,46.943295,163,0,0,0,0,0.0,3,5,0,0,1,1,55,0,1,0,0,0,0,0,0,0,0,0,0,0,0,0
76673029,800000.0,1.0,23284.52,0.0,26587,0,46.858162,163,0,0,0,0,0.0,3,5,0,0,1,1,55,0,1,0,0,0,0,0,0,0,0,0,0,0,0,0
76925698,800000.0,1.0,23284.52,0.0,26689,0,46.858162,165,0,0,0,0,0.0,3,5,0,0,1,1,55,0,1,0,0,0,0,0,0,0,0,0,0,0,0,0
77678443,800000.0,1.0,23314.562,0.0,26980,0,46.985012,165,0,0,0,0,0.0,3,5,0,0,1,1,55,0,1,0,0,0,0,0,0,0,0,0,0,0,0,0
77918214,800000.0,1.0,23314.562,0.0,27077,0,46.985012,167,0,0,0,0,0.0,3,5,0,0,1,1,55,0,1,0,0,0,0,0,0,0,0,0,0,0,0,0
78670921,800000.0,1.0,23343.957,0.0,27365,0,46.9637,167,0,0,0,0,0.0,3,5,0,0,1,1,55,0,1,0,0,0,0,0,0,0,0,0,0,0,0,0
78920786,800000.0,1.0,23343.957,0.0,27466,0,46.9637,169,0,0,0,0,0.0,3,5,0,0,1,1,55,0,1,0,0,0,0,0,0,0,0,0,0,0,0,0
79673060,800000.0,1.0,23361.8,0.0,27755,0,46.911243,169,0,0,0,0,0.0,3,5,0,0,1,1,55,0,1,0,0,0,0,0,0,0,0,0,0,0,0,0
79920737,800000.0,1.0,23361.8,0.0,27856,0,46.911243,171,0,0,0,0,0.0,3,5,0,0,1,1,55,0,1,0,0,0,0,0,0,0,0,0,0,0,0,0
80670977,800000.0,1.0,23607.354,0.0,28144,0,46.901367,171,0,0,0,0,0.0,3,5,0,0,1,1,55,0,1,0,0,0,0,0,0,0,0,0,0,0,0,0
80914784,800000.0,1.0,23607.354,0.0,28244,0,46.901367,173,0,0,0,0,0.0,3,5,0,0,1,1,55,0,1,0,0,0,0,0,0,0,0,0,0,0,0,0
81667737,800000.0,1.0,23316.723,0.0,28534,0,46.983322,173,0,0,0,0,0.0,3,5,0,0,1,1,55,0,1,0,0,0,0,0,0,0,0,0,0,0,0,0
81921545,800000.0,1.0,23316.723,0.0,28635,0,46.983322,175,0,0,0,0,0.0,3,5,0,0,1,1,55,0,1,0,0,0,0,0,0,0,0,0,0,0,0,0
82676708,800000.0,1.0,23353.209,0.0,28926,0,46.978294,175,0,0,0,0,0.0,3,5,0,0,1,1,55,0,1,0,0,0,0,0,0,0,0,0,0,0,0,0
82925079,800000.0,1.0,23353.209,0.0,29026,0,46.978294,177,0,0,0,0,0.0,3,5,0,0,1,1,55,0,1,0,0,0,0,0,0,0,0,0,0,0,0,0
83879595,800000.0,1.0,23317.262,0.0,31444,0,46.986423,183,0,0,0,0,0.0,3,5,0,0,1,1,55,0,1,0,0,0,0,0,0,0,0,0,0,0,0,0
84079141,800000.0,1.0,267770.38,0.0,32031,0,145.93317,185,0,0,0,0,0.0,3,5,0,0,1,1,55,0,1,0,0,0,0,0,0,0,0,0,0,0,0,0
84865905,800000.0,1.0,267770.38,0.0,34374,0,145.93317,190,0,0,0,0,0.0,3,5,0,0,1,1,55,0,1,0,0,0,0,0,0,0,0,0,0,0,0,0
85129271,800000.0,1.0,282749.94,0.0,34989,0,166.58636,192,0,0,0,0,0.0,3,5,0,0,1,1,55,0,1,0,0,0,0,0,0,0,0,0,0,0,0,0
85909868,800000.0,1.0,282749.94,0.0,37334,0,166.58636,196,0,0,0,0,0.0,3,5,0,0,1,1,55,0,1,0,0,0,0,0,0,0,0,0,0,0,0,0
85913091,800000.0,1.0,282749.94,0.0,37335,0,166.58636,198,0,0,0,0,0.0,3,5,0,0,1,1,55,0,1,0,0,0,0,0,0,0,0,0,0,0,0,0
86732203,800000.0,1.0,295611.88,0.0,39705,0,187.22786,202,0,0,0,0,0.0,3,5,0,0,1,1,55,0,1,0,0,0,0,0,0,0,0,0,0,0,0,0
86931094,800000.0,1.0,295611.88,0.0,40287,0,187.22786,205,0,0,0,0,0.0,3,5,0,0,1,1,55,0,1,0,0,0,0,0,0,0,0,0,0,0,0,0
87733087,800000.0,1.0,291211.22,0.0,42644,0,166.834,209,0,0,0,0,0.0,3,5,0,0,1,1,55,0,1,0,0,0,0,0,0,0,0,0,0,0,0,0
87925534,800000.0,1.0,291211.22,0.0,43234,0,166.834,212,0,0,0,0,0.0,3,5,0,0,1,1,55,0,1,0,0,0,0,0,0,0,0,0,0,0,0,0
88755016,800000.0,1.0,296365.66,0.0,45617,0,166.69943,216,0,0,0,0,0.0,3,5,0,0,1,1,55,0,1,0,0,0,0,0,0,0,0,0,0,0,0,0
88962192,800000.0,1.0,296365.66,0.0,46195,0,166.69943,219,0,0,0,0,0.0,3,5,0,0,1,1,55,0,1,0,0,0,0,0,0,0,0,0,0,0,0,0
89740842,800000.0,1.0,287443.38,0.0,48550,0,166.93806,223,0,0,0,0,0.0,3,5,0,0,1,1,55,0,1,0,0,0,0,0,0,0,0,0,0,0,0,0
89928508,800000.0,1.0,287443.38,0.0,49124,0,166.93806,226,0,0,0,0,0.0,3,5,0,0,1,1,55,0,1,0,0,0,0,0,0,0,0,0,0,0,0,0
90770328,800000.0,1.0,304669.7,0.0,51502,0,166.20934,230,0,0,0,0,0.0,3,5,0,0,1,1,55,0,1,0,0,0,0,0,0,0,0,0,0,0,0,0
90963052,800000.0,1.0,304669.7,0.0,52080,0,166.20934,233,0,0,0,0,0.0,3,5,0,0,1,1,55,0,1,0,0,0,0,0,0,0,0,0,0,0,0,0
91733916,800000.0,1.0,288442.97,0.0,54439,0,166.20653,237,0,0,0,0,0.0,3,5,0,0,1,1,55,0,1,0,0,0,0,0,0,0,0,0,0,0,0,0
91925630,800000.0,1.0,288442.97,0.0,55014,0,166.20653,239,0,0,0,0,0.0,3,5,0,0,1,1,55,0,1,0,0,0,0,0,0,0,0,0,0,0,0,0
92706781,800000.0,1.0,302826.8,0.0,57357,0,166.44093,244,0,0,0,0,0.0,3,5,0,0,1,1,55,0,1,0,0,0,0,0,0,0,0,0,0,0,0,0
93117446,800000.0,1.0,312286.38,0.0,58540,0,145.61688,248,0,0,0,0,0.0,3,5,0,0,1,1,55,0,1,0,0,0,0,0,0,0,0,0,0,0,0,0
93890099,800000.0,1.0,312286.38,0.0,60879,0,145.61688,253,0,0,0,0,0.0,3,5,0,0,1,1,55,0,1,0,0,0,0,0,0,0,0,0,0,0,0,0
94107924,800000.0,1.0,287566.44,0.0,61478,0,166.51097,255,0,0,0,0,0.0,3,5,0,0,1,1,55,0,1,0,0,0,0,0,0,0,0,0,0,0,0,0
94905861,800000.0,1.0,287566.44,0.0,63831,0,166.51097,259,0,0,0,0,0.0,3,5,0,0,1,1,55,0,1,0,0,0,0,0,0,0,0,0,0,0,0,0
94912965,800000.0,1.0,287566.44,0.0,63837,0,166.51097,261,0,0,0,0,0.0,3,5,0,0,1,1,55,0,1,0,0,0,0,0,0,0,0,0,0,0,0,0
95734301,800000.0,1.0,291243.66,0.0,66214,0,187.87206,265,0,0,0,0,0.0,3,5,0,0,1,1,55,0,1,0,0,0,0,0,0,0,0,0,0,0,0,0
95926034,800000.0,1.0,291243.66,0.0,66784,0,187.87206,268,0,0,0,0,0.0,3,5,0,0,1,1,55,0,1,0,0,0,0,0,0,0,0,0,0,0,0,0
96725050,800000.0,1.0,292870.9,0.0,69157,0,166.67497,272,0,0,0,0,0.0,3,5,0,0,1,1,55,0,1,0,0,0,0,0,0,0,0,0,0,0,0,0
96934724,800000.0,1.0,292870.9,0.0,69732,0,166.67497,275,0,0,0,0,0.0,3,5,0,0,1,1,55,0,1,0,0,0,0,0,0,0,0,0,0,0,0,0
97745256,800000.0,1.0,295849.1,0.0,72095,0,165.93271,279,0,0,0,0,0.0,3,5,0,0,1,1,55,0,1,0,0,0,0,0,0,0,0,0,0,0,0,0
97936134,800000.0,1.0,295849.1,0.0,72679,0,165.93271,281,0,0,0,0,0.0,3,5,0,0,1,1,55,0,1,0,0,0,0,0,0,0,0,0,0,0,0,0
98726083,800000.0,1.0,297129.44,0.0,75022,0,165.43073,286,0,0,0,0,0.0,3,5,0,0,1,1,55,0,1,0,0,0,0,0,0,0,0,0,0,0,0,0
98923968,800000.0,1.0,297129.44,0.0,75612,0,165.43073,289,0,0,0,0,0.0,3,5,0,0,1,1,55,0,1,0,0,0,0,0,0,0,0,0,0,0,0,0
99714139,800000.0,1.0,296673.1,0.0,77975,0,166.36581,293,0,0,0,0,0.0,3,5,0,0,1,1,55,0,1,0,0,0,0,0,0,0,0,0,0,0,0,0
99935820,800000.0,1.0,296673.1,0.0,78558,0,166.36581,295,0,0,0,0,0.0,3,5,0,0,1,1,55,0,1,0,0,0,0,0,0,0,0,0,0,0,0,0
100711569,800000.0,1.0,292323.06,0.0,80901,0,166.73822,300,0,0,0,0,0.0,3,5,0,0,1,1,55,0,1,0,0,0,0,0,0,0,0,0,0,0,0,0
100920717,800000.0,1.0,292323.06,0.0,81496,0,166.73822,303,0,0,0,0,0.0,3,5,0,0,1,1,55,0,1,0,0,0,0,0,0,0,0,0,0,0,0,0
101711975,800000.0,1.0,303112.7,0.0,83858,0,166.09677,307,0,0,0,0,0.0,3,5,0,0,1,1,55,0,1,0,0,0,0,0,0,0,0,0,0,0,0,0
101930554,800000.0,1.0,303112.7,0.0,84446,0,166.09677,310,0,0,0,0,0.0,3,5,0,0,1,1,55,0,1,0,0,0,0,0,0,0,0,0,0,0,0,0
102766605,800000.0,1.0,291827.66,0.0,86826,0,166.71759,314,0,0,0,0,0.0,3,5,0,0,1,1,55,0,1,0,0,0,0,0,0,0,0,0,0,0,0,0
102950218,800000.0,1.0,291827.66,0.0,87391,0,166.71759,316,0,0,0,0,0.0,3,5,0,0,1,1,55,0,1,0,0,0,0,0,0,0,0,0,0,0,0,0
103764966,800000.0,1.0,280132.53,0.0,89771,0,166.46846,321,0,0,0,0,0.0,3,5,0,0,1,1,55,0,1,0,0,0,0,0,0,0,0,0,0,0,0,0
103947038,800000.0,1.0,280132.53,0.0,90338,0,166.46846,323,0,0,0,0,0.0,3,5,0,0,1,1,55,0,1,0,0,0,0,0,0,0,0,0,0,0,0,0
104802895,800000.0,1.0,309840.06,0.0,92707,0,166.89769,329,0,0,0,0,0.0,3,5,0,0,1,1,55,0,1,0,0,0,0,0,0,0,0,0,0,0,0,0
105001633,800000.0,1.0,309840.06,0.0,93295,0,166.89769,331,0,0,0,0,0.0,3,5,0,0,1,1,55,0,1,0,0,0,0,0,0,0,0,0,0,0,0,0
105763346,800000.0,1.0,283579.6,0.0,95631,0,166.00926,335,0,0,0,0,0.0,3,5,0,0,1,1,55,0,1,0,0,0,0,0,0,0,0,0,0,0,0,0
105964605,800000.0,1.0,283579.6,0.0,96225,0,166.00926,338,0,0,0,0,0.0,3,5,0,0,1,1,55,0,1,0,0,0,0,0,0,0,0,0,0,0,0,0
106743625,800000.0,1.0,304014.1,0.0,98563,0,165.21321,342,0,0,0,0,0.0,3,5,0,0,1,1,55,0,1,0,0,0,0,0,0,0,0,0,0,0,0,0
106958384,800000.0,1.0,304014.1,0.0,99161,0,165.21321,344,0,0,0,0,0.0,3,5,0,0,1,1,55,0,1,0,0,0,0,0,0,0,0,0,0,0,0,0
107721628,800000.0,1.0,295484.97,0.0,101494,0,165.20473,349,0,0,0,0,0.0,3,5,0,0,1,1,55,0,1,0,0,0,0,0,0,0,0,0,0,0,0,0
107923882,800000.0,1.0,295484.97,0.0,102089,0,165.20473,352,0,0,0,0,0.0,3,5,0,0,1,1,55,0,1,0,0,0,0,0,0,0,0,0,0,0,0,0
108724171,800000.0,1.0,304758.7,0.0,104449,0,163.68698,356,0,0,0,0,0.0,3,5,0,0,1,1,55,0,1,0,0,0,0,0,0,0,0,0,0,0,0,0
108922449,800000.0,1.0,304758.7,0.0,105038,0,163.68698,359,0,0,0,0,0.0,3,5,0,0,1,1,55,0,1,0,0,0,0,0,0,0,0,0,0,0,0,0
109759592,800000.0,1.0,300468.97,0.0,107410,0,164.8829,363,0,0,0,0,0.0,3,5,0,0,1,1,55,0,1,0,0,0,0,0,0,0,0,0,0,0,0,0
109928810,800000.0,1.0,300468.97,0.0,107983,0,164.8829,366,0,0,0,0,0.0,3,5,0,0,1,1,55,0,1,0,0,0,0,0,0,0,0,0,0,0,0,0
110710328,800000.0,1.0,290717.12,0.0,110341,0,165.38896,370,0,0,0,0,0.0,3,5,0,0,1,1,55,0,1,0,0,0,0,0,0,0,0,0,0,0,0,0
110929036,800000.0,1.0,290717.12,0.0,110920,0,165.38896,373,0,0,0,0,0.0,3,5,0,0,1,1,55,0,1,0,0,0,0,0,0,0,0,0,0,0,0,0
111736718,800000.0,1.0,303024.78,0.0,113293,0,190.41922,377,0,0,0,0,0.0,3,5,0,0,1,1,55,0,1,0,0,0,0,0,0,0,0,0,0,0,0,0
111923841,800000.0,1.0,303024.78,0.0,113864,0,190.41922,379,0,0,0,0,0.0,3,5,0,0,1,1,55,0,1,0,0,0,0,0,0,0,0,0,0,0,0,0
112715727,800000.0,1.0,297800.22,0.0,116221,0,165.71027,384,0,0,0,0,0.0,3,5,0,0,1,1,55,0,1,0,0,0,0,0,0,0,0,0,0,0,0,0
112921304,800000.0,1.0,297800.22,0.0,116804,0,165.71027,387,0,0,0,0,0.0,3,5,0,0,1,1,55,0,1,0,0,0,0,0,0,0,0,0,0,0,0,0
113727359,800000.0,1.0,292139.16,0.0,119159,0,165.43712,391,0,0,0,0,0.0,3,5,0,0,1,1,55,0,1,0,0,0,0,0,0,0,0,0,0,0,0,0
113938108,800000.0,1.0,292139.16,0.0,119759,0,165.43712,393,0,0,0,0,0.0,3,5,0,0,1,1,55,0,1,0,0,0,0,0,0,0,0,0,0,0,0,0
114743961,800000.0,1.0,295660.75,0.0,122124,0,161.7681,398,0,0,0,0,0.0,3,5,0,0,1,1,55,0,1,0,0,0,0,0,0,0,0,0,0,0,0,0
114925315,800000.0,1.0,295660.75,0.0,122687,0,161.7681,400,0,0,0,0,0.0,3,5,0,0,1,1,55,0,1,0,0,0,0,0,0,0,0,0,0,0,0,0
115733457,800000.0,1.0,299191.66,0.0,125056,0,165.65602,405,0,0,0,0,0.0,3,5,0,0,1,1,55,0,1,0,0,0,0,0,0,0,0,0,0,0,0,0
115927263,800000.0,1.0,299191.66,0.0,125634,0,165.65602,408,0,0,0,0,0.0,3,5,0,0,1,1,55,0,1,0,0,0,0,0,0,0,0,0,0,0,0,0
117155239,800000.0,1.0,279642.06,0.0,127640,0,142.94482,414,0,0,0,0,0.0,3,5,0,0,1,1,55,0,1,0,0,0,0,0,0,0,0,0,0,0,0,0
117946248,800000.0,1.0,142923.23,0.0,129990,0,142.58223,420,0,0,0,0,0.0,3,5,0,0,1,1,55,0,1,0,0,0,0,0,0,0,0,0,0,0,0,0
118739678,800000.0,1.0,290123.88,0.0,132340,0,166.6186,424,0,0,0,0,0.0,3,5,0,0,1,1,55,0,1,0,0,0,0,0,0,0,0,0,0,0,0,0
118924383,800000.0,1.0,290123.88,0.0,132931,0,166.6186,427,0,0,0,0,0.0,3,5,0,0,1,1,55,0,1,0,0,0,0,0,0,0,0,0,0,0,0,0
119733608,800000.0,1.0,295020.8,0.0,135285,0,166.88902,431,0,0,0,0,0.0,3,5,0,0,1,1,55,0,1,0,0,0,0,0,0,0,0,0,0,0,0,0
119926687,800000.0,1.0,295020.8,0.0,135871,0,166.88902,434,0,0,0,0,0.0,3,5,0,0,1,1,55,0,1,0,0,0,0,0,0,0,0,0,0,0,0,0
120699535,800000.0,1.0,307698.4,0.0,138228,0,165.53157,438,0,0,0,0,0.0,3,5,0,0,1,1,55,0,1,0,0,0,0,0,0,0,0,0,0,0,0,0
121088219,800000.0,1.0,307698.4,0.0,139391,0,165.53157,441,0,0,0,0,0.0,3,5,0,0,1,1,55,0,1,0,0,0,0,0,0,0,0,0,0,0,0,0
121885293,800000.0,1.0,301567.56,0.0,141748,0,166.17924,447,0,0,0,0,0.0,3,5,0,0,1,1,55,0,1,0,0,0,0,0,0,0,0,0,0,0,0,0
122092671,800000.0,1.0,301567.56,0.0,142340,0,166.17924,449,0,0,0,0,0.0,3,5,0,0,1,1,55,0,1,0,0,0,0,0,0,0,0,0,0,0,0,0
122951840,800000.0,1.0,294239.4,0.0,144720,0,166.6813,455,0,0,0,0,0.0,3,5,0,0,1,1,55,0,1,0,0,0,0,0,0,0,0,0,0,0,0,0
123790106,800000.0,1.0,278444.06,0.0,147131,0,165.96175,459,0,0,0,0,0.0,3,5,0,0,1,1,55,0,1,0,0,0,0,0,0,0,0,0,0,0,0,0
123965946,800000.0,1.0,278444.06,0.0,147667,0,165.96175,461,0,0,0,0,0.0,3,5,0,0,1,1,55,0,1,0,0,0,0,0,0,0,0,0,0,0,0,0
124753201,800000.0,1.0,293755.12,0.0,150009,0,166.9052,466,0,0,0,0,0.0,3,5,0,0,1,1,55,0,1,0,0,0,0,0,0,0,0,0,0,0,0,0
124941547,800000.0,1.0,293755.12,0.0,150596,0,166.9052,469,0,0,0,0,0.0,3,5,0,0,1,1,55,0,1,0,0,0,0,0,0,0,0,0,0,0,0,0
125732458,800000.0,1.0,299289.84,0.0,152963,0,166.49535,473,0,0,0,0,0.0,3,5,0,0,1,1,55,0,1,0,0,0,0,0,0,0,0,0,0,0,0,0
125931592,800000.0,1.0,299289.84,0.0,153528,0,166.49535,476,0,0,0,0,0.0,3,5,0,0,1,1,55,0,1,0,0,0,0,0,0,0,0,0,0,0,0,0
126763082,800000.0,1.0,293778.3,0.0,155917,0,166.90303,480,0,0,0,0,0.0,3,5,0,0,1,1,55,0,1,0,0,0,0,0,0,0,0,0,0,0,0,0
126944796,800000.0,1.0,293778.3,0.0,156480,0,166.90303,482,0,0,0,0,0.0,3,5,0,0,1,1,55,0,1,0,0,0,0,0,0,0,0,0,0,0,0,0
127739114,800000.0,1.0,296374.06,0.0,158847,0,166.52357,487,0,0,0,0,0.0,3,5,0,0,1,1,55,0,1,0,0,0,0,0,0,0,0,0,0,0,0,0
127940984,800000.0,1.0,296374.06,0.0,159427,0,166.52357,490,0,0,0,0,0.0,3,5,0,0,1,1,55,0,1,0,0,0,0,0,0,0,0,0,0,0,0,0
128794332,800000.0,1.0,297027.66,0.0,161808,0,166.92506,495,0,0,0,0,0.0,3,5,0,0,1,1,55,0,1,0,0,0,0,0,0,0,0,0,0,0,0,0
128980351,800000.0,1.0,297027.66,0.0,162383,0,166.92506,497,0,0,0,0,0.0,3,5,0,0,1,1,55,0,1,0,0,0,0,0,0,0,0,0,0,0,0,0
129756695,800000.0,1.0,285703.3,0.0,164727,0,166.69096,501,0,0,0,0,0.0,3,5,0,0,1,1,55,0,1,0,0,0,0,0,0,0,0,0,0,0,0,0
129955091,800000.0,1.0,285703.3,0.0,165318,0,166.69096,504,0,0,0,0,0.0,3,5,0,0,1,1,55,0,1,0,0,0,0,0,0,0,0,0,0,0,0,0
130772948,800000.0,1.0,305426.25,0.0,167675,0,166.46165,508,0,0,0,0,0.0,3,5,0,0,1,1,55,0,1,0,0,0,0,0,0,0,0,0,0,0,0,0
130978873,800000.0,1.0,305426.25,0.0,168266,0,166.46165,511,0,0,0,0,0.0,3,5,0,0,1,1,55,0,1,0,0,0,0,0,0,0,0,0,0,0,0,0
131744162,800000.0,1.0,288242.12,0.0,170621,0,165.43663,515,0,0,0,0,0.0,3,5,0,0,1,1,55,0,1,0,0,0,0,0,0,0,0,0,0,0,0,0
131929463,800000.0,1.0,288242.12,0.0,171195,0,165.43663,517,0,0,0,0,0.0,3,5,0,0,1,1,55,0,1,0,0,0,0,0,0,0,0,0,0,0,0,0
132693997,800000.0,1.0,310182.34,0.0,173535,0,166.87001,522,0,0,0,0,0.0,3,5,0,0,1,1,55,0,1,0,0,0,0,0,0,0,0,0,0,0,0,0
132917272,800000.0,1.0,310182.34,0.0,174127,0,166.87001,525,0,0,0,0,0.0,3,5,0,0,1,1,55,0,1,0,0,0,0,0,0,0,0,0,0,0,0,0
133683924,800000.0,1.0,299778.12,0.0,176466,0,166.15924,529,0,0,0,0,0.0,3,5,0,0,1,1,55,0,1,0,0,0,0,0,0,0,0,0,0,0,0,0
134073104,800000.0,1.0,299778.12,0.0,177645,0,166.15924,532,0,0,0,0,0.0,3,5,0,0,1,1,55,0,1,0,0,0,0,0,0,0,0,0,0,0,0,0
134853199,800000.0,1.0,305158.53,0.0,179993,0,166.14766,538,0,0,0,0,0.0,3,5,0,0,1,1,55,0,1,0,0,0,0,0,0,0,0,0,0,0,0,0
135042657,800000.0,1.0,305158.53,0.0,180573,0,166.14766,540,0,0,0,0,0.0,3,5,0,0,1,1,55,0,1,0,0,0,0,0,0,0,0,0,0,0,0,0
135856157,800000.0,1.0,294542.88,0.0,182934,0,165.62563,545,0,0,0,0,0.0,3,5,0,0,1,1,55,0,1,0,0,0,0,0,0,0,0,0,0,0,0,0
136074670,800000.0,1.0,294542.88,0.0,183528,0,165.62563,547,0,0,0,0,0.0,3,5,0,0,1,1,55,0,1,0,0,0,0,0,0,0,0,0,0,0,0,0
136877589,800000.0,1.0,296511.28,0.0,185889,0,166.96693,552,0,0,0,0,0.0,3,5,0,0,1,1,55,0,1,0,0,0,0,0,0,0,0,0,0,0,0,0
137054182,800000.0,1.0,296511.28,0.0,186463,0,166.96693,553,0,0,0,0,0.0,3,5,0,0,1,1,55,0,1,0,0,0,0,0,0,0,0,0,0,0,0,0
137876694,800000.0,1.0,300618.1,0.0,188830,0,166.39948,559,0,0,0,0,0.0,3,5,0,0,1,1,55,0,1,0,0,0,0,0,0,0,0,0,0,0,0,0
138070249,800000.0,1.0,300618.1,0.0,189415,0,166.39948,560,0,0,0,0,0.0,3,5,0,0,1,1,55,0,1,0,0,0,0,0,0,0,0,0,0,0,0,0
138844958,800000.0,1.0,297502.1,0.0,191760,0,166.48688,565,0,0,0,0,0.0,3,5,0,0,1,1,55,0,1,0,0,0,0,0,0,0,0,0,0,0,0,0
139054112,800000.0,1.0,297502.1,0.0,192352,0,166.48688,568,0,0,0,0,0.0,3,5,0,0,1,1,55,0,1,0,0,0,0,0,0,0,0,0,0,0,0,0
139876938,800000.0,1.0,294171.8,0.0,194718,0,166.3693,572,0,0,0,0,0.0,3,5,0,0,1,1,55,0,1,0,0,0,0,0,0,0,0,0,0,0,0,0
140088373,800000.0,1.0,294171.8,0.0,195306,0,166.3693,575,0,0,0,0,0.0,3,5,0,0,1,1,55,0,1,0,0,0,0,0,0,0,0,0,0,0,0,0
140884668,800000.0,1.0,287493.2,0.0,197665,0,166.62859,580,0,0,0,0,0.0,3,5,0,0,1,1,55,0,1,0,0,0,0,0,0,0,0,0,0,0,0,0
141099186,800000.0,1.0,287493.2,0.0,198261,0,166.62859,582,0,0,0,0,0.0,3,5,0,0,1,1,55,0,1,0,0,0,0,0,0,0,0,0,0,0,0,0
141911889,800000.0,1.0,286095.22,0.0,200623,0,166.60182,586,0,0,0,0,0.0,3,5,0,0,1,1,55,0,1,0,0,0,0,0,0,0,0,0,0,0,0,0
141927168,800000.0,1.0,286095.22,0.0,200628,0,166.60182,588,0,0,0,0,0.0,3,5,0,0,1,1,55,0,1,0,0,0,0,0,0,0,0,0,0,0,0,0
142807490,800000.0,1.0,286457.1,0.0,203013,0,165.3395,593,0,0,0,0,0.0,3,5,0,0,1,1,55,0,1,0,0,0,0,0,0,0,0,0,0,0,0,0
143002585,800000.0,1.0,286457.1,0.0,203595,0,165.3395,594,0,0,0,0,0.0,3,5,0,0,1,1,55,0,1,0,0,0,0,0,0,0,0,0,0,0,0,0
143783591,800000.0,1.0,278587.56,0.0,205950,0,166.92305,600,0,0,0,0,0.0,3,5,0,0,1,1,55,0,1,0,0,0,0,0,0,0,0,0,0,0,0,0
144000568,800000.0,1.0,278587.56,0.0,206542,0,166.92305,602,0,0,0,0,0.0,3,5,0,0,1,1,55,0,1,0,0,0,0,0,0,0,0,0,0,0,0,0
144827319,800000.0,1.0,300202.44,0.0,208907,0,166.53537,607,0,0,0,0,0.0,3,5,0,0,1,1,55,0,1,0,0,0,0,0,0,0,0,0,0,0,0,0
145032785,800000.0,1.0,300202.44,0.0,209501,0,166.53537,608,0,0,0,0,0.0,3,5,0,0,1,1,55,0,1,0,0,0,0,0,0,0,0,0,0,0,0,0
145781648,800000.0,1.0,226723.9,0.0,209793,0,118.77469,609,0,0,0,0,0.0,3,5,0,0,1,1,55,0,1,0,0,0,0,0,0,0,0,0,0,0,0,0
145914846,800000.0,1.0,226723.9,0.0,209846,0,118.77469,610,0,0,0,0,0.0,3,5,0,0,1,1,55,0,1,0,0,0,0,0,0,0,0,0,0,0,0,0
146665777,800000.0,1.0,23282.217,0.0,210133,0,46.972195,610,0,0,0,0,0.0,3,5,0,0,1,1,55,0,1,0,0,0,0,0,0,0,0,0,0,0,0,0
146929586,800000.0,1.0,23282.217,0.0,210238,0,46.972195,612,0,0,0,0,0.0,3,5,0,0,1,1,55,0,1,0,0,0,0,0,0,0,0,0,0,0,0,0
147689745,800000.0,1.0,23421.076,0.0,210531,0,46.936024,612,0,0,0,0,0.0,3,5,0,0,1,1,55,0,1,0,0,0,0,0,0,0,0,0,0,0,0,0
147927076,800000.0,1.0,23421.076,0.0,210628,0,46.936024,614,0,0,0,0,0.0,3,5,0,0,1,1,55,0,1,0,0,0,0,0,0,0,0,0,0,0,0,0
148681015,800000.0,1.0,23289.713,0.0,210920,0,46.989334,614,0,0,0,0,0.0,3,5,0,0,1,1,55,0,1,0,0,0,0,0,0,0,0,0,0,0,0,0
148919327,800000.0,1.0,23289.713,0.0,211016,0,46.989334,616,0,0,0,0,0.0,3,5,0,0,1,1,55,0,1,0,0,0,0,0,0,0,0,0,0,0,0,0
149674692,800000.0,1.0,23386.771,0.0,211307,0,46.99351,616,0,0,0,0,0.0,3,5,0,0,1,1,55,0,1,0,0,0,0,0,0,0,0,0,0,0,0,0
149920849,800000.0,1.0,23386.771,0.0,211406,0,46.99351,618,0,0,0,0,0.0,3,5,0,0,1,1,55,0,1,0,0,0,0,0,0,0,0,0,0,0,0,0
150674241,800000.0,1.0,23276.822,0.0,211696,0,46.963326,618,0,0,0,0,0.0,3,5,0,0,1,1,55,0,1,0,0,0,0,0,0,0,0,0,0,0,0,0
150923909,800000.0,1.0,23276.822,0.0,211796,0,46.963326,620,0,0,0,0,0.0,3,5,0,0,1,1,55,0,1,0,0,0,0,0,0,0,0,0,0,0,0,0
151677868,800000.0,1.0,23318.176,0.0,212089,0,46.853672,620,0,0,0,0,0.0,3,5,0,0,1,1,55,0,1,0,0,0,0,0,0,0,0,0,0,0,0,0
151913963,800000.0,1.0,23318.176,0.0,212183,0,46.853672,622,0,0,0,0,0.0,3,5,0,0,1,1,55,0,1,0,0,0,0,0,0,0,0,0,0,0,0,0
152671541,800000.0,1.0,23487.988,0.0,212475,0,46.93204,622,0,0,0,0,0.0,3,5,0,0,1,1,55,0,1,0,0,0,0,0,0,0,0,0,0,0,0,0
152928095,800000.0,1.0,23487.988,0.0,212575,0,46.93204,624,0,0,0,0,0.0,3,5,0,0,1,1,55,0,1,0,0,0,0,0,0,0,0,0,0,0,0,0
153685441,800000.0,1.0,23314.459,0.0,212868,0,46.846203,624,0,0,0,0,0.0,3,5,0,0,1,1,55,0,1,0,0,0,0,0,0,0,0,0,0,0,0,0
153919157,800000.0,1.0,23314.459,0.0,212964,0,46.846203,626,0,0,0,0,0.0,3,5,0,0,1,1,55,0,1,0,0,0,0,0,0,0,0,0,0,0,0,0
154678801,800000.0,1.0,23262.41,0.0,213257,0,46.934246,626,0,0,0,0,0.0,3,5,0,0,1,1,55,0,1,0,0,0,0,0,0,0,0,0,0,0,0,0
154919098,800000.0,1.0,23262.41,0.0,213353,0,46.934246,628,0,0,0,0,0.0,3,5,0,0,1,1,55,0,1,0,0,0,0,0,0,0,0,0,0,0,0,0
155677229,800000.0,1.0,23712.795,0.0,213647,0,46.971863,628,0,0,0,0,0.0,3,5,0,0,1,1,55,0,1,0,0,0,0,0,0,0,0,0,0,0,0,0
155923406,800000.0,1.0,23712.795,0.0,213743,0,46.971863,630,0,0,0,0,0.0,3,5,0,0,1,1,55,0,1,0,0,0,0,0,0,0,0,0,0,0,0,0
156683620,800000.0,1.0,23191.24,0.0,214036,0,46.79266,630,0,0,0,0,0.0,3,5,0,0,1,1,55,0,1,0,0,0,0,0,0,0,0,0,0,0,0,0
156931306,800000.0,1.0,23191.24,0.0,214136,0,46.79266,632,0,0,0,0,0.0,3,5,0,0,1,1,55,0,1,0,0,0,0,0,0,0,0,0,0,0,0,0
157687653,800000.0,1.0,23375.652,0.0,214426,0,46.97318,632,0,0,0,0,0.0,3,5,0,0,1,1,55,0,1,0,0,0,0,0,0,0,0,0,0,0,0,0
157926343,800000.0,1.0,23375.652,0.0,214523,0,46.97318,634,0,0,0,0,0.0,3,5,0,0,1,1,55,0,1,0,0,0,0,0,0,0,0,0,0,0,0,0
158687754,800000.0,1.0,23269.334,0.0,214815,0,46.950233,634,0,0,0,0,0.0,3,5,0,0,1,1,55,0,1,0,0,0,0,0,0,0,0,0,0,0,0,0
158930706,800000.0,1.0,23269.334,0.0,214912,0,46.950233,636,0,0,0,0,0.0,3,5,0,0,1,1,55,0,1,0,0,0,0,0,0,0,0,0,0,0,0,0
159679237,800000.0,1.0,23370.238,0.0,215202,0,46.95427,636,0,0,0,0,0.0,3,5,0,0,1,1,55,0,1,0,0,0,0,0,0,0,0,0,0,0,0,0
159929591,800000.0,1.0,23370.238,0.0,215302,0,46.95427,638,0,0,0,0,0.0,3,5,0,0,1,1,55,0,1,0,0,0,0,0,0,0,0,0,0,0,0,0
160684312,800000.0,1.0,23271.543,0.0,215594,0,46.95469,638,0,0,0,0,0.0,3,5,0,0,1,1,55,0,1,0,0,0,0,0,0,0,0,0,0,0,0,0
160928641,800000.0,1.0,23271.543,0.0,215691,0,46.95469,640,0,0,0,0,0.0,3,5,0,0,1,1,55,0,1,0,0,0,0,0,0,0,0,0,0,0,0,0
161684693,800000.0,1.0,23344.334,0.0,215984,0,46.906235,640,0,0,0,0,0.0,3,5,0,0,1,1,55,0,1,0,0,0,0,0,0,0,0,0,0,0,0,0
161931400,800000.0,1.0,23344.334,0.0,216081,0,46.906235,642,0,0,0,0,0.0,3,5,0,0,1,1,55,0,1,0,0,0,0,0,0,0,0,0,0,0,0,0
162692275,800000.0,1.0,23188.33,0.0,216373,0,46.786793,642,0,0,0,0,0.0,3,5,0,0,1,1,55,0,1,0,0,0,0,0,0,0,0,0,0,0,0,0
162932602,800000.0,1.0,23188.33,0.0,216470,0,46.786793,644,0,0,0,0,0.0,3,5,0,0,1,1,55,0,1,0,0,0,0,0,0,0,0,0,0,0,0,0
163691268,800000.0,1.0,23320.385,0.0,216763,0,46.858112,644,0,0,0,0,0.0,3,5,0,0,1,1,55,0,1,0,0,0,0,0,0,0,0,0,0,0,0,0
163928672,800000.0,1.0,23320.385,0.0,216860,0,46.858112,646,0,0,0,0,0.0,3,5,0,0,1,1,55,0,1,0,0,0,0,0,0,0,0,0,0,0,0,0
164679624,800000.0,1.0,23275.494,0.0,217149,0,46.95661,646,0,0,0,0,0.0,3,5,0,0,1,1,55,0,1,0,0,0,0,0,0,0,0,0,0,0,0,0
164928786,800000.0,1.0,23275.494,0.0,217249,0,46.95661,648,0,0,0,0,0.0,3,5,0,0,1,1,55,0,1,0,0,0,0,0,0,0,0,0,0,0,0,0
165686916,800000.0,1.0,23330.385,0.0,217542,0,46.8762,648,0,0,0,0,0.0,3,5,0,0,1,1,55,0,1,0,0,0,0,0,0,0,0,0,0,0,0,0
165929546,800000.0,1.0,23330.385,0.0,217639,0,46.8762,650,0,0,0,0,0.0,3,5,0,0,1,1,55,0,1,0,0,0,0,0,0,0,0,0,0,0,0,0
166688255,800000.0,1.0,23360.324,0.0,217937,0,46.82226,651,0,0,0,0,0.0,3,5,0,0,1,1,55,0,1,0,0,0,0,0,0,0,0,0,0,0,0,0
166924699,800000.0,1.0,23360.324,0.0,218034,0,46.82226,653,0,0,0,0,0.0,3,5,0,0,1,1,55,0,1,0,0,0,0,0,0,0,0,0,0,0,0,0
167678485,800000.0,1.0,23881.79,0.0,218324,0,129.79233,653,0,0,0,0,0.0,3,5,0,0,1,1,55,0,1,0,0,0,0,0,0,0,0,0,0,0,0,0
167929361,800000.0,1.0,23881.79,0.0,218424,0,129.79233,655,0,0,0,0,0.0,3,5,0,0,1,1,55,0,1,0,0,0,0,0,0,0,0,0,0,0,0,0
168691835,800000.0,1.0,23231.44,0.0,218716,0,46.87176,655,0,0,0,0,0.0,3,5,0,0,1,1,55,0,1,0,0,0,0,0,0,0,0,0,0,0,0,0
168931035,800000.0,1.0,23231.44,0.0,218818,0,46.87176,658,0,0,0,0,0.0,3,5,0,0,1,1,55,0,1,0,0,0,0,0,0,0,0,0,0,0,0,0
169685992,800000.0,1.0,23788.13,0.0,219111,0,136.76503,658,0,0,0,0,0.0,3,5,0,0,1,1,55,0,1,0,0,0,0,0,0,0,0,0,0,0,0,0
169933263,800000.0,1.0,23788.13,0.0,219208,0,136.76503,660,0,0,0,0,0.0,3,5,0,0,1,1,55,0,1,0,0,0,0,0,0,0,0,0,0,0,0,0
170696159,800000.0,1.0,23283.66,0.0,219500,0,46.9751,660,0,0,0,0,0.0,3,5,0,0,1,1,55,0,1,0,0,0,0,0,0,0,0,0,0,0,0,0
170913140,800000.0,1.0,23283.66,0.0,219591,0,46.9751,662,0,0,0,0,0.0,3,5,0,0,1,1,55,0,1,0,0,0,0,0,0,0,0,0,0,0,0,0
171665771,800000.0,1.0,23693.146,0.0,219882,0,46.93096,662,0,0,0,0,0.0,3,5,0,0,1,1,55,0,1,0,0,0,0,0,0,0,0,0,0,0,0,0
171926434,800000.0,1.0,23693.146,0.0,219987,0,46.93096,664,0,0,0,0,0.0,3,5,0,0,1,1,55,0,1,0,0,0,0,0,0,0,0,0,0,0,0,0
172684389,800000.0,1.0,23285.02,0.0,220279,0,46.843124,664,0,0,0,0,0.0,3,5,0,0,1,1,55,0,1,0,0,0,0,0,0,0,0,0,0,0,0,0
172913699,800000.0,1.0,23285.02,0.0,220370,0,46.843124,666,0,0,0,0,0.0,3,5,0,0,1,1,55,0,1,0,0,0,0,0,0,0,0,0,0,0,0,0
173667991,800000.0,1.0,23834.596,0.0,220666,0,136.61366,667,0,0,0,0,0.0,3,5,0,0,1,1,55,0,1,0,0,0,0,0,0,0,0,0,0,0,0,0
173933272,800000.0,1.0,23834.596,0.0,220776,0,136.61366,670,0,0,0,0,0.0,3,5,0,0,1,1,55,0,1,0,0,0,0,0,0,0,0,0,0,0,0,0
174687102,800000.0,1.0,23724.404,0.0,221068,0,133.8894,670,0,0,0,0,0.0,3,5,0,0,1,1,55,0,1,0,0,0,0,0,0,0,0,0,0,0,0,0
174927593,800000.0,1.0,23724.404,0.0,221171,0,133.8894,673,0,0,0,0,0.0,3,5,0,0,1,1,55,0,1,0,0,0,0,0,0,0,0,0,0,0,0,0
175677559,800000.0,1.0,23918.09,0.0,221466,0,132.99495,674,0,0,0,0,0.0,3,5,0,0,1,1,55,0,1,0,0,0,0,0,0,0,0,0,0,0,0,0
175913420,800000.0,1.0,23918.09,0.0,221560,0,132.99495,676,0,0,0,0,0.0,3,5,0,0,1,1,55,0,1,0,0,0,0,0,0,0,0,0,0,0,0,0
176671258,800000.0,1.0,23670.773,0.0,221858,0,136.566,677,0,0,0,0,0.0,3,5,0,0,1,1,55,0,1,0,0,0,0,0,0,0,0,0,0,0,0,0
176929306,800000.0,1.0,23670.773,0.0,221961,0,136.566,679,0,0,0,0,0.0,3,5,0,0,1,1,55,0,1,0,0,0,0,0,0,0,0,0,0,0,0,0
177687896,800000.0,1.0,24052.455,0.0,222254,0,132.8589,679,0,0,0,0,0.0,3,5,0,0,1,1,55,0,1,0,0,0,0,0,0,0,0,0,0,0,0,0
177931607,800000.0,1.0,24052.455,0.0,222351,0,132.8589,681,0,0,0,0,0.0,3,5,0,0,1,1,55,0,1,0,0,0,0,0,0,0,0,0,0,0,0,0
178688589,800000.0,1.0,23249.732,0.0,222643,0,46.910683,681,0,0,0,0,0.0,3,5,0,0,1,1,55,0,1,0,0,0,0,0,0,0,0,0,0,0,0,0
178933118,800000.0,1.0,23249.732,0.0,222740,0,46.910683,683,0,0,0,0,0.0,3,5,0,0,1,1,55,0,1,0,0,0,0,0,0,0,0,0,0,0,0,0
179683043,800000.0,1.0,23412.531,0.0,223033,0,46.956944,683,0,0,0,0,0.0,3,5,0,0,1,1,55,0,1,0,0,0,0,0,0,0,0,0,0,0,0,0
179927122,800000.0,1.0,23412.531,0.0,223130,0,46.956944,685,0,0,0,0,0.0,3,5,0,0,1,1,55,0,1,0,0,0,0,0,0,0,0,0,0,0,0,0
180680140,800000.0,1.0,23272.799,0.0,223419,0,46.95319,685,0,0,0,0,0.0,3,5,0,0,1,1,55,0,1,0,0,0,0,0,0,0,0,0,0,0,0,0
180931227,800000.0,1.0,23272.799,0.0,223519,0,46.95319,687,0,0,0,0,0.0,3,5,0,0,1,1,55,0,1,0,0,0,0,0,0,0,0,0,0,0,0,0
181689779,800000.0,1.0,23393.744,0.0,223812,0,46.999485,687,0,0,0,0,0.0,3,5,0,0,1,1,55,0,1,0,0,0,0,0,0,0,0,0,0,0,0,0
181931550,800000.0,1.0,23393.744,0.0,223909,0,46.999485,689,0,0,0,0,0.0,3,5,0,0,1,1,55,0,1,0,0,0,0,0,0,0,0,0,0,0,0,0
182683957,800000.0,1.0,23247.922,0.0,224201,0,46.905018,689,0,0,0,0,0.0,3,5,0,0,1,1,55,0,1,0,0,0,0,0,0,0,0,0,0,0,0,0
182931211,800000.0,1.0,23247.922,0.0,224298,0,46.905018,691,0,0,0,0,0.0,3,5,0,0,1,1,55,0,1,0,0,0,0,0,0,0,0,0,0,0,0,0
183682754,800000.0,1.0,23357.365,0.0,224591,0,46.932415,691,0,0,0,0,0.0,3,5,0,0,1,1,55,0,1,0,0,0,0,0,0,0,0,0,0,0,0,0
183924398,800000.0,1.0,23357.365,0.0,224688,0,46.932415,693,0,0,0,0,0.0,3,5,0,0,1,1,55,0,1,0,0,0,0,0,0,0,0,0,0,0,0,0
184678297,800000.0,1.0,23185.422,0.0,224977,0,46.780926,693,0,0,0,0,0.0,3,5,0,0,1,1,55,0,1,0,0,0,0,0,0,0,0,0,0,0,0,0
184926660,800000.0,1.0,23185.422,0.0,225077,0,46.780926,695,0,0,0,0,0.0,3,5,0,0,1,1,55,0,1,0,0,0,0,0,0,0,0,0,0,0,0,0
185678541,800000.0,1.0,23388.598,0.0,225367,0,46.99718,695,0,0,0,0,0.0,3,5,0,0,1,1,55,0,1,0,0,0,0,0,0,0,0,0,0,0,0,0
185926043,800000.0,1.0,23388.598,0.0,225467,0,46.99718,697,0,0,0,0,0.0,3,5,0,0,1,1,55,0,1,0,0,0,0,0,0,0,0,0,0,0,0,0
186685997,800000.0,1.0,23315.676,0.0,225759,0,46.872696,697,0,0,0,0,0.0,3,5,0,0,1,1,55,0,1,0,0,0,0,0,0,0,0,0,0,0,0,0
186913623,800000.0,1.0,23315.676,0.0,225855,0,46.872696,700,0,0,0,0,0.0,3,5,0,0,1,1,55,0,1,0,0,0,0,0,0,0,0,0,0,0,0,0
187668723,800000.0,1.0,23818.182,0.0,226146,0,133.86613,700,0,0,0,0,0.0,3,5,0,0,1,1,55,0,1,0,0,0,0,0,0,0,0,0,0,0,0,0
187912896,800000.0,1.0,23818.182,0.0,226245,0,133.86613,702,0,0,0,0,0.0,3,5,0,0,1,1,55,0,1,0,0,0,0,0,0,0,0,0,0,0,0,0
188666201,800000.0,1.0,23285.852,0.0,226533,0,46.985577,702,0,0,0,0,0.0,3,5,0,0,1,1,55,0,1,0,0,0,0,0,0,0,0,0,0,0,0,0
188923818,800000.0,1.0,23285.852,0.0,226640,0,46.985577,704,0,0,0,0,0.0,3,5,0,0,1,1,55,0,1,0,0,0,0,0,0,0,0,0,0,0,0,0
189679626,800000.0,1.0,23328.201,0.0,226930,0,46.873817,704,0,0,0,0,0.0,3,5,0,0,1,1,55,0,1,0,0,0,0,0,0,0,0,0,0,0,0,0
189910330,800000.0,1.0,23328.201,0.0,227022,0,46.873817,706,0,0,0,0,0.0,3,5,0,0,1,1,55,0,1,0,0,0,0,0,0,0,0,0,0,0,0,0
190669589,800000.0,1.0,23294.953,0.0,227314,0,46.999905,706,0,0,0,0,0.0,3,5,0,0,1,1,55,0,1,0,0,0,0,0,0,0,0,0,0,0,0,0
190909908,800000.0,1.0,23294.953,0.0,227411,0,46.999905,708,0,0,0,0,0.0,3,5,0,0,1,1,55,0,1,0,0,0,0,0,0,0,0,0,0,0,0,0
191667306,800000.0,1.0,23387.86,0.0,227704,0,46.99168,708,0,0,0,0,0.0,3,5,0,0,1,1,55,0,1,0,0,0,0,0,0,0,0,0,0,0,0,0
191927225,800000.0,1.0,23387.86,0.0,227809,0,46.99168,710,0,0,0,0,0.0,3,5,0,0,1,1,55,0,1,0,0,0,0,0,0,0,0,0,0,0,0,0
192681854,800000.0,1.0,23423.338,0.0,228101,0,46.938557,710,0,0,0,0,0.0,3,5,0,0,1,1,55,0,1,0,0,0,0,0,0,0,0,0,0,0,0,0
192928237,800000.0,1.0,23423.338,0.0,228198,0,46.938557,712,0,0,0,0,0.0,3,5,0,0,1,1,55,0,1,0,0,0,0,0,0,0,0,0,0,0,0,0
193691367,800000.0,1.0,23365.2,0.0,228491,0,46.94615,712,0,0,0,0,0.0,3,5,0,0,1,1,55,0,1,0,0,0,0,0,0,0,0,0,0,0,0,0
193931229,800000.0,1.0,23365.2,0.0,228588,0,46.94615,714,0,0,0,0,0.0,3,5,0,0,1,1,55,0,1,0,0,0,0,0,0,0,0,0,0,0,0,0
194691651,800000.0,1.0,23565.28,0.0,228880,0,46.873253,714,0,0,0,0,0.0,3,5,0,0,1,1,55,0,1,0,0,0,0,0,0,0,0,0,0,0,0,0
194927615,800000.0,1.0,23565.28,0.0,228977,0,46.873253,716,0,0,0,0,0.0,3,5,0,0,1,1,55,0,1,0,0,0,0,0,0,0,0,0,0,0,0,0
195679780,800000.0,1.0,23295.002,0.0,229267,0,46.809113,716,0,0,0,0,0.0,3,5,0,0,1,1,55,0,1,0,0,0,0,0,0,0,0,0,0,0,0,0
195925019,800000.0,1.0,23295.002,0.0,229367,0,46.809113,718,0,0,0,0,0.0,3,5,0,0,1,1,55,0,1,0,0,0,0,0,0,0,0,0,0,0,0,0
196677997,800000.0,1.0,23786.834,0.0,229661,0,136.85521,719,0,0,0,0,0.0,3,5,0,0,1,1,55,0,1,0,0,0,0,0,0,0,0,0,0,0,0,0
196921817,800000.0,1.0,23786.834,0.0,229760,0,136.85521,721,0,0,0,0,0.0,3,5,0,0,1,1,55,0,1,0,0,0,0,0,0,0,0,0,0,0,0,0
197676403,800000.0,1.0,23760.62,0.0,230056,0,101.65184,722,0,0,0,0,0.0,3,5,0,0,1,1,55,0,1,0,0,0,0,0,0,0,0,0,0,0,0,0
197924449,800000.0,1.0,23760.62,0.0,230162,0,101.65184,725,0,0,0,0,0.0,3,5,0,0,1,1,55,0,1,0,0,0,0,0,0,0,0,0,0,0,0,0
198683966,800000.0,1.0,24266.662,0.0,230459,0,227.94986,726,0,0,0,0,0.0,3,5,0,0,1,1,55,0,1,0,0,0,0,0,0,0,0,0,0,0,0,0
198924997,800000.0,1.0,24266.662,0.0,230556,0,227.94986,728,0,0,0,0,0.0,3,5,0,0,1,1,55,0,1,0,0,0,0,0,0,0,0,0,0,0,0,0
199685240,800000.0,1.0,23796.121,0.0,230859,0,136.73064,730,0,0,0,0,0.0,3,5,0,0,1,1,55,0,1,0,0,0,0,0,0,0,0,0,0,0,0,0
199927753,800000.0,1.0,23796.121,0.0,230956,0,136.73064,732,0,0,0,0,0.0,3,5,0,0,1,1,55,0,1,0,0,0,0,0,0,0,0,0,0,0,0,0
200685982,800000.0,1.0,24160.088,0.0,231253,0,221.67966,733,0,0,0,0,0.0,3,5,0,0,1,1,55,0,1,0,0,0,0,0,0,0,0,0,0,0,0,0
200923142,800000.0,1.0,24160.088,0.0,231349,0,221.67966,735,0,0,0,0,0.0,3,5,0,0,1,1,55,0,1,0,0,0,0,0,0,0,0,0,0,0,0,0
201686449,800000.0,1.0,23354.58,0.0,231648,0,46.93284,736,0,0,0,0,0.0,3,5,0,0,1,1,55,0,1,0,0,0,0,0,0,0,0,0,0,0,0,0
202676907,800000.0,1.0,23841.135,0.0,232039,0,136.65685,739,0,0,0,0,0.0,3,5,0,0,1,1,55,0,1,0,0,0,0,0,0,0,0,0,0,0,0,0
202928586,800000.0,1.0,23841.135,0.0,232139,0,136.65685,741,0,0,0,0,0.0,3,5,0,0,1,1,55,0,1,0,0,0,0,0,0,0,0,0,0,0,0,0
203686703,800000.0,1.0,23883.602,0.0,232433,0,220.66371,742,0,0,0,0,0.0,3,5,0,0,1,1,55,0,1,0,0,0,0,0,0,0,0,0,0,0,0,0
203929923,800000.0,1.0,23883.602,0.0,232535,0,220.66371,745,0,0,0,0,0.0,3,5,0,0,1,1,55,0,1,0,0,0,0,0,0,0,0,0,0,0,0,0
204686945,800000.0,1.0,23668.352,0.0,232827,0,128.24873,745,0,0,0,0,0.0,3,5,0,0,1,1,55,0,1,0,0,0,0,0,0,0,0,0,0,0,0,0
204927427,800000.0,1.0,23668.352,0.0,232924,0,128.24873,747,0,0,0,0,0.0,3,5,0,0,1,1,55,0,1,0,0,0,0,0,0,0,0,0,0,0,0,0
205681672,800000.0,1.0,23337.367,0.0,233217,0,46.89023,747,0,0,0,0,0.0,3,5,0,0,1,1,55,0,1,0,0,0,0,0,0,0,0,0,0,0,0,0
205924377,800000.0,1.0,23337.367,0.0,233314,0,46.89023,749,0,0,0,0,0.0,3,5,0,0,1,1,55,0,1,0,0,0,0,0,0,0,0,0,0,0,0,0
206681698,800000.0,1.0,23227.408,0.0,233611,0,46.86564,750,0,0,0,0,0.0,3,5,0,0,1,1,55,0,1,0,0,0,0,0,0,0,0,0,0,0,0,0
206928587,800000.0,1.0,23227.408,0.0,233708,0,46.86564,752,0,0,0,0,0.0,3,5,0,0,1,1,55,0,1,0,0,0,0,0,0,0,0,0,0,0,0,0
207688571,800000.0,1.0,24131.152,0.0,234006,0,136.7402,753,0,0,0,0,0.0,3,5,0,0,1,1,55,0,1,0,0,0,0,0,0,0,0,0,0,0,0,0
207928553,800000.0,1.0,24131.152,0.0,234103,0,136.7402,755,0,0,0,0,0.0,3,5,0,0,1,1,55,0,1,0,0,0,0,0,0,0,0,0,0,0,0,0
208687792,800000.0,1.0,23698.838,0.0,234399,0,136.46356,756,0,0,0,0,0.0,3,5,0,0,1,1,55,0,1,0,0,0,0,0,0,0,0,0,0,0,0,0
208912863,800000.0,1.0,23698.838,0.0,234491,0,136.46356,758,0,0,0,0,0.0,3,5,0,0,1,1,55,0,1,0,0,0,0,0,0,0,0,0,0,0,0,0
209663050,800000.0,1.0,24168.54,0.0,234786,0,226.7986,759,0,0,0,0,0.0,3,5,0,0,1,1,55,0,1,0,0,0,0,0,0,0,0,0,0,0,0,0
209919974,800000.0,1.0,24168.54,0.0,234889,0,226.7986,761,0,0,0,0,0.0,3,5,0,0,1,1,55,0,1,0,0,0,0,0,0,0,0,0,0,0,0,0
210676016,800000.0,1.0,24035.605,0.0,235187,0,137.74557,762,0,0,0,0,0.0,3,5,0,0,1,1,55,0,1,0,0,0,0,0,0,0,0,0,0,0,0,0
210926837,800000.0,1.0,24035.605,0.0,235292,0,137.74557,765,0,0,0,0,0.0,3,5,0,0,1,1,55,0,1,0,0,0,0,0,0,0,0,0,0,0,0,0
211683115,800000.0,1.0,23767.135,0.0,235590,0,137.56667,766,0,0,0,0,0.0,3,5,0,0,1,1,55,0,1,0,0,0,0,0,0,0,0,0,0,0,0,0
211923180,800000.0,1.0,23767.135,0.0,235686,0,137.56667,768,0,0,0,0,0.0,3,5,0,0,1,1,55,0,1,0,0,0,0,0,0,0,0,0,0,0,0,0
212674666,800000.0,1.0,24114.854,0.0,235978,0,207.30241,769,0,0,0,0,0.0,3,5,0,0,1,1,55,0,1,0,0,0,0,0,0,0,0,0,0,0,0,0
212925772,800000.0,1.0,24114.854,0.0,236086,0,207.30241,772,0,0,0,0,0.0,3,5,0,0,1,1,55,0,1,0,0,0,0,0,0,0,0,0,0,0,0,0
213678059,800000.0,1.0,23793.459,0.0,236376,0,137.33311,772,0,0,0,0,0.0,3,5,0,0,1,1,55,0,1,0,0,0,0,0,0,0,0,0,0,0,0,0
213926747,800000.0,1.0,23793.459,0.0,236476,0,137.33311,774,0,0,0,0,0.0,3,5,0,0,1,1,55,0,1,0,0,0,0,0,0,0,0,0,0,0,0,0
214679927,800000.0,1.0,23236.074,0.0,236765,0,46.8791,774,0,0,0,0,0.0,3,5,0,0,1,1,55,0,1,0,0,0,0,0,0,0,0,0,0,0,0,0
214924452,800000.0,1.0,23236.074,0.0,236865,0,46.8791,776,0,0,0,0,0.0,3,5,0,0,1,1,55,0,1,0,0,0,0,0,0,0,0,0,0,0,0,0
215678118,800000.0,1.0,23830.873,0.0,237160,0,137.94716,777,0,0,0,0,0.0,3,5,0,0,1,1,55,0,1,0,0,0,0,0,0,0,0,0,0,0,0,0
215919985,800000.0,1.0,23830.873,0.0,237256,0,137.94716,779,0,0,0,0,0.0,3,5,0,0,1,1,55,0,1,0,0,0,0,0,0,0,0,0,0,0,0,0
216676941,800000.0,1.0,23328.492,0.0,237549,0,46.942635,779,0,0,0,0,0.0,3,5,0,0,1,1,55,0,1,0,0,0,0,0,0,0,0,0,0,0,0,0
216925197,800000.0,1.0,23328.492,0.0,237649,0,46.942635,781,0,0,0,0,0.0,3,5,0,0,1,1,55,0,1,0,0,0,0,0,0,0,0,0,0,0,0,0
217676915,800000.0,1.0,23481.924,0.0,237939,0,46.86414,781,0,0,0,0,0.0,3,5,0,0,1,1,55,0,1,0,0,0,0,0,0,0,0,0,0,0,0,0
217930033,800000.0,1.0,23481.924,0.0,238039,0,46.86414,783,0,0,0,0,0.0,3,5,0,0,1,1,55,0,1,0,0,0,0,0,0,0,0,0,0,0,0,0
218685961,800000.0,1.0,23180.984,0.0,238331,0,46.892754,783,0,0,0,0,0.0,3,5,0,0,1,1,55,0,1,0,0,0,0,0,0,0,0,0,0,0,0,0
218928809,800000.0,1.0,23180.984,0.0,238428,0,46.892754,785,0,0,0,0,0.0,3,5,0,0,1,1,55,0,1,0,0,0,0,0,0,0,0,0,0,0,0,0
219684790,800000.0,1.0,23409.275,0.0,238721,0,46.92038,785,0,0,0,0,0.0,3,5,0,0,1,1,55,0,1,0,0,0,0,0,0,0,0,0,0,0,0,0
219925238,800000.0,1.0,23409.275,0.0,238818,0,46.92038,787,0,0,0,0,0.0,3,5,0,0,1,1,55,0,1,0,0,0,0,0,0,0,0,0,0,0,0,0
220682670,800000.0,1.0,23232.84,0.0,239107,0,46.997654,787,0,0,0,0,0.0,3,5,0,0,1,1,55,0,1,0,0,0,0,0,0,0,0,0,0,0,0,0
220923819,800000.0,1.0,23232.84,0.0,239207,0,46.997654,789,0,0,0,0,0.0,3,5,0,0,1,1,55,0,1,0,0,0,0,0,0,0,0,0,0,0,0,0
221682005,800000.0,1.0,23660.84,0.0,239500,0,46.750725,789,0,0,0,0,0.0,3,5,0,0,1,1,55,0,1,0,0,0,0,0,0,0,0,0,0,0,0,0
221927693,800000.0,1.0,23660.84,0.0,239597,0,46.750725,791,0,0,0,0,0.0,3,5,0,0,1,1,55,0,1,0,0,0,0,0,0,0,0,0,0,0,0,0
222679050,800000.0,1.0,23236.605,0.0,239886,0,46.882183,791,0,0,0,0,0.0,3,5,0,0,1,1,55,0,1,0,0,0,0,0,0,0,0,0,0,0,0,0
222922549,800000.0,1.0,23236.605,0.0,239985,0,46.882183,793,0,0,0,0,0.0,3,5,0,0,1,1,55,0,1,0,0,0,0,0,0,0,0,0,0,0,0,0
223675919,800000.0,1.0,23367.63,0.0,240276,0,46.953045,793,0,0,0,0,0.0,3,5,0,0,1,1,55,0,1,0,0,0,0,0,0,0,0,0,0,0,0,0
223923141,800000.0,1.0,23367.63,0.0,240375,0,46.953045,795,0,0,0,0,0.0,3,5,0,0,1,1,55,0,1,0,0,0,0,0,0,0,0,0,0,0,0,0
224684554,800000.0,1.0,23291.951,0.0,240668,0,46.995865,795,0,0,0,0,0.0,3,5,0,0,1,1,55,0,1,0,0,0,0,0,0,0,0,0,0,0,0,0
224923028,800000.0,1.0,23291.951,0.0,240764,0,46.995865,797,0,0,0,0,0.0,3,5,0,0,1,1,55,0,1,0,0,0,0,0,0,0,0,0,0,0,0,0
225674093,800000.0,1.0,23384.293,0.0,241052,0,46.860313,797,0,0,0,0,0.0,3,5,0,0,1,1,55,0,1,0,0,0,0,0,0,0,0,0,0,0,0,0
225928595,800000.0,1.0,23384.293,0.0,241155,0,46.860313,799,0,0,0,0,0.0,3,5,0,0,1,1,55,0,1,0,0,0,0,0,0,0,0,0,0,0,0,0
226682849,800000.0,1.0,23285.803,0.0,241447,0,46.981445,799,0,0,0,0,0.0,3,5,0,0,1,1,55,0,1,0,0,0,0,0,0,0,0,0,0,0,0,0
226928602,800000.0,1.0,23285.803,0.0,241544,0,46.981445,801,0,0,0,0,0.0,3,5,0,0,1,1,55,0,1,0,0,0,0,0,0,0,0,0,0,0,0,0
227683402,800000.0,1.0,23371.84,0.0,241837,0,46.96351,801,0,0,0,0,0.0,3,5,0,0,1,1,55,0,1,0,0,0,0,0,0,0,0,0,0,0,0,0
227924094,800000.0,1.0,23371.84,0.0,241933,0,46.96351,803,0,0,0,0,0.0,3,5,0,0,1,1,55,0,1,0,0,0,0,0,0,0,0,0,0,0,0,0
228675835,800000.0,1.0,23273.914,0.0,242220,0,46.96149,803,0,0,0,0,0.0,3,5,0,0,1,1,55,0,1,0,0,0,0,0,0,0,0,0,0,0,0,0
228925523,800000.0,1.0,23273.914,0.0,242323,0,46.96149,805,0,0,0,0,0.0,3,5,0,0,1,1,55,0,1,0,0,0,0,0,0,0,0,0,0,0,0,0
229677023,800000.0,1.0,23493.016,0.0,242613,0,46.888264,805,0,0,0,0,0.0,3,5,0,0,1,1,55,0,1,0,0,0,0,0,0,0,0,0,0,0,0,0
229925970,800000.0,1.0,23493.016,0.0,242718,0,46.888264,808,0,0,0,0,0.0,3,5,0,0,1,1,55,0,1,0,0,0,0,0,0,0,0,0,0,0,0,0
230677341,800000.0,1.0,23732.805,0.0,243012,0,137.92331,809,0,0,0,0,0.0,3,5,0,0,1,1,55,0,1,0,0,0,0,0,0,0,0,0,0,0,0,0
230931018,800000.0,1.0,23732.805,0.0,243112,0,137.92331,811,0,0,0,0,0.0,3,5,0,0,1,1,55,0,1,0,0,0,0,0,0,0,0,0,0,0,0,0
231682044,800000.0,1.0,24289.543,0.0,243416,0,226.6039,813,0,0,0,0,0.0,3,5,0,0,1,1,55,0,1,0,0,0,0,0,0,0,0,0,0,0,0,0
231923934,800000.0,1.0,24289.543,0.0,243513,0,226.6039,815,0,0,0,0,0.0,3,5,0,0,1,1,55,0,1,0,0,0,0,0,0,0,0,0,0,0,0,0
232674620,800000.0,1.0,24190.59,0.0,243804,0,222.23373,816,0,0,0,0,0.0,3,5,0,0,1,1,55,0,1,0,0,0,0,0,0,0,0,0,0,0,0,0
232927727,800000.0,1.0,24190.59,0.0,243912,0,222.23373,819,0,0,0,0,0.0,3,5,0,0,1,1,55,0,1,0,0,0,0,0,0,0,0,0,0,0,0,0
233678964,800000.0,1.0,23796.146,0.0,244202,0,137.72305,819,0,0,0,0,0.0,3,5,0,0,1,1,55,0,1,0,0,0,0,0,0,0,0,0,0,0,0,0
233924725,800000.0,1.0,23796.146,0.0,244302,0,137.72305,821,0,0,0,0,0.0,3,5,0,0,1,1,55,0,1,0,0,0,0,0,0,0,0,0,0,0,0,0
234677448,800000.0,1.0,23781.299,0.0,244596,0,137.81628,822,0,0,0,0,0.0,3,5,0,0,1,1,55,0,1,0,0,0,0,0,0,0,0,0,0,0,0,0
234922967,800000.0,1.0,23781.299,0.0,244695,0,137.81628,824,0,0,0,0,0.0,3,5,0,0,1,1,55,0,1,0,0,0,0,0,0,0,0,0,0,0,0,0
235678500,800000.0,1.0,23798.094,0.0,244991,0,132.74951,825,0,0,0,0,0.0,3,5,0,0,1,1,55,0,1,0,0,0,0,0,0,0,0,0,0,0,0,0
235925050,800000.0,1.0,23798.094,0.0,245091,0,132.74951,827,0,0,0,0,0.0,3,5,0,0,1,1,55,0,1,0,0,0,0,0,0,0,0,0,0,0,0,0
236686180,800000.0,1.0,23782.027,0.0,245393,0,129.53717,829,0,0,0,0,0.0,3,5,0,0,1,1,55,0,1,0,0,0,0,0,0,0,0,0,0,0,0,0
236923939,800000.0,1.0,23782.027,0.0,245490,0,129.53717,831,0,0,0,0,0.0,3,5,0,0,1,1,55,0,1,0,0,0,0,0,0,0,0,0,0,0,0,0
237676886,800000.0,1.0,24396.607,0.0,245786,0,207.94551,832,0,0,0,0,0.0,3,5,0,0,1,1,55,0,1,0,0,0,0,0,0,0,0,0,0,0,0,0
237923843,800000.0,1.0,24396.607,0.0,245886,0,207.94551,834,0,0,0,0,0.0,3,5,0,0,1,1,55,0,1,0,0,0,0,0,0,0,0,0,0,0,0,0
238681035,800000.0,1.0,23213.533,0.0,246178,0,46.898045,834,0,0,0,0,0.0,3,5,0,0,1,1,55,0,1,0,0,0,0,0,0,0,0,0,0,0,0,0
238920912,800000.0,1.0,23213.533,0.0,246271,0,46.898045,836,0,0,0,0,0.0,3,5,0,0,1,1,55,0,1,0,0,0,0,0,0,0,0,0,0,0,0,0
239670145,800000.0,1.0,23380.656,0.0,246559,0,46.915035,836,0,0,0,0,0.0,3,5,0,0,1,1,55,0,1,0,0,0,0,0,0,0,0,0,0,0,0,0
239919905,800000.0,1.0,23380.656,0.0,246661,0,46.915035,838,0,0,0,0,0.0,3,5,0,0,1,1,55,0,1,0,0,0,0,0,0,0,0,0,0,0,0,0
240670776,800000.0,1.0,23261.092,0.0,246948,0,46.99412,838,0,0,0,0,0.0,3,5,0,0,1,1,55,0,1,0,0,0,0,0,0,0,0,0,0,0,0,0
240923916,800000.0,1.0,23261.092,0.0,247051,0,46.99412,840,0,0,0,0,0.0,3,5,0,0,1,1,55,0,1,0,0,0,0,0,0,0,0,0,0,0,0,0
241674849,800000.0,1.0,23381.178,0.0,247341,0,46.918083,840,0,0,0,0,0.0,3,5,0,0,1,1,55,0,1,0,0,0,0,0,0,0,0,0,0,0,0,0
241925047,800000.0,1.0,23381.178,0.0,247441,0,46.918083,842,0,0,0,0,0.0,3,5,0,0,1,1,55,0,1,0,0,0,0,0,0,0,0,0,0,0,0,0
242684583,800000.0,1.0,24001.207,0.0,247738,0,136.7391,843,0,0,0,0,0.0,3,5,0,0,1,1,55,0,1,0,0,0,0,0,0,0,0,0,0,0,0,0
242932872,800000.0,1.0,24001.207,0.0,247838,0,136.7391,845,0,0,0,0,0.0,3,5,0,0,1,1,55,0,1,0,0,0,0,0,0,0,0,0,0,0,0,0
243684097,800000.0,1.0,23856.68,0.0,248138,0,137.89989,847,0,0,0,0,0.0,3,5,0,0,1,1,55,0,1,0,0,0,0,0,0,0,0,0,0,0,0,0
244682231,800000.0,1.0,23684.3,0.0,248527,0,131.95425,849,0,0,0,0,0.0,3,5,0,0,1,1,55,0,1,0,0,0,0,0,0,0,0,0,0,0,0,0
244932699,800000.0,1.0,23684.3,0.0,248627,0,131.95425,851,0,0,0,0,0.0,3,5,0,0,1,1,55,0,1,0,0,0,0,0,0,0,0,0,0,0,0,0
245688711,800000.0,1.0,23387.158,0.0,248917,0,46.924076,851,0,0,0,0,0.0,3,5,0,0,1,1,55,0,1,0,0,0,0,0,0,0,0,0,0,0,0,0
245927589,800000.0,1.0,23387.158,0.0,249014,0,46.924076,853,0,0,0,0,0.0,3,5,0,0,1,1,55,0,1,0,0,0,0,0,0,0,0,0,0,0,0,0
246679838,800000.0,1.0,23211.816,0.0,249306,0,46.898605,853,0,0,0,0,0.0,3,5,0,0,1,1,55,0,1,0,0,0,0,0,0,0,0,0,0,0,0,0
246919796,800000.0,1.0,23211.816,0.0,249402,0,46.898605,855,0,0,0,0,0.0,3,5,0,0,1,1,55,0,1,0,0,0,0,0,0,0,0,0,0,0,0,0
247679278,800000.0,1.0,23415.586,0.0,249701,0,46.98713,856,0,0,0,0,0.0,3,5,0,0,1,1,55,0,1,0,0,0,0,0,0,0,0,0,0,0,0,0
247921999,800000.0,1.0,23415.586,0.0,249797,0,46.98713,858,0,0,0,0,0.0,3,5,0,0,1,1,55,0,1,0,0,0,0,0,0,0,0,0,0,0,0,0
248675873,800000.0,1.0,23629.924,0.0,250090,0,136.51428,858,0,0,0,0,0.0,3,5,0,0,1,1,55,0,1,0,0,0,0,0,0,0,0,0,0,0,0,0
248928591,800000.0,1.0,23629.924,0.0,250187,0,136.51428,860,0,0,0,0,0.0,3,5,0,0,1,1,55,0,1,0,0,0,0,0,0,0,0,0,0,0,0,0
249689870,800000.0,1.0,23359.674,0.0,250480,0,46.87293,860,0,0,0,0,0.0,3,5,0,0,1,1,55,0,1,0,0,0,0,0,0,0,0,0,0,0,0,0
249921730,800000.0,1.0,23359.674,0.0,250576,0,46.87293,862,0,0,0,0,0.0,3,5,0,0,1,1,55,0,1,0,0,0,0,0,0,0,0,0,0,0,0,0
250677099,800000.0,1.0,23258.557,0.0,250866,0,46.989006,862,0,0,0,0,0.0,3,5,0,0,1,1,55,0,1,0,0,0,0,0,0,0,0,0,0,0,0,0
250927115,800000.0,1.0,23258.557,0.0,250966,0,46.989006,864,0,0,0,0,0.0,3,5,0,0,1,1,55,0,1,0,0,0,0,0,0,0,0,0,0,0,0,0
251680867,800000.0,1.0,23393.69,0.0,251256,0,46.81527,864,0,0,0,0,0.0,3,5,0,0,1,1,55,0,1,0,0,0,0,0,0,0,0,0,0,0,0,0
251928087,800000.0,1.0,23393.69,0.0,251356,0,46.81527,866,0,0,0,0,0.0,3,5,0,0,1,1,55,0,1,0,0,0,0,0,0,0,0,0,0,0,0,0
252687672,800000.0,1.0,23249.377,0.0,251648,0,46.976513,866,0,0,0,0,0.0,3,5,0,0,1,1,55,0,1,0,0,0,0,0,0,0,0,0,0,0,0,0
252926543,800000.0,1.0,23249.377,0.0,251745,0,46.976513,868,0,0,0,0,0.0,3,5,0,0,1,1,55,0,1,0,0,0,0,0,0,0,0,0,0,0,0,0
253684650,800000.0,1.0,23357.193,0.0,252038,0,46.873955,868,0,0,0,0,0.0,3,5,0,0,1,1,55,0,1,0,0,0,0,0,0,0,0,0,0,0,0,0
253930881,800000.0,1.0,23357.193,0.0,252135,0,46.873955,870,0,0,0,0,0.0,3,5,0,0,1,1,55,0,1,0,0,0,0,0,0,0,0,0,0,0,0,0
254687469,800000.0,1.0,23303.186,0.0,252427,0,46.952015,870,0,0,0,0,0.0,3,5,0,0,1,1,55,0,1,0,0,0,0,0,0,0,0,0,0,0,0,0
254931366,800000.0,1.0,23303.186,0.0,252524,0,46.952015,872,0,0,0,0,0.0,3,5,0,0,1,1,55,0,1,0,0,0,0,0,0,0,0,0,0,0,0,0
255683219,800000.0,1.0,23362.865,0.0,252817,0,46.879333,872,0,0,0,0,0.0,3,5,0,0,1,1,55,0,1,0,0,0,0,0,0,0,0,0,0,0,0,0
255927581,800000.0,1.0,23362.865,0.0,252914,0,46.879333,874,0,0,0,0,0.0,3,5,0,0,1,1,55,0,1,0,0,0,0,0,0,0,0,0,0,0,0,0
256681623,800000.0,1.0,23236.975,0.0,253206,0,46.947422,874,0,0,0,0,0.0,3,5,0,0,1,1,55,0,1,0,0,0,0,0,0,0,0,0,0,0,0,0
256931891,800000.0,1.0,23236.975,0.0,253303,0,46.947422,876,0,0,0,0,0.0,3,5,0,0,1,1,55,0,1,0,0,0,0,0,0,0,0,0,0,0,0,0
257680738,800000.0,1.0,23688.125,0.0,253593,0,46.859795,876,0,0,0,0,0.0,3,5,0,0,1,1,55,0,1,0,0,0,0,0,0,0,0,0,0,0,0,0
257932744,800000.0,1.0,23688.125,0.0,253693,0,46.859795,878,0,0,0,0,0.0,3,5,0,0,1,1,55,0,1,0,0,0,0,0,0,0,0,0,0,0,0,0
258683904,800000.0,1.0,23343.713,0.0,253985,0,46.846905,878,0,0,0,0,0.0,3,5,0,0,1,1,55,0,1,0,0,0,0,0,0,0,0,0,0,0,0,0
258933606,800000.0,1.0,23343.713,0.0,254082,0,46.846905,880,0,0,0,0,0.0,3,5,0,0,1,1,55,0,1,0,0,0,0,0,0,0,0,0,0,0,0,0
259687846,800000.0,1.0,23388.723,0.0,254375,0,46.927216,880,0,0,0,0,0.0,3,5,0,0,1,1,55,0,1,0,0,0,0,0,0,0,0,0,0,0,0,0
259926012,800000.0,1.0,23388.723,0.0,254472,0,46.927216,882,0,0,0,0,0.0,3,5,0,0,1,1,55,0,1,0,0,0,0,0,0,0,0,0,0,0,0,0
260676578,800000.0,1.0,23260.582,0.0,254761,0,46.995113,882,0,0,0,0,0.0,3,5,0,0,1,1,55,0,1,0,0,0,0,0,0,0,0,0,0,0,0,0
260918715,800000.0,1.0,23260.582,0.0,254857,0,46.995113,884,0,0,0,0,0.0,3,5,0,0,1,1,55,0,1,0,0,0,0,0,0,0,0,0,0,0,0,0
261676483,800000.0,1.0,23416.016,0.0,255151,0,46.983982,884,0,0,0,0,0.0,3,5,0,0,1,1,55,0,1,0,0,0,0,0,0,0,0,0,0,0,0,0
261928911,800000.0,1.0,23416.016,0.0,255251,0,46.983982,886,0,0,0,0,0.0,3,5,0,0,1,1,55,0,1,0,0,0,0,0,0,0,0,0,0,0,0,0
262687813,800000.0,1.0,23234.842,0.0,255543,0,46.937057,886,0,0,0,0,0.0,3,5,0,0,1,1,55,0,1,0,0,0,0,0,0,0,0,0,0,0,0,0
262926585,800000.0,1.0,23234.842,0.0,255640,0,46.937057,888,0,0,0,0,0.0,3,5,0,0,1,1,55,0,1,0,0,0,0,0,0,0,0,0,0,0,0,0
263682100,800000.0,1.0,23395.166,0.0,255933,0,46.938137,888,0,0,0,0,0.0,3,5,0,0,1,1,55,0,1,0,0,0,0,0,0,0,0,0,0,0,0,0
263923671,800000.0,1.0,23395.166,0.0,256030,0,46.938137,890,0,0,0,0,0.0,3,5,0,0,1,1,55,0,1,0,0,0,0,0,0,0,0,0,0,0,0,0
264684635,800000.0,1.0,23206.473,0.0,256322,0,46.883778,890,0,0,0,0,0.0,3,5,0,0,1,1,55,0,1,0,0,0,0,0,0,0,0,0,0,0,0,0
264922478,800000.0,1.0,23206.473,0.0,256418,0,46.883778,892,0,0,0,0,0.0,3,5,0,0,1,1,55,0,1,0,0,0,0,0,0,0,0,0,0,0,0,0
265672685,800000.0,1.0,23402.066,0.0,256706,0,46.953983,892,0,0,0,0,0.0,3,5,0,0,1,1,55,0,1,0,0,0,0,0,0,0,0,0,0,0,0,0
265916243,800000.0,1.0,23402.066,0.0,256805,0,46.953983,894,0,0,0,0,0.0,3,5,0,0,1,1,55,0,1,0,0,0,0,0,0,0,0,0,0,0,0,0
266667763,800000.0,1.0,23237.44,0.0,257093,0,46.94836,894,0,0,0,0,0.0,3,5,0,0,1,1,55,0,1,0,0,0,0,0,0,0,0,0,0,0,0,0
266931538,800000.0,1.0,23237.44,0.0,257198,0,46.94836,896,0,0,0,0,0.0,3,5,0,0,1,1,55,0,1,0,0,0,0,0,0,0,0,0,0,0,0,0
267690687,800000.0,1.0,23410.562,0.0,257491,0,46.973038,896,0,0,0,0,0.0,3,5,0,0,1,1,55,0,1,0,0,0,0,0,0,0,0,0,0,0,0,0
267931040,800000.0,1.0,23410.562,0.0,257588,0,46.973038,898,0,0,0,0,0.0,3,5,0,0,1,1,55,0,1,0,0,0,0,0,0,0,0,0,0,0,0,0
268681539,800000.0,1.0,23256.42,0.0,257880,0,46.988724,898,0,0,0,0,0.0,3,5,0,0,1,1,55,0,1,0,0,0,0,0,0,0,0,0,0,0,0,0
268933622,800000.0,1.0,23256.42,0.0,257977,0,46.988724,900,0,0,0,0,0.0,3,5,0,0,1,1,55,0,1,0,0,0,0,0,0,0,0,0,0,0,0,0
269692105,800000.0,1.0,23382.271,0.0,258270,0,46.910263,900,0,0,0,0,0.0,3,5,0,0,1,1,55,0,1,0,0,0,0,0,0,0,0,0,0,0,0,0
269927384,800000.0,1.0,23382.271,0.0,258367,0,46.910263,902,0,0,0,0,0.0,3,5,0,0,1,1,55,0,1,0,0,0,0,0,0,0,0,0,0,0,0,0
270678903,800000.0,1.0,23201.031,0.0,258656,0,46.872784,902,0,0,0,0,0.0,3,5,0,0,1,1,55,0,1,0,0,0,0,0,0,0,0,0,0,0,0,0
270926619,800000.0,1.0,23201.031,0.0,258756,0,46.872784,904,0,0,0,0,0.0,3,5,0,0,1,1,55,0,1,0,0,0,0,0,0,0,0,0,0,0,0,0
271685660,800000.0,1.0,23422.088,0.0,259049,0,46.99817,904,0,0,0,0,0.0,3,5,0,0,1,1,55,0,1,0,0,0,0,0,0,0,0,0,0,0,0,0
271920135,800000.0,1.0,23422.088,0.0,259142,0,46.99817,906,0,0,0,0,0.0,3,5,0,0,1,1,55,0,1,0,0,0,0,0,0,0,0,0,0,0,0,0
272673727,800000.0,1.0,23260.906,0.0,259432,0,46.993748,906,0,0,0,0,0.0,3,5,0,0,1,1,55,0,1,0,0,0,0,0,0,0,0,0,0,0,0,0
272926817,800000.0,1.0,23260.906,0.0,259535,0,46.993748,908,0,0,0,0,0.0,3,5,0,0,1,1,55,0,1,0,0,0,0,0,0,0,0,0,0,0,0,0
273677439,800000.0,1.0,23423.244,0.0,259825,0,46.996475,908,0,0,0,0,0.0,3,5,0,0,1,1,55,0,1,0,0,0,0,0,0,0,0,0,0,0,0,0
273911334,800000.0,1.0,23423.244,0.0,259919,0,46.996475,910,0,0,0,0,0.0,3,5,0,0,1,1,55,0,1,0,0,0,0,0,0,0,0,0,0,0,0,0
274666182,800000.0,1.0,23195.207,0.0,260209,0,46.859,910,0,0,0,0,0.0,3,5,0,0,1,1,55,0,1,0,0,0,0,0,0,0,0,0,0,0,0,0
274930886,800000.0,1.0,23195.207,0.0,260314,0,46.859,912,0,0,0,0,0.0,3,5,0,0,1,1,55,0,1,0,0,0,0,0,0,0,0,0,0,0,0,0
275686778,800000.0,1.0,23533.719,0.0,260607,0,46.901787,912,0,0,0,0,0.0,3,5,0,0,1,1,55,0,1,0,0,0,0,0,0,0,0,0,0,0,0,0
275926572,800000.0,1.0,23533.719,0.0,260704,0,46.901787,914,0,0,0,0,0.0,3,5,0,0,1,1,55,0,1,0,0,0,0,0,0,0,0,0,0,0,0,0
276686067,800000.0,1.0,23247.889,0.0,260996,0,46.969467,914,0,0,0,0,0.0,3,5,0,0,1,1,55,0,1,0,0,0,0,0,0,0,0,0,0,0,0,0
276927538,800000.0,1.0,23247.889,0.0,261093,0,46.969467,916,0,0,0,0,0.0,3,5,0,0,1,1,55,0,1,0,0,0,0,0,0,0,0,0,0,0,0,0
277685869,800000.0,1.0,23423.252,0.0,261386,0,46.998497,916,0,0,0,0,0.0,3,5,0,0,1,1,55,0,1,0,0,0,0,0,0,0,0,0,0,0,0,0
277926084,800000.0,1.0,23423.252,0.0,261483,0,46.998497,918,0,0,0,0,0.0,3,5,0,0,1,1,55,0,1,0,0,0,0,0,0,0,0,0,0,0,0,0
278685873,800000.0,1.0,23219.6,0.0,261775,0,46.914333,918,0,0,0,0,0.0,3,5,0,0,1,1,55,0,1,0,0,0,0,0,0,0,0,0,0,0,0,0
278929715,800000.0,1.0,23219.6,0.0,261872,0,46.914333,920,0,0,0,0,0.0,3,5,0,0,1,1,55,0,1,0,0,0,0,0,0,0,0,0,0,0,0,0
279688731,800000.0,1.0,23415.219,0.0,262165,0,46.886303,920,0,0,0,0,0.0,3,5,0,0,1,1,55,0,1,0,0,0,0,0,0,0,0,0,0,0,0,0
279926621,800000.0,1.0,23415.219,0.0,262262,0,46.886303,922,0,0,0,0,0.0,3,5,0,0,1,1,55,0,1,0,0,0,0,0,0,0,0,0,0,0,0,0
280683971,800000.0,1.0,23251.793,0.0,262554,0,46.97736,922,0,0,0,0,0.0,3,5,0,0,1,1,55,0,1,0,0,0,0,0,0,0,0,0,0,0,0,0
280922436,800000.0,1.0,23251.793,0.0,262650,0,46.97736,924,0,0,0,0,0.0,3,5,0,0,1,1,55,0,1,0,0,0,0,0,0,0,0,0,0,0,0,0
281674616,800000.0,1.0,23390.475,0.0,262938,0,46.93073,924,0,0,0,0,0.0,3,5,0,0,1,1,55,0,1,0,0,0,0,0,0,0,0,0,0,0,0,0
281928898,800000.0,1.0,23390.475,0.0,263041,0,46.93073,926,0,0,0,0,0.0,3,5,0,0,1,1,55,0,1,0,0,0,0,0,0,0,0,0,0,0,0,0
282681163,800000.0,1.0,23587.273,0.0,263333,0,46.972664,926,0,0,0,0,0.0,3,5,0,0,1,1,55,0,1,0,0,0,0,0,0,0,0,0,0,0,0,0
282912123,800000.0,1.0,23587.273,0.0,263424,0,46.972664,928,0,0,0,0,0.0,3,5,0,0,1,1,55,0,1,0,0,0,0,0,0,0,0,0,0,0,0,0
283672262,800000.0,1.0,23421.354,0.0,263717,0,46.856663,928,0,0,0,0,0.0,3,5,0,0,1,1,55,0,1,0,0,0,0,0,0,0,0,0,0,0,0,0
283923888,800000.0,1.0,23421.354,0.0,263819,0,46.856663,930,0,0,0,0,0.0,3,5,0,0,1,1,55,0,1,0,0,0,0,0,0,0,0,0,0,0,0,0
284678615,800000.0,1.0,23184.455,0.0,264109,0,46.839294,930,0,0,0,0,0.0,3,5,0,0,1,1,55,0,1,0,0,0,0,0,0,0,0,0,0,0,0,0
284922407,800000.0,1.0,23184.455,0.0,264208,0,46.839294,932,0,0,0,0,0.0,3,5,0,0,1,1,55,0,1,0,0,0,0,0,0,0,0,0,0,0,0,0
285682882,800000.0,1.0,23422.291,0.0,264499,0,46.872505,932,0,0,0,0,0.0,3,5,0,0,1,1,55,0,1,0,0,0,0,0,0,0,0,0,0,0,0,0
285922359,800000.0,1.0,23422.291,0.0,264598,0,46.872505,934,0,0,0,0,0.0,3,5,0,0,1,1,55,0,1,0,0,0,0,0,0,0,0,0,0,0,0,0
286922780,800000.0,1.0,23262.58,0.0,264987,0,46.99309,936,0,0,0,0,0.0,3,5,0,0,1,1,55,0,1,0,0,0,0,0,0,0,0,0,0,0,0,0
287674603,800000.0,1.0,23408.387,0.0,265275,0,46.968674,936,0,0,0,0,0.0,3,5,0,0,1,1,55,0,1,0,0,0,0,0,0,0,0,0,0,0,0,0
287925992,800000.0,1.0,23408.387,0.0,265378,0,46.968674,938,0,0,0,0,0.0,3,5,0,0,1,1,55,0,1,0,0,0,0,0,0,0,0,0,0,0,0,0
288677987,800000.0,1.0,23254.072,0.0,265667,0,46.983982,938,0,0,0,0,0.0,3,5,0,0,1,1,55,0,1,0,0,0,0,0,0,0,0,0,0,0,0,0
288923183,800000.0,1.0,23254.072,0.0,265766,0,46.983982,940,0,0,0,0,0.0,3,5,0,0,1,1,55,0,1,0,0,0,0,0,0,0,0,0,0,0,0,0
289684027,800000.0,1.0,23512.379,0.0,266060,0,46.86124,940,0,0,0,0,0.0,3,5,0,0,1,1,55,0,1,0,0,0,0,0,0,0,0,0,0,0,0,0
289921199,800000.0,1.0,23512.379,0.0,266156,0,46.86124,942,0,0,0,0,0.0,3,5,0,0,1,1,55,0,1,0,0,0,0,0,0,0,0,0,0,0,0,0
290678471,800000.0,1.0,23249.709,0.0,266446,0,46.898556,942,0,0,0,0,0.0,3,5,0,0,1,1,55,0,1,0,0,0,0,0,0,0,0,0,0,0,0,0
290923088,800000.0,1.0,23249.709,0.0,266545,0,46.898556,944,0,0,0,0,0.0,3,5,0,0,1,1,55,0,1,0,0,0,0,0,0,0,0,0,0,0,0,0
291675122,800000.0,1.0,23418.988,0.0,266836,0,46.989944,944,0,0,0,0,0.0,3,5,0,0,1,1,55,0,1,0,0,0,0,0,0,0,0,0,0,0,0,0
291925696,800000.0,1.0,23418.988,0.0,266936,0,46.989944,946,0,0,0,0,0.0,3,5,0,0,1,1,55,0,1,0,0,0,0,0,0,0,0,0,0,0,0,0
292684377,800000.0,1.0,23678.76,0.0,267233,0,136.80219,947,0,0,0,0,0.0,3,5,0,0,1,1,55,0,1,0,0,0,0,0,0,0,0,0,0,0,0,0
292925799,800000.0,1.0,23678.76,0.0,267330,0,136.80219,949,0,0,0,0,0.0,3,5,0,0,1,1,55,0,1,0,0,0,0,0,0,0,0,0,0,0,0,0
293686078,800000.0,1.0,23851.504,0.0,267628,0,132.86356,950,0,0,0,0,0.0,3,5,0,0,1,1,55,0,1,0,0,0,0,0,0,0,0,0,0,0,0,0
293922154,800000.0,1.0,23851.504,0.0,267724,0,132.86356,952,0,0,0,0,0.0,3,5,0,0,1,1,55,0,1,0,0,0,0,0,0,0,0,0,0,0,0,0
294678902,800000.0,1.0,23603.973,0.0,268019,0,137.36551,953,0,0,0,0,0.0,3,5,0,0,1,1,55,0,1,0,0,0,0,0,0,0,0,0,0,0,0,0
294941353,800000.0,1.0,23603.973,0.0,268129,0,137.36551,956,0,0,0,0,0.0,3,5,0,0,1,1,55,0,1,0,0,0,0,0,0,0,0,0,0,0,0,0
295705294,800000.0,1.0,23865.885,0.0,268425,0,137.94731,957,0,0,0,0,0.0,3,5,0,0,1,1,55,0,1,0,0,0,0,0,0,0,0,0,0,0,0,0
295912919,800000.0,1.0,23865.885,0.0,268513,0,137.94731,959,0,0,0,0,0.0,3,5,0,0,1,1,55,0,1,0,0,0,0,0,0,0,0,0,0,0,0,0
296671826,800000.0,1.0,24151.297,0.0,268810,0,204.89224,960,0,0,0,0,0.0,3,5,0,0,1,1,55,0,1,0,0,0,0,0,0,0,0,0,0,0,0,0
296925170,800000.0,1.0,24151.297,0.0,268913,0,204.89224,962,0,0,0,0,0.0,3,5,0,0,1,1,55,0,1,0,0,0,0,0,0,0,0,0,0,0,0,0
297674905,800000.0,1.0,23916.723,0.0,269209,0,132.80412,963,0,0,0,0,0.0,3,5,0,0,1,1,55,0,1,0,0,0,0,0,0,0,0,0,0,0,0,0
297912057,800000.0,1.0,23916.723,0.0,269303,0,132.80412,965,0,0,0,0,0.0,3,5,0,0,1,1,55,0,1,0,0,0,0,0,0,0,0,0,0,0,0,0
298662766,800000.0,1.0,23733.701,0.0,269596,0,129.73598,966,0,0,0,0,0.0,3,5,0,0,1,1,55,0,1,0,0,0,0,0,0,0,0,0,0,0,0,0
298912273,800000.0,1.0,23733.701,0.0,269697,0,129.73598,968,0,0,0,0,0.0,3,5,0,0,1,1,55,0,1,0,0,0,0,0,0,0,0,0,0,0,0,0
299665124,800000.0,1.0,23884.904,0.0,269992,0,100.71287,969,0,0,0,0,0.0,3,5,0,0,1,1,55,0,1,0,0,0,0,0,0,0,0,0,0,0,0,0
299913140,800000.0,1.0,23884.904,0.0,270093,0,100.71287,971,0,0,0,0,0.0,3,5,0,0,1,1,55,0,1,0,0,0,0,0,0,0,0,0,0,0,0,0
300673089,800000.0,1.0,24131.936,0.0,270390,0,136.56953,972,0,0,0,0,0.0,3,5,0,0,1,1,55,0,1,0,0,0,0,0,0,0,0,0,0,0,0,0
300912841,800000.0,1.0,24131.936,0.0,270487,0,136.56953,974,0,0,0,0,0.0,3,5,0,0,1,1,55,0,1,0,0,0,0,0,0,0,0,0,0,0,0,0
301663042,800000.0,1.0,23399.227,0.0,270776,0,46.952297,974,0,0,0,0,0.0,3,5,0,0,1,1,55,0,1,0,0,0,0,0,0,0,0,0,0,0,0,0
301912933,800000.0,1.0,23399.227,0.0,270877,0,46.952297,976,0,0,0,0,0.0,3,5,0,0,1,1,55,0,1,0,0,0,0,0,0,0,0,0,0,0,0,0
302666120,800000.0,1.0,23185.102,0.0,271167,0,46.840603,976,0,0,0,0,0.0,3,5,0,0,1,1,55,0,1,0,0,0,0,0,0,0,0,0,0,0,0,0
302912618,800000.0,1.0,23185.102,0.0,271266,0,46.840603,978,0,0,0,0,0.0,3,5,0,0,1,1,55,0,1,0,0,0,0,0,0,0,0,0,0,0,0,0
303672980,800000.0,1.0,23837.076,0.0,271564,0,132.7943,979,0,0,0,0,0.0,3,5,0,0,1,1,55,0,1,0,0,0,0,0,0,0,0,0,0,0,0,0
303910127,800000.0,1.0,23837.076,0.0,271664,0,132.7943,982,0,0,0,0,0.0,3,5,0,0,1,1,55,0,1,0,0,0,0,0,0,0,0,0,0,0,0,0
304659914,800000.0,1.0,24158.387,0.0,271956,0,222.95743,983,0,0,0,0,0.0,3,5,0,0,1,1,55,0,1,0,0,0,0,0,0,0,0,0,0,0,0,0
304911711,800000.0,1.0,24158.387,0.0,272060,0,222.95743,985,0,0,0,0,0.0,3,5,0,0,1,1,55,0,1,0,0,0,0,0,0,0,0,0,0,0,0,0
305672921,800000.0,1.0,23825.068,0.0,272358,0,137.75177,986,0,0,0,0,0.0,3,5,0,0,1,1,55,0,1,0,0,0,0,0,0,0,0,0,0,0,0,0
305913416,800000.0,1.0,23825.068,0.0,272455,0,137.75177,988,0,0,0,0,0.0,3,5,0,0,1,1,55,0,1,0,0,0,0,0,0,0,0,0,0,0,0,0
306668491,800000.0,1.0,23745.57,0.0,272748,0,136.7959,989,0,0,0,0,0.0,3,5,0,0,1,1,55,0,1,0,0,0,0,0,0,0,0,0,0,0,0,0
306925453,800000.0,1.0,23745.57,0.0,272859,0,136.7959,992,0,0,0,0,0.0,3,5,0,0,1,1,55,0,1,0,0,0,0,0,0,0,0,0,0,0,0,0
307684179,800000.0,1.0,24297.393,0.0,273158,0,220.75826,993,0,0,0,0,0.0,3,5,0,0,1,1,55,0,1,0,0,0,0,0,0,0,0,0,0,0,0,0
307927855,800000.0,1.0,24297.393,0.0,273255,0,220.75826,995,0,0,0,0,0.0,3,5,0,0,1,1,55,0,1,0,0,0,0,0,0,0,0,0,0,0,0,0
308681477,800000.0,1.0,23668.527,0.0,273552,0,136.74306,996,0,0,0,0,0.0,3,5,0,0,1,1,55,0,1,0,0,0,0,0,0,0,0,0,0,0,0,0
308960853,800000.0,1.0,23668.527,0.0,273659,0,136.74306,999,0,0,0,0,0.0,3,5,0,0,1,1,55,0,1,0,0,0,0,0,0,0,0,0,0,0,0,0
309718380,800000.0,1.0,23812.54,0.0,273962,0,132.66316,1000,0,0,0,0,0.0,3,5,0,0,1,1,55,0,1,0,0,0,0,0,0,0,0,0,0,0,0,0
309927726,800000.0,1.0,23812.54,0.0,274049,0,132.66316,1002,0,0,0,0,0.0,3,5,0,0,1,1,55,0,1,0,0,0,0,0,0,0,0,0,0,0,0,0
310683106,800000.0,1.0,24153.758,0.0,274346,0,227.90337,1003,0,0,0,0,0.0,3,5,0,0,1,1,55,0,1,0,0,0,0,0,0,0,0,0,0,0,0,0
310928016,800000.0,1.0,24153.758,0.0,274448,0,227.90337,1006,0,0,0,0,0.0,3,5,0,0,1,1,55,0,1,0,0,0,0,0,0,0,0,0,0,0,0,0
311687537,800000.0,1.0,24288.951,0.0,274746,0,227.67146,1007,0,0,0,0,0.0,3,5,0,0,1,1,55,0,1,0,0,0,0,0,0,0,0,0,0,0,0,0
311932120,800000.0,1.0,24288.951,0.0,274843,0,227.67146,1009,0,0,0,0,0.0,3,5,0,0,1,1,55,0,1,0,0,0,0,0,0,0,0,0,0,0,0,0
312678846,800000.0,1.0,23803.068,0.0,275137,0,132.61595,1010,0,0,0,0,0.0,3,5,0,0,1,1,55,0,1,0,0,0,0,0,0,0,0,0,0,0,0,0
312952922,800000.0,1.0,23803.068,0.0,275252,0,132.61595,1013,0,0,0,0,0.0,3,5,0,0,1,1,55,0,1,0,0,0,0,0,0,0,0,0,0,0,0,0
313707631,800000.0,1.0,24316.611,0.0,275543,0,220.92378,1014,0,0,0,0,0.0,3,5,0,0,1,1,55,0,1,0,0,0,0,0,0,0,0,0,0,0,0,0
313928994,800000.0,1.0,24316.611,0.0,275637,0,220.92378,1016,0,0,0,0,0.0,3,5,0,0,1,1,55,0,1,0,0,0,0,0,0,0,0,0,0,0,0,0
314679599,800000.0,1.0,23702.523,0.0,275935,0,137.93903,1018,0,0,0,0,0.0,3,5,0,0,1,1,55,0,1,0,0,0,0,0,0,0,0,0,0,0,0,0
314928183,800000.0,1.0,23702.523,0.0,276036,0,137.93903,1020,0,0,0,0,0.0,3,5,0,0,1,1,55,0,1,0,0,0,0,0,0,0,0,0,0,0,0,0
315686054,800000.0,1.0,23863.309,0.0,276329,0,121.94537,1020,0,0,0,0,0.0,3,5,0,0,1,1,55,0,1,0,0,0,0,0,0,0,0,0,0,0,0,0
315926113,800000.0,1.0,23863.309,0.0,276426,0,121.94537,1022,0,0,0,0,0.0,3,5,0,0,1,1,55,0,1,0,0,0,0,0,0,0,0,0,0,0,0,0
316682628,800000.0,1.0,23239.664,0.0,276718,0,46.830055,1022,0,0,0,0,0.0,3,5,0,0,1,1,55,0,1,0,0,0,0,0,0,0,0,0,0,0,0,0
316925570,800000.0,1.0,23239.664,0.0,276815,0,46.830055,1024,0,0,0,0,0.0,3,5,0,0,1,1,55,0,1,0,0,0,0,0,0,0,0,0,0,0,0,0
317682841,800000.0,1.0,23410.736,0.0,277108,0,46.96938,1024,0,0,0,0,0.0,3,5,0,0,1,1,55,0,1,0,0,0,0,0,0,0,0,0,0,0,0,0
317930812,800000.0,1.0,23410.736,0.0,277205,0,46.96938,1026,0,0,0,0,0.0,3,5,0,0,1,1,55,0,1,0,0,0,0,0,0,0,0,0,0,0,0,0
318686006,800000.0,1.0,23245.125,0.0,277497,0,46.957832,1026,0,0,0,0,0.0,3,5,0,0,1,1,55,0,1,0,0,0,0,0,0,0,0,0,0,0,0,0
318926866,800000.0,1.0,23245.125,0.0,277594,0,46.957832,1028,0,0,0,0,0.0,3,5,0,0,1,1,55,0,1,0,0,0,0,0,0,0,0,0,0,0,0,0
319681210,800000.0,1.0,23420.793,0.0,277887,0,46.98755,1028,0,0,0,0,0.0,3,5,0,0,1,1,55,0,1,0,0,0,0,0,0,0,0,0,0,0,0,0
319928214,800000.0,1.0,23420.793,0.0,277984,0,46.98755,1030,0,0,0,0,0.0,3,5,0,0,1,1,55,0,1,0,0,0,0,0,0,0,0,0,0,0,0,0
320677552,800000.0,1.0,23201.934,0.0,278273,0,46.874607,1030,0,0,0,0,0.0,3,5,0,0,1,1,55,0,1,0,0,0,0,0,0,0,0,0,0,0,0,0
320924494,800000.0,1.0,23201.934,0.0,278373,0,46.874607,1032,0,0,0,0,0.0,3,5,0,0,1,1,55,0,1,0,0,0,0,0,0,0,0,0,0,0,0,0
321688662,800000.0,1.0,23399.752,0.0,278666,0,46.949345,1032,0,0,0,0,0.0,3,5,0,0,1,1,55,0,1,0,0,0,0,0,0,0,0,0,0,0,0,0
321930103,800000.0,1.0,23399.752,0.0,278763,0,46.949345,1034,0,0,0,0,0.0,3,5,0,0,1,1,55,0,1,0,0,0,0,0,0,0,0,0,0,0,0,0
322679888,800000.0,1.0,23261.604,0.0,279052,0,46.99516,1034,0,0,0,0,0.0,3,5,0,0,1,1,55,0,1,0,0,0,0,0,0,0,0,0,0,0,0,0
322928916,800000.0,1.0,23261.604,0.0,279152,0,46.99516,1036,0,0,0,0,0.0,3,5,0,0,1,1,55,0,1,0,0,0,0,0,0,0,0,0,0,0,0,0
323689527,800000.0,1.0,23701.953,0.0,279445,0,46.885178,1036,0,0,0,0,0.0,3,5,0,0,1,1,55,0,1,0,0,0,0,0,0,0,0,0,0,0,0,0
323928681,800000.0,1.0,23701.953,0.0,279542,0,46.885178,1038,0,0,0,0,0.0,3,5,0,0,1,1,55,0,1,0,0,0,0,0,0,0,0,0,0,0,0,0
324690785,800000.0,1.0,23233.332,0.0,279834,0,46.94006,1038,0,0,0,0,0.0,3,5,0,0,1,1,55,0,1,0,0,0,0,0,0,0,0,0,0,0,0,0
324929786,800000.0,1.0,23233.332,0.0,279931,0,46.94006,1040,0,0,0,0,0.0,3,5,0,0,1,1,55,0,1,0,0,0,0,0,0,0,0,0,0,0,0,0
325687697,800000.0,1.0,23399.582,0.0,280224,0,46.946995,1040,0,0,0,0,0.0,3,5,0,0,1,1,55,0,1,0,0,0,0,0,0,0,0,0,0,0,0,0
325915019,800000.0,1.0,23399.582,0.0,280315,0,46.946995,1042,0,0,0,0,0.0,3,5,0,0,1,1,55,0,1,0,0,0,0,0,0,0,0,0,0,0,0,0
326665625,800000.0,1.0,23248.26,0.0,280605,0,46.97426,1042,0,0,0,0,0.0,3,5,0,0,1,1,55,0,1,0,0,0,0,0,0,0,0,0,0,0,0,0
326927583,800000.0,1.0,23248.26,0.0,280710,0,46.97426,1044,0,0,0,0,0.0,3,5,0,0,1,1,55,0,1,0,0,0,0,0,0,0,0,0,0,0,0,0
327683614,800000.0,1.0,23372.408,0.0,281003,0,46.892475,1044,0,0,0,0,0.0,3,5,0,0,1,1,55,0,1,0,0,0,0,0,0,0,0,0,0,0,0,0
327929074,800000.0,1.0,23372.408,0.0,281100,0,46.892475,1046,0,0,0,0,0.0,3,5,0,0,1,1,55,0,1,0,0,0,0,0,0,0,0,0,0,0,0,0
328687596,800000.0,1.0,23363.36,0.0,281392,0,46.882328,1046,0,0,0,0,0.0,3,5,0,0,1,1,55,0,1,0,0,0,0,0,0,0,0,0,0,0,0,0
328929866,800000.0,1.0,23363.36,0.0,281489,0,46.882328,1048,0,0,0,0,0.0,3,5,0,0,1,1,55,0,1,0,0,0,0,0,0,0,0,0,0,0,0,0
329692975,800000.0,1.0,23357.082,0.0,281782,0,46.86573,1048,0,0,0,0,0.0,3,5,0,0,1,1,55,0,1,0,0,0,0,0,0,0,0,0,0,0,0,0
329931614,800000.0,1.0,23357.082,0.0,281879,0,46.86573,1050,0,0,0,0,0.0,3,5,0,0,1,1,55,0,1,0,0,0,0,0,0,0,0,0,0,0,0,0
330690764,800000.0,1.0,23225.92,0.0,282171,0,46.90895,1050,0,0,0,0,0.0,3,5,0,0,1,1,55,0,1,0,0,0,0,0,0,0,0,0,0,0,0,0
330931108,800000.0,1.0,23225.92,0.0,282268,0,46.90895,1052,0,0,0,0,0.0,3,5,0,0,1,1,55,0,1,0,0,0,0,0,0,0,0,0,0,0,0,0
331687878,800000.0,1.0,23418.59,0.0,282561,0,46.94906,1052,0,0,0,0,0.0,3,5,0,0,1,1,55,0,1,0,0,0,0,0,0,0,0,0,0,0,0,0
331931559,800000.0,1.0,23418.59,0.0,282658,0,46.94906,1054,0,0,0,0,0.0,3,5,0,0,1,1,55,0,1,0,0,0,0,0,0,0,0,0,0,0,0,0
332683698,800000.0,1.0,23246.83,0.0,282950,0,46.92497,1054,0,0,0,0,0.0,3,5,0,0,1,1,55,0,1,0,0,0,0,0,0,0,0,0,0,0,0,0
332912096,800000.0,1.0,23246.83,0.0,283041,0,46.92497,1056,0,0,0,0,0.0,3,5,0,0,1,1,55,0,1,0,0,0,0,0,0,0,0,0,0,0,0,0
333663488,800000.0,1.0,23441.725,0.0,283330,0,46.99544,1056,0,0,0,0,0.0,3,5,0,0,1,1,55,0,1,0,0,0,0,0,0,0,0,0,0,0,0,0
333912042,800000.0,1.0,23441.725,0.0,283431,0,46.99544,1058,0,0,0,0,0.0,3,5,0,0,1,1,55,0,1,0,0,0,0,0,0,0,0,0,0,0,0,0
334664808,800000.0,1.0,23323.64,0.0,283719,0,46.94493,1058,0,0,0,0,0.0,3,5,0,0,1,1,55,0,1,0,0,0,0,0,0,0,0,0,0,0,0,0
334928650,800000.0,1.0,23323.64,0.0,283826,0,46.94493,1060,0,0,0,0,0.0,3,5,0,0,1,1,55,0,1,0,0,0,0,0,0,0,0,0,0,0,0,0
335680742,800000.0,1.0,23338.951,0.0,284116,0,46.789402,1060,0,0,0,0,0.0,3,5,0,0,1,1,55,0,1,0,0,0,0,0,0,0,0,0,0,0,0,0
335931912,800000.0,1.0,23338.951,0.0,284216,0,46.789402,1062,0,0,0,0,0.0,3,5,0,0,1,1,55,0,1,0,0,0,0,0,0,0,0,0,0,0,0,0
336686627,800000.0,1.0,23246.154,0.0,284508,0,46.923607,1062,0,0,0,0,0.0,3,5,0,0,1,1,55,0,1,0,0,0,0,0,0,0,0,0,0,0,0,0
336926828,800000.0,1.0,23246.154,0.0,284605,0,46.923607,1064,0,0,0,0,0.0,3,5,0,0,1,1,55,0,1,0,0,0,0,0,0,0,0,0,0,0,0,0
337679773,800000.0,1.0,23364.928,0.0,284895,0,46.83948,1064,0,0,0,0,0.0,3,5,0,0,1,1,55,0,1,0,0,0,0,0,0,0,0,0,0,0,0,0
337929854,800000.0,1.0,23364.928,0.0,284995,0,46.83948,1066,0,0,0,0,0.0,3,5,0,0,1,1,55,0,1,0,0,0,0,0,0,0,0,0,0,0,0,0
338681833,800000.0,1.0,23389.672,0.0,285287,0,46.893085,1066,0,0,0,0,0.0,3,5,0,0,1,1,55,0,1,0,0,0,0,0,0,0,0,0,0,0,0,0
338927552,800000.0,1.0,23389.672,0.0,285384,0,46.893085,1068,0,0,0,0,0.0,3,5,0,0,1,1,55,0,1,0,0,0,0,0,0,0,0,0,0,0,0,0
339686106,800000.0,1.0,23397.686,0.0,285677,0,46.91115,1068,0,0,0,0,0.0,3,5,0,0,1,1,55,0,1,0,0,0,0,0,0,0,0,0,0,0,0,0
339912486,800000.0,1.0,23397.686,0.0,285773,0,46.91115,1071,0,0,0,0,0.0,3,5,0,0,1,1,55,0,1,0,0,0,0,0,0,0,0,0,0,0,0,0
340667138,800000.0,1.0,23789.363,0.0,286063,0,137.96152,1071,0,0,0,0,0.0,3,5,0,0,1,1,55,0,1,0,0,0,0,0,0,0,0,0,0,0,0,0
340923406,800000.0,1.0,23789.363,0.0,286167,0,137.96152,1073,0,0,0,0,0.0,3,5,0,0,1,1,55,0,1,0,0,0,0,0,0,0,0,0,0,0,0,0
341673572,800000.0,1.0,23691.611,0.0,286455,0,46.823338,1073,0,0,0,0,0.0,3,5,0,0,1,1,55,0,1,0,0,0,0,0,0,0,0,0,0,0,0,0
341927392,800000.0,1.0,23691.611,0.0,286558,0,46.823338,1075,0,0,0,0,0.0,3,5,0,0,1,1,55,0,1,0,0,0,0,0,0,0,0,0,0,0,0,0
342689750,800000.0,1.0,23253.19,0.0,286855,0,121.843796,1076,0,0,0,0,0.0,3,5,0,0,1,1,55,0,1,0,0,0,0,0,0,0,0,0,0,0,0,0
342926554,800000.0,1.0,23253.19,0.0,286952,0,121.843796,1078,0,0,0,0,0.0,3,5,0,0,1,1,55,0,1,0,0,0,0,0,0,0,0,0,0,0,0,0
343681784,800000.0,1.0,24303.637,0.0,287250,0,137.76553,1079,0,0,0,0,0.0,3,5,0,0,1,1,55,0,1,0,0,0,0,0,0,0,0,0,0,0,0,0
343927892,800000.0,1.0,24303.637,0.0,287347,0,137.76553,1081,0,0,0,0,0.0,3,5,0,0,1,1,55,0,1,0,0,0,0,0,0,0,0,0,0,0,0,0
344679559,800000.0,1.0,23216.576,0.0,287636,0,46.867928,1081,0,0,0,0,0.0,3,5,0,0,1,1,55,0,1,0,0,0,0,0,0,0,0,0,0,0,0,0
344928680,800000.0,1.0,23216.576,0.0,287736,0,46.867928,1083,0,0,0,0,0.0,3,5,0,0,1,1,55,0,1,0,0,0,0,0,0,0,0,0,0,0,0,0
345687120,800000.0,1.0,23438.654,0.0,288034,0,46.989285,1084,0,0,0,0,0.0,3,5,0,0,1,1,55,0,1,0,0,0,0,0,0,0,0,0,0,0,0,0
345928526,800000.0,1.0,23438.654,0.0,288131,0,46.989285,1086,0,0,0,0,0.0,3,5,0,0,1,1,55,0,1,0,0,0,0,0,0,0,0,0,0,0,0,0
346687553,800000.0,1.0,23770.178,0.0,288423,0,136.87434,1086,0,0,0,0,0.0,3,5,0,0,1,1,55,0,1,0,0,0,0,0,0,0,0,0,0,0,0,0
346929059,800000.0,1.0,23770.178,0.0,288520,0,136.87434,1088,0,0,0,0,0.0,3,5,0,0,1,1,55,0,1,0,0,0,0,0,0,0,0,0,0,0,0,0
347681300,800000.0,1.0,23818.479,0.0,288815,0,129.69225,1089,0,0,0,0,0.0,3,5,0,0,1,1,55,0,1,0,0,0,0,0,0,0,0,0,0,0,0,0
347929365,800000.0,1.0,23818.479,0.0,288915,0,129.69225,1091,0,0,0,0,0.0,3,5,0,0,1,1,55,0,1,0,0,0,0,0,0,0,0,0,0,0,0,0
348679492,800000.0,1.0,23760.062,0.0,289209,0,136.36902,1092,0,0,0,0,0.0,3,5,0,0,1,1,55,0,1,0,0,0,0,0,0,0,0,0,0,0,0,0
348924884,800000.0,1.0,23760.062,0.0,289314,0,136.36902,1095,0,0,0,0,0.0,3,5,0,0,1,1,55,0,1,0,0,0,0,0,0,0,0,0,0,0,0,0
349677619,800000.0,1.0,24146.682,0.0,289609,0,227.54468,1096,0,0,0,0,0.0,3,5,0,0,1,1,55,0,1,0,0,0,0,0,0,0,0,0,0,0,0,0
349931874,800000.0,1.0,24146.682,0.0,289709,0,227.54468,1098,0,0,0,0,0.0,3,5,0,0,1,1,55,0,1,0,0,0,0,0,0,0,0,0,0,0,0,0
350684971,800000.0,1.0,23706.842,0.0,290003,0,132.95985,1099,0,0,0,0,0.0,3,5,0,0,1,1,55,0,1,0,0,0,0,0,0,0,0,0,0,0,0,0
350928660,800000.0,1.0,23706.842,0.0,290100,0,132.95985,1101,0,0,0,0,0.0,3,5,0,0,1,1,55,0,1,0,0,0,0,0,0,0,0,0,0,0,0,0
351682710,800000.0,1.0,23934.834,0.0,290399,0,136.89609,1102,0,0,0,0,0.0,3,5,0,0,1,1,55,0,1,0,0,0,0,0,0,0,0,0,0,0,0,0
351927891,800000.0,1.0,23934.834,0.0,290496,0,136.89609,1104,0,0,0,0,0.0,3,5,0,0,1,1,55,0,1,0,0,0,0,0,0,0,0,0,0,0,0,0
352679135,800000.0,1.0,23242.807,0.0,290788,0,46.860497,1104,0,0,0,0,0.0,3,5,0,0,1,1,55,0,1,0,0,0,0,0,0,0,0,0,0,0,0,0
352927471,800000.0,1.0,23242.807,0.0,290885,0,46.860497,1106,0,0,0,0,0.0,3,5,0,0,1,1,55,0,1,0,0,0,0,0,0,0,0,0,0,0,0,0
353679741,800000.0,1.0,23422.752,0.0,291178,0,46.99549,1106,0,0,0,0,0.0,3,5,0,0,1,1,55,0,1,0,0,0,0,0,0,0,0,0,0,0,0,0
353928017,800000.0,1.0,23422.752,0.0,291275,0,46.99549,1108,0,0,0,0,0.0,3,5,0,0,1,1,55,0,1,0,0,0,0,0,0,0,0,0,0,0,0,0
354678911,800000.0,1.0,23714.621,0.0,291572,0,137.9978,1109,0,0,0,0,0.0,3,5,0,0,1,1,55,0,1,0,0,0,0,0,0,0,0,0,0,0,0,0
354928556,800000.0,1.0,23714.621,0.0,291669,0,137.9978,1111,0,0,0,0,0.0,3,5,0,0,1,1,55,0,1,0,0,0,0,0,0,0,0,0,0,0,0,0
355681766,800000.0,1.0,23446.225,0.0,291962,0,46.90642,1111,0,0,0,0,0.0,3,5,0,0,1,1,55,0,1,0,0,0,0,0,0,0,0,0,0,0,0,0
355921212,800000.0,1.0,23446.225,0.0,292058,0,46.90642,1113,0,0,0,0,0.0,3,5,0,0,1,1,55,0,1,0,0,0,0,0,0,0,0,0,0,0,0,0
356674332,800000.0,1.0,23415.004,0.0,292348,0,46.959896,1113,0,0,0,0,0.0,3,5,0,0,1,1,55,0,1,0,0,0,0,0,0,0,0,0,0,0,0,0
356926621,800000.0,1.0,23415.004,0.0,292448,0,46.959896,1115,0,0,0,0,0.0,3,5,0,0,1,1,55,0,1,0,0,0,0,0,0,0,0,0,0,0,0,0
357677172,800000.0,1.0,23443.264,0.0,292741,0,46.99652,1115,0,0,0,0,0.0,3,5,0,0,1,1,55,0,1,0,0,0,0,0,0,0,0,0,0,0,0,0
357926683,800000.0,1.0,23443.264,0.0,292843,0,46.99652,1118,0,0,0,0,0.0,3,5,0,0,1,1,55,0,1,0,0,0,0,0,0,0,0,0,0,0,0,0
358685921,800000.0,1.0,23817.428,0.0,293135,0,108.67343,1118,0,0,0,0,0.0,3,5,0,0,1,1,55,0,1,0,0,0,0,0,0,0,0,0,0,0,0,0
358927596,800000.0,1.0,23817.428,0.0,293237,0,108.67343,1121,0,0,0,0,0.0,3,5,0,0,1,1,55,0,1,0,0,0,0,0,0,0,0,0,0,0,0,0
359686139,800000.0,1.0,24257.67,0.0,293535,0,220.49706,1122,0,0,0,0,0.0,3,5,0,0,1,1,55,0,1,0,0,0,0,0,0,0,0,0,0,0,0,0
359931897,800000.0,1.0,24257.67,0.0,293635,0,220.49706,1124,0,0,0,0,0.0,3,5,0,0,1,1,55,0,1,0,0,0,0,0,0,0,0,0,0,0,0,0
360686253,800000.0,1.0,23781.217,0.0,293930,0,137.63664,1125,0,0,0,0,0.0,3,5,0,0,1,1,55,0,1,0,0,0,0,0,0,0,0,0,0,0,0,0
360928710,800000.0,1.0,23781.217,0.0,294027,0,137.63664,1127,0,0,0,0,0.0,3,5,0,0,1,1,55,0,1,0,0,0,0,0,0,0,0,0,0,0,0,0
361688817,800000.0,1.0,23412.18,0.0,294320,0,46.998352,1127,0,0,0,0,0.0,3,5,0,0,1,1,55,0,1,0,0,0,0,0,0,0,0,0,0,0,0,0
361926705,800000.0,1.0,23412.18,0.0,294417,0,46.998352,1129,0,0,0,0,0.0,3,5,0,0,1,1,55,0,1,0,0,0,0,0,0,0,0,0,0,0,0,0
362677632,800000.0,1.0,23311.576,0.0,294709,0,46.995113,1129,0,0,0,0,0.0,3,5,0,0,1,1,55,0,1,0,0,0,0,0,0,0,0,0,0,0,0,0
362927816,800000.0,1.0,23311.576,0.0,294806,0,46.995113,1131,0,0,0,0,0.0,3,5,0,0,1,1,55,0,1,0,0,0,0,0,0,0,0,0,0,0,0,0
363688376,800000.0,1.0,23407.973,0.0,295099,0,46.991917,1131,0,0,0,0,0.0,3,5,0,0,1,1,55,0,1,0,0,0,0,0,0,0,0,0,0,0,0,0
363927660,800000.0,1.0,23407.973,0.0,295201,0,46.991917,1134,0,0,0,0,0.0,3,5,0,0,1,1,55,0,1,0,0,0,0,0,0,0,0,0,0,0,0,0
364688739,800000.0,1.0,24531.658,0.0,295498,0,215.81224,1135,0,0,0,0,0.0,3,5,0,0,1,1,55,0,1,0,0,0,0,0,0,0,0,0,0,0,0,0
364928288,800000.0,1.0,24531.658,0.0,295595,0,215.81224,1137,0,0,0,0,0.0,3,5,0,0,1,1,55,0,1,0,0,0,0,0,0,0,0,0,0,0,0,0
365689317,800000.0,1.0,23806.484,0.0,295893,0,129.71385,1138,0,0,0,0,0.0,3,5,0,0,1,1,55,0,1,0,0,0,0,0,0,0,0,0,0,0,0,0
365909480,800000.0,1.0,23806.484,0.0,295982,0,129.71385,1140,0,0,0,0,0.0,3,5,0,0,1,1,55,0,1,0,0,0,0,0,0,0,0,0,0,0,0,0
366659456,800000.0,1.0,23245.125,0.0,296272,0,46.859142,1140,0,0,0,0,0.0,3,5,0,0,1,1,55,0,1,0,0,0,0,0,0,0,0,0,0,0,0,0
366915623,800000.0,1.0,23245.125,0.0,296376,0,46.859142,1142,0,0,0,0,0.0,3,5,0,0,1,1,55,0,1,0,0,0,0,0,0,0,0,0,0,0,0,0
367662665,800000.0,1.0,23411.174,0.0,296662,0,46.996338,1142,0,0,0,0,0.0,3,5,0,0,1,1,55,0,1,0,0,0,0,0,0,0,0,0,0,0,0,0
367930062,800000.0,1.0,23411.174,0.0,296769,0,46.996338,1144,0,0,0,0,0.0,3,5,0,0,1,1,55,0,1,0,0,0,0,0,0,0,0,0,0,0,0,0
368686733,800000.0,1.0,23301.764,0.0,297061,0,46.971302,1144,0,0,0,0,0.0,3,5,0,0,1,1,55,0,1,0,0,0,0,0,0,0,0,0,0,0,0,0
368911342,800000.0,1.0,23301.764,0.0,297152,0,46.971302,1146,0,0,0,0,0.0,3,5,0,0,1,1,55,0,1,0,0,0,0,0,0,0,0,0,0,0,0,0
369664614,800000.0,1.0,23839.424,0.0,297446,0,136.86464,1147,0,0,0,0,0.0,3,5,0,0,1,1,55,0,1,0,0,0,0,0,0,0,0,0,0,0,0,0
369927739,800000.0,1.0,23839.424,0.0,297553,0,136.86464,1149,0,0,0,0,0.0,3,5,0,0,1,1,55,0,1,0,0,0,0,0,0,0,0,0,0,0,0,0
370687634,800000.0,1.0,23715.717,0.0,297850,0,132.7242,1150,0,0,0,0,0.0,3,5,0,0,1,1,55,0,1,0,0,0,0,0,0,0,0,0,0,0,0,0
370911079,800000.0,1.0,23715.717,0.0,297941,0,132.7242,1152,0,0,0,0,0.0,3,5,0,0,1,1,55,0,1,0,0,0,0,0,0,0,0,0,0,0,0,0
371663780,800000.0,1.0,23514.316,0.0,298230,0,46.892944,1152,0,0,0,0,0.0,3,5,0,0,1,1,55,0,1,0,0,0,0,0,0,0,0,0,0,0,0,0
371928718,800000.0,1.0,23514.316,0.0,298337,0,46.892944,1154,0,0,0,0,0.0,3,5,0,0,1,1,55,0,1,0,0,0,0,0,0,0,0,0,0,0,0,0
372689106,800000.0,1.0,23298.951,0.0,298629,0,46.97168,1154,0,0,0,0,0.0,3,5,0,0,1,1,55,0,1,0,0,0,0,0,0,0,0,0,0,0,0,0
372929908,800000.0,1.0,23298.951,0.0,298726,0,46.97168,1156,0,0,0,0,0.0,3,5,0,0,1,1,55,0,1,0,0,0,0,0,0,0,0,0,0,0,0,0
373680719,800000.0,1.0,23368.105,0.0,299019,0,46.907875,1156,0,0,0,0,0.0,3,5,0,0,1,1,55,0,1,0,0,0,0,0,0,0,0,0,0,0,0,0
373930950,800000.0,1.0,23368.105,0.0,299116,0,46.907875,1158,0,0,0,0,0.0,3,5,0,0,1,1,55,0,1,0,0,0,0,0,0,0,0,0,0,0,0,0
374684695,800000.0,1.0,23256.604,0.0,299408,0,46.878258,1158,0,0,0,0,0.0,3,5,0,0,1,1,55,0,1,0,0,0,0,0,0,0,0,0,0,0,0,0
374927456,800000.0,1.0,23256.604,0.0,299505,0,46.878258,1160,0,0,0,0,0.0,3,5,0,0,1,1,55,0,1,0,0,0,0,0,0,0,0,0,0,0,0,0
375686223,800000.0,1.0,23353.453,0.0,299798,0,46.882465,1160,0,0,0,0,0.0,3,5,0,0,1,1,55,0,1,0,0,0,0,0,0,0,0,0,0,0,0,0
375928405,800000.0,1.0,23353.453,0.0,299895,0,46.882465,1162,0,0,0,0,0.0,3,5,0,0,1,1,55,0,1,0,0,0,0,0,0,0,0,0,0,0,0,0
376681108,800000.0,1.0,23278.176,0.0,300187,0,46.92778,1162,0,0,0,0,0.0,3,5,0,0,1,1,55,0,1,0,0,0,0,0,0,0,0,0,0,0,0,0
376928412,800000.0,1.0,23278.176,0.0,300284,0,46.92778,1164,0,0,0,0,0.0,3,5,0,0,1,1,55,0,1,0,0,0,0,0,0,0,0,0,0,0,0,0
377689008,800000.0,1.0,23402.164,0.0,300577,0,46.97825,1164,0,0,0,0,0.0,3,5,0,0,1,1,55,0,1,0,0,0,0,0,0,0,0,0,0,0,0,0
377928923,800000.0,1.0,23402.164,0.0,300674,0,46.97825,1166,0,0,0,0,0.0,3,5,0,0,1,1,55,0,1,0,0,0,0,0,0,0,0,0,0,0,0,0
378678553,800000.0,1.0,23233.314,0.0,300966,0,46.875546,1166,0,0,0,0,0.0,3,5,0,0,1,1,55,0,1,0,0,0,0,0,0,0,0,0,0,0,0,0
378929245,800000.0,1.0,23233.314,0.0,301063,0,46.875546,1168,0,0,0,0,0.0,3,5,0,0,1,1,55,0,1,0,0,0,0,0,0,0,0,0,0,0,0,0
379681587,800000.0,1.0,23418.271,0.0,301356,0,46.930405,1168,0,0,0,0,0.0,3,5,0,0,1,1,55,0,1,0,0,0,0,0,0,0,0,0,0,0,0,0
379925824,800000.0,1.0,23418.271,0.0,301453,0,46.930405,1170,0,0,0,0,0.0,3,5,0,0,1,1,55,0,1,0,0,0,0,0,0,0,0,0,0,0,0,0
380678954,800000.0,1.0,23267.77,0.0,301745,0,46.914852,1170,0,0,0,0,0.0,3,5,0,0,1,1,55,0,1,0,0,0,0,0,0,0,0,0,0,0,0,0
380910019,800000.0,1.0,23267.77,0.0,301834,0,46.914852,1172,0,0,0,0,0.0,3,5,0,0,1,1,55,0,1,0,0,0,0,0,0,0,0,0,0,0,0,0
381661553,800000.0,1.0,23267.77,0.0,302125,0,46.914852,1172,0,0,0,0,0.0,3,5,0,0,1,1,55,0,1,0,0,0,0,0,0,0,0,0,0,0,0,0
381929173,800000.0,1.0,23412.775,0.0,302232,0,46.995537,1174,0,0,0,0,0.0,3,5,0,0,1,1,55,0,1,0,0,0,0,0,0,0,0,0,0,0,0,0
382690831,800000.0,1.0,23312.777,0.0,302524,0,46.989475,1174,0,0,0,0,0.0,3,5,0,0,1,1,55,0,1,0,0,0,0,0,0,0,0,0,0,0,0,0
382924630,800000.0,1.0,23312.777,0.0,302621,0,46.989475,1176,0,0,0,0,0.0,3,5,0,0,1,1,55,0,1,0,0,0,0,0,0,0,0,0,0,0,0,0
383678897,800000.0,1.0,23404.277,0.0,302914,0,46.984497,1176,0,0,0,0,0.0,3,5,0,0,1,1,55,0,1,0,0,0,0,0,0,0,0,0,0,0,0,0
383927876,800000.0,1.0,23404.277,0.0,303011,0,46.984497,1178,0,0,0,0,0.0,3,5,0,0,1,1,55,0,1,0,0,0,0,0,0,0,0,0,0,0,0,0
384690325,800000.0,1.0,23280.406,0.0,303303,0,46.930264,1178,0,0,0,0,0.0,3,5,0,0,1,1,55,0,1,0,0,0,0,0,0,0,0,0,0,0,0,0
384926871,800000.0,1.0,23280.406,0.0,303400,0,46.930264,1180,0,0,0,0,0.0,3,5,0,0,1,1,55,0,1,0,0,0,0,0,0,0,0,0,0,0,0,0
385688754,800000.0,1.0,23571.834,0.0,303693,0,46.86844,1180,0,0,0,0,0.0,3,5,0,0,1,1,55,0,1,0,0,0,0,0,0,0,0,0,0,0,0,0
385925819,800000.0,1.0,23571.834,0.0,303790,0,46.86844,1182,0,0,0,0,0.0,3,5,0,0,1,1,55,0,1,0,0,0,0,0,0,0,0,0,0,0,0,0
386687793,800000.0,1.0,23604.297,0.0,304082,0,46.90521,1182,0,0,0,0,0.0,3,5,0,0,1,1,55,0,1,0,0,0,0,0,0,0,0,0,0,0,0,0
386928409,800000.0,1.0,23604.297,0.0,304179,0,46.90521,1184,0,0,0,0,0.0,3,5,0,0,1,1,55,0,1,0,0,0,0,0,0,0,0,0,0,0,0,0
387678025,800000.0,1.0,23341.9,0.0,304472,0,46.85727,1184,0,0,0,0,0.0,3,5,0,0,1,1,55,0,1,0,0,0,0,0,0,0,0,0,0,0,0,0
387928580,800000.0,1.0,23341.9,0.0,304569,0,46.85727,1186,0,0,0,0,0.0,3,5,0,0,1,1,55,0,1,0,0,0,0,0,0,0,0,0,0,0,0,0
388680979,800000.0,1.0,23242.252,0.0,304861,0,46.85134,1186,0,0,0,0,0.0,3,5,0,0,1,1,55,0,1,0,0,0,0,0,0,0,0,0,0,0,0,0
388926944,800000.0,1.0,23242.252,0.0,304958,0,46.85134,1188,0,0,0,0,0.0,3,5,0,0,1,1,55,0,1,0,0,0,0,0,0,0,0,0,0,0,0,0
389678712,800000.0,1.0,23242.252,0.0,305251,0,46.85134,1188,0,0,0,0,0.0,3,5,0,0,1,1,55,0,1,0,0,0,0,0,0,0,0,0,0,0,0,0
389920970,800000.0,1.0,23391.55,0.0,305347,0,46.956944,1190,0,0,0,0,0.0,3,5,0,0,1,1,55,0,1,0,0,0,0,0,0,0,0,0,0,0,0,0
390674815,800000.0,1.0,23391.55,0.0,305637,0,46.956944,1190,0,0,0,0,0.0,3,5,0,0,1,1,55,0,1,0,0,0,0,0,0,0,0,0,0,0,0,0
390927586,800000.0,1.0,23312.361,0.0,305737,0,46.99267,1192,0,0,0,0,0.0,3,5,0,0,1,1,55,0,1,0,0,0,0,0,0,0,0,0,0,0,0,0
391687546,800000.0,1.0,23403.24,0.0,306030,0,46.980408,1192,0,0,0,0,0.0,3,5,0,0,1,1,55,0,1,0,0,0,0,0,0,0,0,0,0,0,0,0
