timestamp,flag_armed,flag_external_manual_override_ok,flag_control_manual_enabled,flag_control_auto_enabled,flag_control_offboard_enabled,flag_control_rates_enabled,flag_control_attitude_enabled,flag_control_acceleration_enabled,flag_control_velocity_enabled,flag_control_position_enabled,flag_control_altitude_enabled,flag_control_climb_rate_enabled,flag_control_termination_enabled
2899552,0,0,1,0,0,1,1,0,0,0,0,0,0
3908471,0,0,1,0,0,1,1,0,0,0,0,0,0
4411589,0,0,1,0,0,1,1,0,0,0,0,0,0
4913484,0,0,1,0,0,1,1,0,0,0,0,0,0
5424453,0,0,1,0,0,1,1,0,0,0,0,0,0
5929492,0,0,1,0,0,1,1,0,0,0,0,0,0
6433477,0,0,1,0,0,1,1,0,0,0,0,0,0
6938513,0,0,1,0,0,1,1,0,0,0,0,0,0
7449643,0,0,1,0,0,1,1,0,0,0,0,0,0
7951270,0,0,1,0,0,1,1,0,0,0,0,0,0
8453476,0,0,1,0,0,1,1,0,0,0,0,0,0
8962654,0,0,1,0,0,1,1,0,0,0,0,0,0
9466574,0,0,1,0,0,1,1,0,0,0,0,0,0
9976554,0,0,1,0,0,1,1,0,0,0,0,0,0
10483705,0,0,1,0,0,1,1,0,0,0,0,0,0
10988757,0,0,1,0,0,1,1,0,0,0,0,0,0
11491865,0,0,1,0,0,1,1,0,0,0,0,0,0
11997480,0,0,1,0,0,1,1,0,0,0,0,0,0
12506979,0,0,1,0,0,1,1,0,0,0,0,0,0
13014114,0,0,1,0,0,1,1,0,0,0,0,0,0
13518476,0,0,1,0,0,1,1,0,0,0,0,0,0
14027347,0,0,1,0,0,1,1,0,0,0,0,0,0
14530625,0,0,1,0,0,1,1,0,0,0,0,0,0
15040240,0,0,1,0,0,1,1,0,0,0,0,0,0
15548477,0,0,1,0,0,1,1,0,0,0,0,0,0
16053475,0,0,1,0,0,1,1,0,0,0,0,0,0
16559081,0,0,1,0,0,1,1,0,0,0,0,0,0
17068522,0,0,1,0,0,1,1,0,0,0,0,0,0
18072479,0,0,1,0,0,1,1,0,0,0,0,0,0
18580054,0,0,1,0,0,1,1,0,0,0,0,0,0
19090593,0,0,1,0,0,1,1,0,0,0,0,0,0
19590599,0,0,1,0,0,1,1,0,0,0,0,0,0
20093493,0,0,1,0,0,1,1,0,0,0,0,0,0
20597478,0,0,1,0,0,1,1,0,0,0,0,0,0
21099490,0,0,1,0,0,1,1,0,0,0,0,0,0
21604475,0,0,1,0,0,1,1,0,0,0,0,0,0
22107976,0,0,1,0,0,1,1,0,0,0,0,0,0
22617772,0,0,1,0,0,1,1,0,0,0,0,0,0
23119482,0,0,1,0,0,1,1,0,0,0,0,0,0
23627485,0,0,1,0,0,1,1,0,0,0,0,0,0
24128480,0,0,1,0,0,1,1,0,0,0,0,0,0
24632513,0,0,1,0,0,1,1,0,0,0,0,0,0
25139539,0,0,1,0,0,1,1,0,0,0,0,0,0
25650589,0,0,1,0,0,1,1,0,0,0,0,0,0
26151537,0,0,1,0,0,1,1,0,0,0,0,0,0
26661556,0,0,1,0,0,1,1,0,0,0,0,0,0
27164563,0,0,1,0,0,1,1,0,0,0,0,0,0
27676781,0,0,1,0,0,1,1,0,0,0,0,0,0
28182528,0,0,1,0,0,1,1,0,0,0,0,0,0
28691291,0,0,1,0,0,1,1,0,0,0,0,0,0
29196569,0,0,1,0,0,1,1,0,0,0,0,0,0
29705249,0,0,1,0,0,1,1,0,0,0,0,0,0
29882888,0,0,1,0,0,1,1,0,0,0,0,0,0
30385518,0,0,1,0,0,1,1,0,0,0,0,0,0
30892468,0,0,1,0,0,1,1,0,0,0,0,0,0
31395651,0,0,1,0,0,1,1,0,0,0,0,0,0
31898664,0,0,1,0,0,1,1,0,0,0,0,0,0
32404040,0,0,1,0,0,1,1,0,0,0,0,0,0
32912005,0,0,1,0,0,1,1,0,0,0,0,0,0
33421836,0,0,1,0,0,1,1,0,0,0,0,0,0
33926474,0,0,1,0,0,1,1,0,0,0,0,0,0
34432341,0,0,1,0,0,1,1,0,0,0,0,0,0
34939628,0,0,1,0,0,1,1,0,0,0,0,0,0
35450705,0,0,1,0,0,1,1,0,0,0,0,0,0
35955642,0,0,1,0,0,1,1,0,0,0,0,0,0
36465992,0,0,1,0,0,1,1,0,0,0,0,0,0
36971509,0,0,1,0,0,1,1,0,0,0,0,0,0
37472599,0,0,1,0,0,1,1,0,0,0,0,0,0
37975474,0,0,1,0,0,1,1,0,0,0,0,0,0
38488647,0,0,1,0,0,1,1,0,0,0,0,0,0
39000032,0,0,1,0,0,1,1,0,0,0,0,0,0
39510797,0,0,1,0,0,1,1,0,0,0,0,0,0
40019551,0,0,1,0,0,1,1,0,0,0,0,0,0
40529502,0,0,1,0,0,1,1,0,0,0,0,0,0
41036670,0,0,1,0,0,1,1,0,0,0,0,0,0
41542596,0,0,1,0,0,1,1,0,0,0,0,0,0
42051791,0,0,1,0,0,1,1,0,0,0,0,0,0
42553832,0,0,1,0,0,1,1,0,0,0,0,0,0
43059990,0,0,1,0,0,1,1,0,0,0,0,0,0
43564475,0,0,1,0,0,1,1,0,0,0,0,0,0
44075676,0,0,1,0,0,1,1,0,0,0,0,0,0
44584512,0,0,1,0,0,1,1,0,0,0,0,0,0
45084575,0,0,1,0,0,1,1,0,0,0,0,0,0
45593475,0,0,1,0,0,1,1,0,0,0,0,0,0
46104622,0,0,1,0,0,1,1,0,0,0,0,0,0
46611608,0,0,1,0,0,1,1,0,0,0,0,0,0
47114508,0,0,1,0,0,1,1,0,0,0,0,0,0
47625528,0,0,1,0,0,1,1,0,0,0,0,0,0
48136476,0,0,1,0,0,1,1,0,0,0,0,0,0
48636573,0,0,1,0,0,1,1,0,0,0,0,0,0
49140725,0,0,1,0,0,1,1,0,0,0,0,0,0
49641474,0,0,1,0,0,1,1,0,0,0,0,0,0
50144140,0,0,1,0,0,1,1,0,0,0,0,0,0
50647233,0,0,1,0,0,1,1,0,0,0,0,0,0
51157645,0,0,1,0,0,1,1,0,0,0,0,0,0
51662509,0,0,1,0,0,1,1,0,0,0,0,0,0
52169550,0,0,1,0,0,1,1,0,0,0,0,0,0
52673476,0,0,1,0,0,1,1,0,0,0,0,0,0
53179474,0,0,1,0,0,1,1,0,0,0,0,0,0
53688124,0,0,1,0,0,1,1,0,0,0,0,0,0
54694016,0,0,1,0,0,1,1,0,0,0,0,0,0
55201492,0,0,1,0,0,1,1,0,0,0,0,0,0
55711974,0,0,1,0,0,1,1,0,0,0,0,0,0
56217474,0,0,1,0,0,1,1,0,0,0,0,0,0
56722586,0,0,1,0,0,1,1,0,0,0,0,0,0
57227513,0,0,1,0,0,1,1,0,0,0,0,0,0
57735508,0,0,1,0,0,1,1,0,0,0,0,0,0
58235576,0,0,1,0,0,1,1,0,0,0,0,0,0
58743474,0,0,1,0,0,1,1,0,0,0,0,0,0
59252479,0,0,1,0,0,1,1,0,0,0,0,0,0
59754528,0,0,1,0,0,1,1,0,0,0,0,0,0
60262473,0,0,1,0,0,1,1,0,0,0,0,0,0
60766313,0,0,1,0,0,1,1,0,0,0,0,0,0
61272314,0,0,1,0,0,1,1,0,0,0,0,0,0
61775509,0,0,1,0,0,1,1,0,0,0,0,0,0
62279601,0,0,1,0,0,1,1,0,0,0,0,0,0
62789606,0,0,1,0,0,1,1,0,0,0,0,0,0
63299023,0,0,1,0,0,1,1,0,0,0,0,0,0
63808030,0,0,1,0,0,1,1,0,0,0,0,0,0
64309745,0,0,1,0,0,1,1,0,0,0,0,0,0
64822288,0,0,1,0,0,1,1,0,0,0,0,0,0
65332815,0,0,1,0,0,1,1,0,0,0,0,0,0
65842508,0,0,1,0,0,1,1,0,0,0,0,0,0
66348474,0,0,1,0,0,1,1,0,0,0,0,0,0
66855793,0,0,1,0,0,1,1,0,0,0,0,0,0
67358661,0,0,1,0,0,1,1,0,0,0,0,0,0
67863539,0,0,1,0,0,1,1,0,0,0,0,0,0
68366473,0,0,1,0,0,1,1,0,0,0,0,0,0
68867577,0,0,1,0,0,1,1,0,0,0,0,0,0
69379038,0,0,1,0,0,1,1,0,0,0,0,0,0
69889732,0,0,1,0,0,1,1,0,0,0,0,0,0
70391513,0,0,1,0,0,1,1,0,0,0,0,0,0
70893517,0,0,1,0,0,1,1,0,0,0,0,0,0
71394981,0,0,1,0,0,1,1,0,0,0,0,0,0
71902472,0,0,1,0,0,1,1,0,0,0,0,0,0
72412334,0,0,1,0,0,1,1,0,0,0,0,0,0
72920218,0,0,1,0,0,1,1,0,0,0,0,0,0
73428475,0,0,1,0,0,1,1,0,0,0,0,0,0
73929595,0,0,1,0,0,1,1,0,0,0,0,0,0
74429629,0,0,1,0,0,1,1,0,0,0,0,0,0
74939547,0,0,1,0,0,1,1,0,0,0,0,0,0
75447480,0,0,1,0,0,1,1,0,0,0,0,0,0
75957511,0,0,1,0,0,1,1,0,0,0,0,0,0
76461123,0,0,1,0,0,1,1,0,0,0,0,0,0
76967473,0,0,1,0,0,1,1,0,0,0,0,0,0
77469904,0,0,1,0,0,1,1,0,0,0,0,0,0
77971475,0,0,1,0,0,1,1,0,0,0,0,0,0
78986530,0,0,1,0,0,1,1,0,0,0,0,0,0
79497848,0,0,1,0,0,1,1,0,0,0,0,0,0
79998529,0,0,1,0,0,1,1,0,0,0,0,0,0
80504178,0,0,1,0,0,1,1,0,0,0,0,0,0
81007540,0,0,1,0,0,1,1,0,0,0,0,0,0
81513560,0,0,1,0,0,1,1,0,0,0,0,0,0
82017035,0,0,1,0,0,1,1,0,0,0,0,0,0
82519522,0,0,1,0,0,1,1,0,0,0,0,0,0
83020842,0,0,1,0,0,1,1,0,0,0,0,0,0
83524178,0,0,1,0,0,1,1,0,0,0,0,0,0
84024651,0,0,1,0,0,1,1,0,0,0,0,0,0
84527599,0,0,1,0,0,1,1,0,0,0,0,0,0
85036475,0,0,1,0,0,1,1,0,0,0,0,0,0
85545296,0,0,1,0,0,1,1,0,0,0,0,0,0
86049560,0,0,1,0,0,1,1,0,0,0,0,0,0
86559578,0,0,1,0,0,1,1,0,0,0,0,0,0
87064471,0,0,1,0,0,1,1,0,0,0,0,0,0
87573587,0,0,1,0,0,1,1,0,0,0,0,0,0
88083164,0,0,1,0,0,1,1,0,0,0,0,0,0
88592037,0,0,1,0,0,1,1,0,0,0,0,0,0
89096309,0,0,1,0,0,1,1,0,0,0,0,0,0
89602476,0,0,1,0,0,1,1,0,0,0,0,0,0
90109516,0,0,1,0,0,1,1,0,0,0,0,0,0
90619613,0,0,1,0,0,1,1,0,0,0,0,0,0
91120670,0,0,1,0,0,1,1,0,0,0,0,0,0
91629036,0,0,1,0,0,1,1,0,0,0,0,0,0
92139557,0,0,1,0,0,1,1,0,0,0,0,0,0
92641831,0,0,1,0,0,1,1,0,0,0,0,0,0
93150539,0,0,1,0,0,1,1,0,0,0,0,0,0
93661469,0,0,1,0,0,1,1,0,0,0,0,0,0
94168475,0,0,1,0,0,1,1,0,0,0,0,0,0
94672231,0,0,1,0,0,1,1,0,0,0,0,0,0
95179477,0,0,1,0,0,1,1,0,0,0,0,0,0
95679785,0,0,1,0,0,1,1,0,0,0,0,0,0
96189729,0,0,1,0,0,1,1,0,0,0,0,0,0
96698676,0,0,1,0,0,1,1,0,0,0,0,0,0
97206789,0,0,1,0,0,1,1,0,0,0,0,0,0
97718811,0,0,1,0,0,1,1,0,0,0,0,0,0
98229787,0,0,1,0,0,1,1,0,0,0,0,0,0
98730619,0,0,1,0,0,1,1,0,0,0,0,0,0
99239894,0,0,1,0,0,1,1,0,0,0,0,0,0
99750079,0,0,1,0,0,1,1,0,0,0,0,0,0
100257514,0,0,1,0,0,1,1,0,0,0,0,0,0
100766518,0,0,1,0,0,1,1,0,0,0,0,0,0
101267490,0,0,1,0,0,1,1,0,0,0,0,0,0
101772541,0,0,1,0,0,1,1,0,0,0,0,0,0
102272609,0,0,1,0,0,1,1,0,0,0,0,0,0
103281800,0,0,1,0,0,1,1,0,0,0,0,0,0
103791597,0,0,1,0,0,1,1,0,0,0,0,0,0
104301162,0,0,1,0,0,1,1,0,0,0,0,0,0
104803477,0,0,1,0,0,1,1,0,0,0,0,0,0
105308873,0,0,1,0,0,1,1,0,0,0,0,0,0
105814155,0,0,1,0,0,1,1,0,0,0,0,0,0
106315547,0,0,1,0,0,1,1,0,0,0,0,0,0
106827454,0,0,1,0,0,1,1,0,0,0,0,0,0
107332475,0,0,1,0,0,1,1,0,0,0,0,0,0
107840643,0,0,1,0,0,1,1,0,0,0,0,0,0
108343505,0,0,1,0,0,1,1,0,0,0,0,0,0
108852805,0,0,1,0,0,1,1,0,0,0,0,0,0
109360630,0,0,1,0,0,1,1,0,0,0,0,0,0
109860701,0,0,1,0,0,1,1,0,0,0,0,0,0
110360807,0,0,1,0,0,1,1,0,0,0,0,0,0
110862497,0,0,1,0,0,1,1,0,0,0,0,0,0
111372473,0,0,1,0,0,1,1,0,0,0,0,0,0
111876478,0,0,1,0,0,1,1,0,0,0,0,0,0
112383585,0,0,1,0,0,1,1,0,0,0,0,0,0
112892597,0,0,1,0,0,1,1,0,0,0,0,0,0
113393254,0,0,1,0,0,1,1,0,0,0,0,0,0
113894709,0,0,1,0,0,1,1,0,0,0,0,0,0
114395479,0,0,1,0,0,1,1,0,0,0,0,0,0
114905186,0,0,1,0,0,1,1,0,0,0,0,0,0
115409947,0,0,1,0,0,1,1,0,0,0,0,0,0
115918504,0,0,1,0,0,1,1,0,0,0,0,0,0
116425532,0,0,1,0,0,1,1,0,0,0,0,0,0
116927011,0,0,1,0,0,1,1,0,0,0,0,0,0
117433731,0,0,1,0,0,1,1,0,0,0,0,0,0
117942551,0,0,1,0,0,1,1,0,0,0,0,0,0
118444413,0,0,1,0,0,1,1,0,0,0,0,0,0
118953474,0,0,1,0,0,1,1,0,0,0,0,0,0
119461650,0,0,1,0,0,1,1,0,0,0,0,0,0
119968473,0,0,1,0,0,1,1,0,0,0,0,0,0
120470748,0,0,1,0,0,1,1,0,0,0,0,0,0
120980662,0,0,1,0,0,1,1,0,0,0,0,0,0
121491479,0,0,1,0,0,1,1,0,0,0,0,0,0
122001476,0,0,1,0,0,1,1,0,0,0,0,0,0
122511507,0,0,1,0,0,1,1,0,0,0,0,0,0
123018560,0,0,1,0,0,1,1,0,0,0,0,0,0
123524711,0,0,1,0,0,1,1,0,0,0,0,0,0
124026613,0,0,1,0,0,1,1,0,0,0,0,0,0
124537320,0,0,1,0,0,1,1,0,0,0,0,0,0
125038840,0,0,1,0,0,1,1,0,0,0,0,0,0
125547474,0,0,1,0,0,1,1,0,0,0,0,0,0
126052079,0,0,1,0,0,1,1,0,0,0,0,0,0
126564055,0,0,1,0,0,1,1,0,0,0,0,0,0
127064570,0,0,1,0,0,1,1,0,0,0,0,0,0
127569474,0,0,1,0,0,1,1,0,0,0,0,0,0
128069495,0,0,1,0,0,1,1,0,0,0,0,0,0
128571114,0,0,1,0,0,1,1,0,0,0,0,0,0
129078475,0,0,1,0,0,1,1,0,0,0,0,0,0
129579477,0,0,1,0,0,1,1,0,0,0,0,0,0
130089536,0,0,1,0,0,1,1,0,0,0,0,0,0
130591662,0,0,1,0,0,1,1,0,0,0,0,0,0
131093532,0,0,1,0,0,1,1,0,0,0,0,0,0
131602012,0,0,1,0,0,1,1,0,0,0,0,0,0
132112437,0,0,1,0,0,1,1,0,0,0,0,0,0
132615167,0,0,1,0,0,1,1,0,0,0,0,0,0
133122492,0,0,1,0,0,1,1,0,0,0,0,0,0
133631052,0,0,1,0,0,1,1,0,0,0,0,0,0
134141556,0,0,1,0,0,1,1,0,0,0,0,0,0
134647508,0,0,1,0,0,1,1,0,0,0,0,0,0
135147653,0,0,1,0,0,1,1,0,0,0,0,0,0
135656649,0,0,1,0,0,1,1,0,0,0,0,0,0
136159530,0,0,1,0,0,1,1,0,0,0,0,0,0
136671604,0,0,1,0,0,1,1,0,0,0,0,0,0
137174032,0,0,1,0,0,1,1,0,0,0,0,0,0
137683554,0,0,1,0,0,1,1,0,0,0,0,0,0
138189481,0,0,1,0,0,1,1,0,0,0,0,0,0
138694069,0,0,1,0,0,1,1,0,0,0,0,0,0
139198481,0,0,1,0,0,1,1,0,0,0,0,0,0
139700357,0,0,1,0,0,1,1,0,0,0,0,0,0
140205099,0,0,1,0,0,1,1,0,0,0,0,0,0
140707945,0,0,1,0,0,1,1,0,0,0,0,0,0
141211938,0,0,1,0,0,1,1,0,0,0,0,0,0
141723456,0,0,1,0,0,1,1,0,0,0,0,0,0
142227484,0,0,1,0,0,1,1,0,0,0,0,0,0
142736624,0,0,1,0,0,1,1,0,0,0,0,0,0
143246505,0,0,1,0,0,1,1,0,0,0,0,0,0
143755676,0,0,1,0,0,1,1,0,0,0,0,0,0
144256034,0,0,1,0,0,1,1,0,0,0,0,0,0
144758493,0,0,1,0,0,1,1,0,0,0,0,0,0
145265701,0,0,1,0,0,1,1,0,0,0,0,0,0
145766005,0,0,1,0,0,1,1,0,0,0,0,0,0
146276568,0,0,1,0,0,1,1,0,0,0,0,0,0
146777504,0,0,1,0,0,1,1,0,0,0,0,0,0
147284478,0,0,1,0,0,1,1,0,0,0,0,0,0
147786507,0,0,1,0,0,1,1,0,0,0,0,0,0
148296474,0,0,1,0,0,1,1,0,0,0,0,0,0
148797507,0,0,1,0,0,1,1,0,0,0,0,0,0
149305615,0,0,1,0,0,1,1,0,0,0,0,0,0
149812927,0,0,1,0,0,1,1,0,0,0,0,0,0
150315521,0,0,1,0,0,1,1,0,0,0,0,0,0
150830352,0,0,1,0,0,1,1,0,0,0,0,0,0
151338476,0,0,1,0,0,1,1,0,0,0,0,0,0
151838773,0,0,1,0,0,1,1,0,0,0,0,0,0
152346473,0,0,1,0,0,1,1,0,0,0,0,0,0
152856479,0,0,1,0,0,1,1,0,0,0,0,0,0
153360620,0,0,1,0,0,1,1,0,0,0,0,0,0
153867474,0,0,1,0,0,1,1,0,0,0,0,0,0
154368474,0,0,1,0,0,1,1,0,0,0,0,0,0
154873623,0,0,1,0,0,1,1,0,0,0,0,0,0
155384726,0,0,1,0,0,1,1,0,0,0,0,0,0
155885867,0,0,1,0,0,1,1,0,0,0,0,0,0
156392495,0,0,1,0,0,1,1,0,0,0,0,0,0
156895962,0,0,1,0,0,1,1,0,0,0,0,0,0
157404300,0,0,1,0,0,1,1,0,0,0,0,0,0
157911306,0,0,1,0,0,1,1,0,0,0,0,0,0
158421541,0,0,1,0,0,1,1,0,0,0,0,0,0
158928534,0,0,1,0,0,1,1,0,0,0,0,0,0
159436536,0,0,1,0,0,1,1,0,0,0,0,0,0
159944476,0,0,1,0,0,1,1,0,0,0,0,0,0
160453551,0,0,1,0,0,1,1,0,0,0,0,0,0
160964578,0,0,1,0,0,1,1,0,0,0,0,0,0
161466477,0,0,1,0,0,1,1,0,0,0,0,0,0
161969591,0,0,1,0,0,1,1,0,0,0,0,0,0
162478566,0,0,1,0,0,1,1,0,0,0,0,0,0
162982764,0,0,1,0,0,1,1,0,0,0,0,0,0
163486623,0,0,1,0,0,1,1,0,0,0,0,0,0
163995474,0,0,1,0,0,1,1,0,0,0,0,0,0
164496673,0,0,1,0,0,1,1,0,0,0,0,0,0
164998188,0,0,1,0,0,1,1,0,0,0,0,0,0
165498474,0,0,1,0,0,1,1,0,0,0,0,0,0
166005518,0,0,1,0,0,1,1,0,0,0,0,0,0
166507915,0,0,1,0,0,1,1,0,0,0,0,0,0
167018080,0,0,1,0,0,1,1,0,0,0,0,0,0
167519502,0,0,1,0,0,1,1,0,0,0,0,0,0
168028500,0,0,1,0,0,1,1,0,0,0,0,0,0
168531957,0,0,1,0,0,1,1,0,0,0,0,0,0
169037049,0,0,1,0,0,1,1,0,0,0,0,0,0
169541453,0,0,1,0,0,1,1,0,0,0,0,0,0
170047961,0,0,1,0,0,1,1,0,0,0,0,0,0
170553500,0,0,1,0,0,1,1,0,0,0,0,0,0
171056487,0,0,1,0,0,1,1,0,0,0,0,0,0
171561517,0,0,1,0,0,1,1,0,0,0,0,0,0
172064480,0,0,1,0,0,1,1,0,0,0,0,0,0
172565525,0,0,1,0,0,1,1,0,0,0,0,0,0
173076668,0,0,1,0,0,1,1,0,0,0,0,0,0
173580703,0,0,1,0,0,1,1,0,0,0,0,0,0
174084727,0,0,1,0,0,1,1,0,0,0,0,0,0
174591523,0,0,1,0,0,1,1,0,0,0,0,0,0
175596477,0,0,1,0,0,1,1,0,0,0,0,0,0
176108321,0,0,1,0,0,1,1,0,0,0,0,0,0
176612492,0,0,1,0,0,1,1,0,0,0,0,0,0
177119473,0,0,1,0,0,1,1,0,0,0,0,0,0
177622731,0,0,1,0,0,1,1,0,0,0,0,0,0
178132556,0,0,1,0,0,1,1,0,0,0,0,0,0
178634818,0,0,1,0,0,1,1,0,0,0,0,0,0
179141506,0,0,1,0,0,1,1,0,0,0,0,0,0
179641547,0,0,1,0,0,1,1,0,0,0,0,0,0
180151492,0,0,1,0,0,1,1,0,0,0,0,0,0
180658510,0,0,1,0,0,1,1,0,0,0,0,0,0
181162305,0,0,1,0,0,1,1,0,0,0,0,0,0
181664691,0,0,1,0,0,1,1,0,0,0,0,0,0
182172740,0,0,1,0,0,1,1,0,0,0,0,0,0
182679084,0,0,1,0,0,1,1,0,0,0,0,0,0
183189520,0,0,1,0,0,1,1,0,0,0,0,0,0
183696541,0,0,1,0,0,1,1,0,0,0,0,0,0
184203503,0,0,1,0,0,1,1,0,0,0,0,0,0
184712494,0,0,1,0,0,1,1,0,0,0,0,0,0
185219474,0,0,1,0,0,1,1,0,0,0,0,0,0
185728526,0,0,1,0,0,1,1,0,0,0,0,0,0
186239477,0,0,1,0,0,1,1,0,0,0,0,0,0
186744949,0,0,1,0,0,1,1,0,0,0,0,0,0
187251823,0,0,1,0,0,1,1,0,0,0,0,0,0
187762511,0,0,1,0,0,1,1,0,0,0,0,0,0
188269479,0,0,1,0,0,1,1,0,0,0,0,0,0
188776127,0,0,1,0,0,1,1,0,0,0,0,0,0
189278544,0,0,1,0,0,1,1,0,0,0,0,0,0
189783522,0,0,1,0,0,1,1,0,0,0,0,0,0
190286476,0,0,1,0,0,1,1,0,0,0,0,0,0
190793546,0,0,1,0,0,1,1,0,0,0,0,0,0
191303500,0,0,1,0,0,1,1,0,0,0,0,0,0
191804464,0,0,1,0,0,1,1,0,0,0,0,0,0
192315479,0,0,1,0,0,1,1,0,0,0,0,0,0
192823507,0,0,1,0,0,1,1,0,0,0,0,0,0
193324476,0,0,1,0,0,1,1,0,0,0,0,0,0
193829516,0,0,1,0,0,1,1,0,0,0,0,0,0
194333496,0,0,1,0,0,1,1,0,0,0,0,0,0
194839609,0,0,1,0,0,1,1,0,0,0,0,0,0
195341016,0,0,1,0,0,1,1,0,0,0,0,0,0
195842532,0,0,1,0,0,1,1,0,0,0,0,0,0
196349475,0,0,1,0,0,1,1,0,0,0,0,0,0
196851708,0,0,1,0,0,1,1,0,0,0,0,0,0
197359306,0,0,1,0,0,1,1,0,0,0,0,0,0
197861509,0,0,1,0,0,1,1,0,0,0,0,0,0
198370772,0,0,1,0,0,1,1,0,0,0,0,0,0
198877478,0,0,1,0,0,1,1,0,0,0,0,0,0
199892480,0,0,1,0,0,1,1,0,0,0,0,0,0
200395507,0,0,1,0,0,1,1,0,0,0,0,0,0
200898473,0,0,1,0,0,1,1,0,0,0,0,0,0
201399925,0,0,1,0,0,1,1,0,0,0,0,0,0
201908518,0,0,1,0,0,1,1,0,0,0,0,0,0
202410076,0,0,1,0,0,1,1,0,0,0,0,0,0
202918475,0,0,1,0,0,1,1,0,0,0,0,0,0
203428522,0,0,1,0,0,1,1,0,0,0,0,0,0
203933861,0,0,1,0,0,1,1,0,0,0,0,0,0
204444532,0,0,1,0,0,1,1,0,0,0,0,0,0
204949521,0,0,1,0,0,1,1,0,0,0,0,0,0
205458614,0,0,1,0,0,1,1,0,0,0,0,0,0
205964512,0,0,1,0,0,1,1,0,0,0,0,0,0
206466475,0,0,1,0,0,1,1,0,0,0,0,0,0
206973909,0,0,1,0,0,1,1,0,0,0,0,0,0
207483059,0,0,1,0,0,1,1,0,0,0,0,0,0
207983294,0,0,1,0,0,1,1,0,0,0,0,0,0
208485536,0,0,1,0,0,1,1,0,0,0,0,0,0
208987510,0,0,1,0,0,1,1,0,0,0,0,0,0
209497474,0,0,1,0,0,1,1,0,0,0,0,0,0
210001339,0,0,1,0,0,1,1,0,0,0,0,0,0
210502705,0,0,1,0,0,1,1,0,0,0,0,0,0
211011564,0,0,1,0,0,1,1,0,0,0,0,0,0
211514509,0,0,1,0,0,1,1,0,0,0,0,0,0
212019536,0,0,1,0,0,1,1,0,0,0,0,0,0
212524505,0,0,1,0,0,1,1,0,0,0,0,0,0
213027144,0,0,1,0,0,1,1,0,0,0,0,0,0
213529509,0,0,1,0,0,1,1,0,0,0,0,0,0
214033478,0,0,1,0,0,1,1,0,0,0,0,0,0
214535145,0,0,1,0,0,1,1,0,0,0,0,0,0
215039288,0,0,1,0,0,1,1,0,0,0,0,0,0
215542561,0,0,1,0,0,1,1,0,0,0,0,0,0
216052584,0,0,1,0,0,1,1,0,0,0,0,0,0
216561506,0,0,1,0,0,1,1,0,0,0,0,0,0
217064340,0,0,1,0,0,1,1,0,0,0,0,0,0
217569608,0,0,1,0,0,1,1,0,0,0,0,0,0
218076572,0,0,1,0,0,1,1,0,0,0,0,0,0
218580620,0,0,1,0,0,1,1,0,0,0,0,0,0
219090676,0,0,1,0,0,1,1,0,0,0,0,0,0
219593471,0,0,1,0,0,1,1,0,0,0,0,0,0
220096138,0,0,1,0,0,1,1,0,0,0,0,0,0
220597509,0,0,1,0,0,1,1,0,0,0,0,0,0
221098513,0,0,1,0,0,1,1,0,0,0,0,0,0
221600194,0,0,1,0,0,1,1,0,0,0,0,0,0
222106511,0,0,1,0,0,1,1,0,0,0,0,0,0
222612588,0,0,1,0,0,1,1,0,0,0,0,0,0
223115643,0,0,1,0,0,1,1,0,0,0,0,0,0
224124278,0,0,1,0,0,1,1,0,0,0,0,0,0
224626663,0,0,1,0,0,1,1,0,0,0,0,0,0
225127476,0,0,1,0,0,1,1,0,0,0,0,0,0
225633529,0,0,1,0,0,1,1,0,0,0,0,0,0
226143586,0,0,1,0,0,1,1,0,0,0,0,0,0
226645518,0,0,1,0,0,1,1,0,0,0,0,0,0
227153665,0,0,1,0,0,1,1,0,0,0,0,0,0
227662297,0,0,1,0,0,1,1,0,0,0,0,0,0
228162812,0,0,1,0,0,1,1,0,0,0,0,0,0
228664511,0,0,1,0,0,1,1,0,0,0,0,0,0
229174481,0,0,1,0,0,1,1,0,0,0,0,0,0
229680974,0,0,1,0,0,1,1,0,0,0,0,0,0
230188482,0,0,1,0,0,1,1,0,0,0,0,0,0
230694474,0,0,1,0,0,1,1,0,0,0,0,0,0
231196511,0,0,1,0,0,1,1,0,0,0,0,0,0
231703501,0,0,1,0,0,1,1,0,0,0,0,0,0
232210721,0,0,1,0,0,1,1,0,0,0,0,0,0
232712524,0,0,1,0,0,1,1,0,0,0,0,0,0
233223479,0,0,1,0,0,1,1,0,0,0,0,0,0
233731835,0,0,1,0,0,1,1,0,0,0,0,0,0
234238786,0,0,1,0,0,1,1,0,0,0,0,0,0
234746506,0,0,1,0,0,1,1,0,0,0,0,0,0
235250591,0,0,1,0,0,1,1,0,0,0,0,0,0
235760627,0,0,1,0,0,1,1,0,0,0,0,0,0
236272199,0,0,1,0,0,1,1,0,0,0,0,0,0
236782323,0,0,1,0,0,1,1,0,0,0,0,0,0
237292232,0,0,1,0,0,1,1,0,0,0,0,0,0
237801473,0,0,1,0,0,1,1,0,0,0,0,0,0
238311552,0,0,1,0,0,1,1,0,0,0,0,0,0
238813485,0,0,1,0,0,1,1,0,0,0,0,0,0
239319541,0,0,1,0,0,1,1,0,0,0,0,0,0
239828678,0,0,1,0,0,1,1,0,0,0,0,0,0
240335672,0,0,1,0,0,1,1,0,0,0,0,0,0
240845498,0,0,1,0,0,1,1,0,0,0,0,0,0
241349083,0,0,1,0,0,1,1,0,0,0,0,0,0
241849306,0,0,1,0,0,1,1,0,0,0,0,0,0
242351832,0,0,1,0,0,1,1,0,0,0,0,0,0
242853499,0,0,1,0,0,1,1,0,0,0,0,0,0
243362496,0,0,1,0,0,1,1,0,0,0,0,0,0
243875445,0,0,1,0,0,1,1,0,0,0,0,0,0
244382489,0,0,1,0,0,1,1,0,0,0,0,0,0
244891478,0,0,1,0,0,1,1,0,0,0,0,0,0
245395688,0,0,1,0,0,1,1,0,0,0,0,0,0
245897474,0,0,1,0,0,1,1,0,0,0,0,0,0
246403600,0,0,1,0,0,1,1,0,0,0,0,0,0
246907493,0,0,1,0,0,1,1,0,0,0,0,0,0
247911609,0,0,1,0,0,1,1,0,0,0,0,0,0
248421600,0,0,1,0,0,1,1,0,0,0,0,0,0
248921866,0,0,1,0,0,1,1,0,0,0,0,0,0
249429846,0,0,1,0,0,1,1,0,0,0,0,0,0
249940620,0,0,1,0,0,1,1,0,0,0,0,0,0
250449897,0,0,1,0,0,1,1,0,0,0,0,0,0
250952625,0,0,1,0,0,1,1,0,0,0,0,0,0
251463095,0,0,1,0,0,1,1,0,0,0,0,0,0
251971507,0,0,1,0,0,1,1,0,0,0,0,0,0
252478585,0,0,1,0,0,1,1,0,0,0,0,0,0
252989078,0,0,1,0,0,1,1,0,0,0,0,0,0
253495762,0,0,1,0,0,1,1,0,0,0,0,0,0
254005472,0,0,1,0,0,1,1,0,0,0,0,0,0
254506019,0,0,1,0,0,1,1,0,0,0,0,0,0
255011477,0,0,1,0,0,1,1,0,0,0,0,0,0
255521474,0,0,1,0,0,1,1,0,0,0,0,0,0
256024069,0,0,1,0,0,1,1,0,0,0,0,0,0
256525422,0,0,1,0,0,1,1,0,0,0,0,0,0
257026513,0,0,1,0,0,1,1,0,0,0,0,0,0
257533770,0,0,1,0,0,1,1,0,0,0,0,0,0
258035945,0,0,1,0,0,1,1,0,0,0,0,0,0
258546145,0,0,1,0,0,1,1,0,0,0,0,0,0
259049475,0,0,1,0,0,1,1,0,0,0,0,0,0
259549601,0,0,1,0,0,1,1,0,0,0,0,0,0
260058104,0,0,1,0,0,1,1,0,0,0,0,0,0
260567044,0,0,1,0,0,1,1,0,0,0,0,0,0
261075517,0,0,1,0,0,1,1,0,0,0,0,0,0
261577111,0,0,1,0,0,1,1,0,0,0,0,0,0
262081172,0,0,1,0,0,1,1,0,0,0,0,0,0
262586488,0,0,1,0,0,1,1,0,0,0,0,0,0
263096477,0,0,1,0,0,1,1,0,0,0,0,0,0
263603016,0,0,1,0,0,1,1,0,0,0,0,0,0
264105472,0,0,1,0,0,1,1,0,0,0,0,0,0
264614511,0,0,1,0,0,1,1,0,0,0,0,0,0
265120599,0,0,1,0,0,1,1,0,0,0,0,0,0
265631227,0,0,1,0,0,1,1,0,0,0,0,0,0
266131698,0,0,1,0,0,1,1,0,0,0,0,0,0
266633970,0,0,1,0,0,1,1,0,0,0,0,0,0
267135473,0,0,1,0,0,1,1,0,0,0,0,0,0
267636474,0,0,1,0,0,1,1,0,0,0,0,0,0
268140851,0,0,1,0,0,1,1,0,0,0,0,0,0
268650618,0,0,1,0,0,1,1,0,0,0,0,0,0
269154554,0,0,1,0,0,1,1,0,0,0,0,0,0
269664593,0,0,1,0,0,1,1,0,0,0,0,0,0
270169539,0,0,1,0,0,1,1,0,0,0,0,0,0
270671505,0,0,1,0,0,1,1,0,0,0,0,0,0
271180620,0,0,1,0,0,1,1,0,0,0,0,0,0
271687202,0,0,1,0,0,1,1,0,0,0,0,0,0
272190642,0,0,1,0,0,1,1,0,0,0,0,0,0
272698322,0,0,1,0,0,1,1,0,0,0,0,0,0
273202504,0,0,1,0,0,1,1,0,0,0,0,0,0
273705689,0,0,1,0,0,1,1,0,0,0,0,0,0
274207801,0,0,1,0,0,1,1,0,0,0,0,0,0
274716543,0,0,1,0,0,1,1,0,0,0,0,0,0
275216628,0,0,1,0,0,1,1,0,0,0,0,0,0
275724474,0,0,1,0,0,1,1,0,0,0,0,0,0
276224524,0,0,1,0,0,1,1,0,0,0,0,0,0
276732526,0,0,1,0,0,1,1,0,0,0,0,0,0
277240622,0,0,1,0,0,1,1,0,0,0,0,0,0
277747413,0,0,1,0,0,1,1,0,0,0,0,0,0
278251538,0,0,1,0,0,1,1,0,0,0,0,0,0
278762507,0,0,1,0,0,1,1,0,0,0,0,0,0
279273593,0,0,1,0,0,1,1,0,0,0,0,0,0
279776474,0,0,1,0,0,1,1,0,0,0,0,0,0
280287943,0,0,1,0,0,1,1,0,0,0,0,0,0
280796455,0,0,1,0,0,1,1,0,0,0,0,0,0
281302333,0,0,1,0,0,1,1,0,0,0,0,0,0
281807478,0,0,1,0,0,1,1,0,0,0,0,0,0
282308549,0,0,1,0,0,1,1,0,0,0,0,0,0
282816871,0,0,1,0,0,1,1,0,0,0,0,0,0
283328740,0,0,1,0,0,1,1,0,0,0,0,0,0
284340630,0,0,1,0,0,1,1,0,0,0,0,0,0
284844474,0,0,1,0,0,1,1,0,0,0,0,0,0
285351511,0,0,1,0,0,1,1,0,0,0,0,0,0
285860727,0,0,1,0,0,1,1,0,0,0,0,0,0
286371514,0,0,1,0,0,1,1,0,0,0,0,0,0
286881540,0,0,1,0,0,1,1,0,0,0,0,0,0
287390041,0,0,1,0,0,1,1,0,0,0,0,0,0
287891836,0,0,1,0,0,1,1,0,0,0,0,0,0
288401574,0,0,1,0,0,1,1,0,0,0,0,0,0
288902198,0,0,1,0,0,1,1,0,0,0,0,0,0
289405760,0,0,1,0,0,1,1,0,0,0,0,0,0
289909474,0,0,1,0,0,1,1,0,0,0,0,0,0
290413476,0,0,1,0,0,1,1,0,0,0,0,0,0
290919470,0,0,1,0,0,1,1,0,0,0,0,0,0
291424511,0,0,1,0,0,1,1,0,0,0,0,0,0
291928727,0,0,1,0,0,1,1,0,0,0,0,0,0
292431322,0,0,1,0,0,1,1,0,0,0,0,0,0
292936474,0,0,1,0,0,1,1,0,0,0,0,0,0
293437733,0,0,1,0,0,1,1,0,0,0,0,0,0
293943166,0,0,1,0,0,1,1,0,0,0,0,0,0
294448295,0,0,1,0,0,1,1,0,0,0,0,0,0
294948521,0,0,1,0,0,1,1,0,0,0,0,0,0
295456525,0,0,1,0,0,1,1,0,0,0,0,0,0
296473478,0,0,1,0,0,1,1,0,0,0,0,0,0
296979474,0,0,1,0,0,1,1,0,0,0,0,0,0
297489600,0,0,1,0,0,1,1,0,0,0,0,0,0
298002447,0,0,1,0,0,1,1,0,0,0,0,0,0
298509668,0,0,1,0,0,1,1,0,0,0,0,0,0
299019516,0,0,1,0,0,1,1,0,0,0,0,0,0
299520618,0,0,1,0,0,1,1,0,0,0,0,0,0
300024689,0,0,1,0,0,1,1,0,0,0,0,0,0
300535377,0,0,1,0,0,1,1,0,0,0,0,0,0
301045542,0,0,1,0,0,1,1,0,0,0,0,0,0
301549467,0,0,1,0,0,1,1,0,0,0,0,0,0
302051477,0,0,1,0,0,1,1,0,0,0,0,0,0
302562157,0,0,1,0,0,1,1,0,0,0,0,0,0
303064475,0,0,1,0,0,1,1,0,0,0,0,0,0
303571969,0,0,1,0,0,1,1,0,0,0,0,0,0
304076620,0,0,1,0,0,1,1,0,0,0,0,0,0
304582513,0,0,1,0,0,1,1,0,0,0,0,0,0
305084619,0,0,1,0,0,1,1,0,0,0,0,0,0
305592557,0,0,1,0,0,1,1,0,0,0,0,0,0
306102070,0,0,1,0,0,1,1,0,0,0,0,0,0
306603543,0,0,1,0,0,1,1,0,0,0,0,0,0
307115430,0,0,1,0,0,1,1,0,0,0,0,0,0
307625688,0,0,1,0,0,1,1,0,0,0,0,0,0
308130197,0,0,1,0,0,1,1,0,0,0,0,0,0
308630625,0,0,1,0,0,1,1,0,0,0,0,0,0
309131503,0,0,1,0,0,1,1,0,0,0,0,0,0
309638596,0,0,1,0,0,1,1,0,0,0,0,0,0
310146394,0,0,1,0,0,1,1,0,0,0,0,0,0
310652382,0,0,1,0,0,1,1,0,0,0,0,0,0
311156476,0,0,1,0,0,1,1,0,0,0,0,0,0
311666477,0,0,1,0,0,1,1,0,0,0,0,0,0
312170817,0,0,1,0,0,1,1,0,0,0,0,0,0
312672610,0,0,1,0,0,1,1,0,0,0,0,0,0
313182646,0,0,1,0,0,1,1,0,0,0,0,0,0
313689478,0,0,1,0,0,1,1,0,0,0,0,0,0
314190615,0,0,1,0,0,1,1,0,0,0,0,0,0
314700631,0,0,1,0,0,1,1,0,0,0,0,0,0
315210687,0,0,1,0,0,1,1,0,0,0,0,0,0
315714619,0,0,1,0,0,1,1,0,0,0,0,0,0
316216504,0,0,1,0,0,1,1,0,0,0,0,0,0
316719306,0,0,1,0,0,1,1,0,0,0,0,0,0
317220588,0,0,1,0,0,1,1,0,0,0,0,0,0
317730612,0,0,1,0,0,1,1,0,0,0,0,0,0
318236112,0,0,1,0,0,1,1,0,0,0,0,0,0
318746473,0,0,1,0,0,1,1,0,0,0,0,0,0
319250708,0,0,1,0,0,1,1,0,0,0,0,0,0
320266643,0,0,1,0,0,1,1,0,0,0,0,0,0
320769597,0,0,1,0,0,1,1,0,0,0,0,0,0
321274478,0,0,1,0,0,1,1,0,0,0,0,0,0
321779964,0,0,1,0,0,1,1,0,0,0,0,0,0
322289519,0,0,1,0,0,1,1,0,0,0,0,0,0
322799571,0,0,1,0,0,1,1,0,0,0,0,0,0
323303296,0,0,1,0,0,1,1,0,0,0,0,0,0
323804476,0,0,1,0,0,1,1,0,0,0,0,0,0
324309568,0,0,1,0,0,1,1,0,0,0,0,0,0
324810620,0,0,1,0,0,1,1,0,0,0,0,0,0
325319748,0,0,1,0,0,1,1,0,0,0,0,0,0
325829477,0,0,1,0,0,1,1,0,0,0,0,0,0
326336552,0,0,1,0,0,1,1,0,0,0,0,0,0
326839526,0,0,1,0,0,1,1,0,0,0,0,0,0
327350739,0,0,1,0,0,1,1,0,0,0,0,0,0
327854954,0,0,1,0,0,1,1,0,0,0,0,0,0
328363472,0,0,1,0,0,1,1,0,0,0,0,0,0
328866494,0,0,1,0,0,1,1,0,0,0,0,0,0
329370144,0,0,1,0,0,1,1,0,0,0,0,0,0
329880994,0,0,1,0,0,1,1,0,0,0,0,0,0
330388535,0,0,1,0,0,1,1,0,0,0,0,0,0
330899168,0,0,1,0,0,1,1,0,0,0,0,0,0
331402545,0,0,1,0,0,1,1,0,0,0,0,0,0
331908655,0,0,1,0,0,1,1,0,0,0,0,0,0
332922759,0,0,1,0,0,1,1,0,0,0,0,0,0
333433592,0,0,1,0,0,1,1,0,0,0,0,0,0
333936475,0,0,1,0,0,1,1,0,0,0,0,0,0
334446480,0,0,1,0,0,1,1,0,0,0,0,0,0
334950792,0,0,1,0,0,1,1,0,0,0,0,0,0
335452473,0,0,1,0,0,1,1,0,0,0,0,0,0
335962609,0,0,1,0,0,1,1,0,0,0,0,0,0
336473475,0,0,1,0,0,1,1,0,0,0,0,0,0
336981958,0,0,1,0,0,1,1,0,0,0,0,0,0
337492665,0,0,1,0,0,1,1,0,0,0,0,0,0
338001487,0,0,1,0,0,1,1,0,0,0,0,0,0
338507474,0,0,1,0,0,1,1,0,0,0,0,0,0
339009363,0,0,1,0,0,1,1,0,0,0,0,0,0
339515883,0,0,1,0,0,1,1,0,0,0,0,0,0
340017485,0,0,1,0,0,1,1,0,0,0,0,0,0
340528474,0,0,1,0,0,1,1,0,0,0,0,0,0
341031556,0,0,1,0,0,1,1,0,0,0,0,0,0
341537476,0,0,1,0,0,1,1,0,0,0,0,0,0
342037543,0,0,1,0,0,1,1,0,0,0,0,0,0
342543844,0,0,1,0,0,1,1,0,0,0,0,0,0
343048505,0,0,1,0,0,1,1,0,0,0,0,0,0
343549547,0,0,1,0,0,1,1,0,0,0,0,0,0
344050730,0,0,1,0,0,1,1,0,0,0,0,0,0
344559562,0,0,1,0,0,1,1,0,0,0,0,0,0
345071126,0,0,1,0,0,1,1,0,0,0,0,0,0
345580629,0,0,1,0,0,1,1,0,0,0,0,0,0
346089859,0,0,1,0,0,1,1,0,0,0,0,0,0
346594787,0,0,1,0,0,1,1,0,0,0,0,0,0
347102477,0,0,1,0,0,1,1,0,0,0,0,0,0
347605455,0,0,1,0,0,1,1,0,0,0,0,0,0
348112161,0,0,1,0,0,1,1,0,0,0,0,0,0
348612515,0,0,1,0,0,1,1,0,0,0,0,0,0
349112526,0,0,1,0,0,1,1,0,0,0,0,0,0
349622098,0,0,1,0,0,1,1,0,0,0,0,0,0
350128489,0,0,1,0,0,1,1,0,0,0,0,0,0
350631485,0,0,1,0,0,1,1,0,0,0,0,0,0
351136670,0,0,1,0,0,1,1,0,0,0,0,0,0
351644519,0,0,1,0,0,1,1,0,0,0,0,0,0
352155192,0,0,1,0,0,1,1,0,0,0,0,0,0
352444862,1,0,1,0,0,1,1,0,0,0,0,0,0
352949165,1,0,1,0,0,1,1,0,0,0,0,0,0
353456519,1,0,1,0,0,1,1,0,0,0,0,0,0
353956528,1,0,1,0,0,1,1,0,0,0,0,0,0
354460263,1,0,1,0,0,1,1,0,0,0,0,0,0
354963478,1,0,1,0,0,1,1,0,0,0,0,0,0
355468478,1,0,1,0,0,1,1,0,0,0,0,0,0
355978507,1,0,1,0,0,1,1,0,0,0,0,0,0
356488220,1,0,1,0,0,1,1,0,0,0,0,0,0
356996485,1,0,1,0,0,1,1,0,0,0,0,0,0
357504507,1,0,1,0,0,1,1,0,0,0,0,0,0
358009610,1,0,1,0,0,1,1,0,0,0,0,0,0
358521277,1,0,1,0,0,1,1,0,0,0,0,0,0
358608879,1,0,1,0,0,1,1,0,1,1,1,1,0
359115388,1,0,1,0,0,1,1,0,1,1,1,1,0
359623505,1,0,1,0,0,1,1,0,1,1,1,1,0
360124480,1,0,1,0,0,1,1,0,1,1,1,1,0
360626876,1,0,1,0,0,1,1,0,1,1,1,1,0
361128482,1,0,1,0,0,1,1,0,1,1,1,1,0
361629512,1,0,1,0,0,1,1,0,1,1,1,1,0
362132479,1,0,1,0,0,1,1,0,1,1,1,1,0
362640845,1,0,1,0,0,1,1,0,1,1,1,1,0
363141136,1,0,1,0,0,1,1,0,1,1,1,1,0
363651993,1,0,1,0,0,1,1,0,1,1,1,1,0
364162060,1,0,1,0,0,1,1,0,1,1,1,1,0
364674522,1,0,1,0,0,1,1,0,1,1,1,1,0
365185727,1,0,1,0,0,1,1,0,1,1,1,1,0
365694479,1,0,1,0,0,1,1,0,1,1,1,1,0
366202478,1,0,1,0,0,1,1,0,1,1,1,1,0
366702559,1,0,1,0,0,1,1,0,1,1,1,1,0
367206641,1,0,1,0,0,1,1,0,1,1,1,1,0
367716525,1,0,1,0,0,1,1,0,1,1,1,1,0
368223537,1,0,1,0,0,1,1,0,1,1,1,1,0
368731689,1,0,1,0,0,1,1,0,1,1,1,1,0
369239478,1,0,1,0,0,1,1,0,1,1,1,1,0
369319581,1,0,1,0,0,1,1,0,0,0,1,1,0
369821476,1,0,1,0,0,1,1,0,0,0,1,1,0
370328806,1,0,1,0,0,1,1,0,0,0,1,1,0
370837572,1,0,1,0,0,1,1,0,0,0,1,1,0
371354393,1,0,1,0,0,1,1,0,0,0,1,1,0
371858544,1,0,1,0,0,1,1,0,0,0,1,1,0
372366774,1,0,1,0,0,1,1,0,0,0,1,1,0
372882687,1,0,1,0,0,1,1,0,0,0,1,1,0
373395102,1,0,1,0,0,1,1,0,0,0,1,1,0
373564574,1,0,0,1,0,1,1,0,1,1,1,1,0
374077675,1,0,0,1,0,1,1,0,1,1,1,1,0
374581404,1,0,0,1,0,1,1,0,1,1,1,1,0
375090598,1,0,0,1,0,1,1,0,1,1,1,1,0
375593545,1,0,0,1,0,1,1,0,1,1,1,1,0
376103515,1,0,0,1,0,1,1,0,1,1,1,1,0
376616030,1,0,0,1,0,1,1,0,1,1,1,1,0
377126509,1,0,0,1,0,1,1,0,1,1,1,1,0
377627552,1,0,0,1,0,1,1,0,1,1,1,1,0
378131511,1,0,0,1,0,1,1,0,1,1,1,1,0
378634499,1,0,0,1,0,1,1,0,1,1,1,1,0
379138873,1,0,0,1,0,1,1,0,1,1,1,1,0
379640767,1,0,0,1,0,1,1,0,1,1,1,1,0
380152859,1,0,0,1,0,1,1,0,1,1,1,1,0
380659071,1,0,0,1,0,1,1,0,1,1,1,1,0
381172440,1,0,0,1,0,1,1,0,1,1,1,1,0
382177476,1,0,0,1,0,1,1,0,1,1,1,1,0
382689118,1,0,0,1,0,1,1,0,1,1,1,1,0
383198502,1,0,0,1,0,1,1,0,1,1,1,1,0
383709194,1,0,0,1,0,1,1,0,1,1,1,1,0
384219757,1,0,0,1,0,1,1,0,1,1,1,1,0
384725250,1,0,0,1,0,1,1,0,1,1,1,1,0
385230619,1,0,0,1,0,1,1,0,1,1,1,1,0
385736477,1,0,0,1,0,1,1,0,1,1,1,1,0
386238513,1,0,0,1,0,1,1,0,1,1,1,1,0
386741003,1,0,0,1,0,1,1,0,1,1,1,1,0
387250640,1,0,0,1,0,1,1,0,1,1,1,1,0
387756541,1,0,0,1,0,1,1,0,1,1,1,1,0
387995143,1,0,1,0,0,1,1,0,0,0,1,1,0
388502603,1,0,1,0,0,1,1,0,0,0,1,1,0
389012518,1,0,1,0,0,1,1,0,0,0,1,1,0
389515693,1,0,1,0,0,1,1,0,0,0,1,1,0
390018550,1,0,1,0,0,1,1,0,0,0,1,1,0
390525509,1,0,1,0,0,1,1,0,0,0,1,1,0
391025609,1,0,1,0,0,1,1,0,0,0,1,1,0
391530664,1,0,1,0,0,1,1,0,0,0,1,1,0
392034578,1,0,1,0,0,1,1,0,0,0,1,1,0
392537511,1,0,1,0,0,1,1,0,0,0,1,1,0
393040728,1,0,1,0,0,1,1,0,0,0,1,1,0
393547990,1,0,1,0,0,1,1,0,0,0,1,1,0
394050597,1,0,1,0,0,1,1,0,0,0,1,1,0
394565454,1,0,1,0,0,1,1,0,0,0,1,1,0
395075732,1,0,1,0,0,1,1,0,0,0,1,1,0
395577506,1,0,1,0,0,1,1,0,0,0,1,1,0
395966591,1,0,0,1,0,1,1,0,1,1,1,1,0
396476733,1,0,0,1,0,1,1,0,1,1,1,1,0
396986497,1,0,0,1,0,1,1,0,1,1,1,1,0
397499070,1,0,0,1,0,1,1,0,1,1,1,1,0
397999821,1,0,0,1,0,1,1,0,1,1,1,1,0
398514543,1,0,0,1,0,1,1,0,1,1,1,1,0
399023565,1,0,0,1,0,1,1,0,1,1,1,1,0
399524493,1,0,0,1,0,1,1,0,1,1,1,1,0
400027421,1,0,0,1,0,1,1,0,1,1,1,1,0
400529946,1,0,0,1,0,1,1,0,1,1,1,1,0
401039485,1,0,0,1,0,1,1,0,1,1,1,1,0
401548988,1,0,0,1,0,1,1,0,1,1,1,1,0
402049480,1,0,0,1,0,1,1,0,1,1,1,1,0
402559198,1,0,0,1,0,1,1,0,1,1,1,1,0
403062160,1,0,0,1,0,1,1,0,1,1,1,1,0
403571342,1,0,0,1,0,1,1,0,1,1,1,1,0
404079660,1,0,0,1,0,1,1,0,1,1,1,1,0
404588650,1,0,0,1,0,1,1,0,1,1,1,1,0
405093519,1,0,0,1,0,1,1,0,1,1,1,1,0
405601770,1,0,0,1,0,1,1,0,1,1,1,1,0
406105577,1,0,0,1,0,1,1,0,1,1,1,1,0
407108781,1,0,0,1,0,1,1,0,1,1,1,1,0
407615501,1,0,0,1,0,1,1,0,1,1,1,1,0
408116519,1,0,0,1,0,1,1,0,1,1,1,1,0
408627073,1,0,0,1,0,1,1,0,1,1,1,1,0
409131561,1,0,0,1,0,1,1,0,1,1,1,1,0
409633515,1,0,0,1,0,1,1,0,1,1,1,1,0
410141007,1,0,0,1,0,1,1,0,1,1,1,1,0
410651174,1,0,0,1,0,1,1,0,1,1,1,1,0
411151476,1,0,0,1,0,1,1,0,1,1,1,1,0
411654475,1,0,0,1,0,1,1,0,1,1,1,1,0
412161534,1,0,0,1,0,1,1,0,1,1,1,1,0
412671370,1,0,0,1,0,1,1,0,1,1,1,1,0
413172581,1,0,0,1,0,1,1,0,1,1,1,1,0
413675531,1,0,0,1,0,1,1,0,1,1,1,1,0
414182604,1,0,0,1,0,1,1,0,1,1,1,1,0
414692232,1,0,0,1,0,1,1,0,1,1,1,1,0
415194963,1,0,0,1,0,1,1,0,1,1,1,1,0
415703474,1,0,0,1,0,1,1,0,1,1,1,1,0
416213826,1,0,0,1,0,1,1,0,1,1,1,1,0
416718478,1,0,0,1,0,1,1,0,1,1,1,1,0
417221933,1,0,0,1,0,1,1,0,1,1,1,1,0
417723511,1,0,0,1,0,1,1,0,1,1,1,1,0
417803587,1,0,1,0,0,1,1,0,0,0,1,1,0
418312062,1,0,1,0,0,1,1,0,0,0,1,1,0
418822698,1,0,1,0,0,1,1,0,0,0,1,1,0
419329129,1,0,1,0,0,1,1,0,0,0,1,1,0
419837487,1,0,1,0,0,1,1,0,0,0,1,1,0
420346828,1,0,1,0,0,1,1,0,0,0,1,1,0
420860274,1,0,1,0,0,1,1,0,0,0,1,1,0
421363502,1,0,1,0,0,1,1,0,0,0,1,1,0
421867763,1,0,1,0,0,1,1,0,0,0,1,1,0
422376100,1,0,1,0,0,1,1,0,0,0,1,1,0
422888542,1,0,1,0,0,1,1,0,0,0,1,1,0
423401388,1,0,1,0,0,1,1,0,0,0,1,1,0
423906509,1,0,1,0,0,1,1,0,0,0,1,1,0
424408545,1,0,1,0,0,1,1,0,0,0,1,1,0
424920187,1,0,1,0,0,1,1,0,0,0,1,1,0
425146601,1,0,0,1,0,1,1,0,1,1,1,1,0
425661144,1,0,0,1,0,1,1,0,1,1,1,1,0
426165684,1,0,0,1,0,1,1,0,1,1,1,1,0
426673663,1,0,0,1,0,1,1,0,1,1,1,1,0
427173673,1,0,0,1,0,1,1,0,1,1,1,1,0
427688365,1,0,0,1,0,1,1,0,1,1,1,1,0
428194425,1,0,0,1,0,1,1,0,1,1,1,1,0
428699624,1,0,0,1,0,1,1,0,1,1,1,1,0
429208517,1,0,0,1,0,1,1,0,1,1,1,1,0
429714513,1,0,0,1,0,1,1,0,1,1,1,1,0
430217458,1,0,0,1,0,1,1,0,1,1,1,1,0
430727573,1,0,0,1,0,1,1,0,1,1,1,1,0
431243627,1,0,0,1,0,1,1,0,1,1,1,1,0
431746509,1,0,0,1,0,1,1,0,1,1,1,1,0
432758641,1,0,0,1,0,1,1,0,1,1,1,1,0
433266686,1,0,0,1,0,1,1,0,1,1,1,1,0
433770775,1,0,0,1,0,1,1,0,1,1,1,1,0
434275475,1,0,0,1,0,1,1,0,1,1,1,1,0
434785526,1,0,0,1,0,1,1,0,1,1,1,1,0
435299375,1,0,0,1,0,1,1,0,1,1,1,1,0
435807053,1,0,0,1,0,1,1,0,1,1,1,1,0
436311753,1,0,0,1,0,1,1,0,1,1,1,1,0
436813544,1,0,0,1,0,1,1,0,1,1,1,1,0
437324591,1,0,0,1,0,1,1,0,1,1,1,1,0
437829042,1,0,0,1,0,1,1,0,1,1,1,1,0
438331714,1,0,0,1,0,1,1,0,1,1,1,1,0
438839689,1,0,0,1,0,1,1,0,1,1,1,1,0
439352539,1,0,0,1,0,1,1,0,1,1,1,1,0
439853806,1,0,0,1,0,1,1,0,1,1,1,1,0
440357513,1,0,0,1,0,1,1,0,1,1,1,1,0
440867667,1,0,0,1,0,1,1,0,1,1,1,1,0
441375800,1,0,0,1,0,1,1,0,1,1,1,1,0
441876579,1,0,0,1,0,1,1,0,1,1,1,1,0
442381474,1,0,0,1,0,1,1,0,1,1,1,1,0
442890629,1,0,0,1,0,1,1,0,1,1,1,1,0
443400590,1,0,0,1,0,1,1,0,1,1,1,1,0
443900701,1,0,0,1,0,1,1,0,1,1,1,1,0
444400875,1,0,0,1,0,1,1,0,1,1,1,1,0
444910829,1,0,0,1,0,1,1,0,1,1,1,1,0
445421719,1,0,0,1,0,1,1,0,1,1,1,1,0
445872673,1,0,0,1,0,1,1,0,1,1,1,1,0
446382914,1,0,0,1,0,1,1,0,1,1,1,1,0
446895011,1,0,0,1,0,1,1,0,1,1,1,1,0
447399791,1,0,0,1,0,1,1,0,1,1,1,1,0
447907546,1,0,0,1,0,1,1,0,1,1,1,1,0
448187828,1,0,1,0,0,1,1,0,1,1,1,1,0
448688496,1,0,1,0,0,1,1,0,1,1,1,1,0
449196475,1,0,1,0,0,1,1,0,1,1,1,1,0
449558563,1,0,0,1,0,1,1,0,1,1,1,1,0
449569579,1,0,0,1,0,1,1,0,1,1,1,1,0
449906267,0,0,0,1,0,1,1,0,1,1,1,1,0
450409954,0,0,0,1,0,1,1,0,1,1,1,1,0
450917475,0,0,0,1,0,1,1,0,1,1,1,1,0
451419571,0,0,0,1,0,1,1,0,1,1,1,1,0
451859669,0,0,0,1,0,1,1,0,1,1,1,1,0
452362589,0,0,0,1,0,1,1,0,1,1,1,1,0
452863480,0,0,0,1,0,1,1,0,1,1,1,1,0
453367474,0,0,0,1,0,1,1,0,1,1,1,1,0
453877401,0,0,0,1,0,1,1,0,1,1,1,1,0
454378477,0,0,0,1,0,1,1,0,1,1,1,1,0
454886476,0,0,0,1,0,1,1,0,1,1,1,1,0
455388985,0,0,0,1,0,1,1,0,1,1,1,1,0
455890630,0,0,0,1,0,1,1,0,1,1,1,1,0
456394513,0,0,0,1,0,1,1,0,1,1,1,1,0
457402548,0,0,0,1,0,1,1,0,1,1,1,1,0
457906054,0,0,0,1,0,1,1,0,1,1,1,1,0
458408478,0,0,0,1,0,1,1,0,1,1,1,1,0
458914923,0,0,0,1,0,1,1,0,1,1,1,1,0
459425480,0,0,0,1,0,1,1,0,1,1,1,1,0
459934475,0,0,0,1,0,1,1,0,1,1,1,1,0
460435553,0,0,0,1,0,1,1,0,1,1,1,1,0
460944500,0,0,0,1,0,1,1,0,1,1,1,1,0
461445788,0,0,0,1,0,1,1,0,1,1,1,1,0
461953879,0,0,0,1,0,1,1,0,1,1,1,1,0
462462398,0,0,0,1,0,1,1,0,1,1,1,1,0
462966480,0,0,0,1,0,1,1,0,1,1,1,1,0
463469389,0,0,0,1,0,1,1,0,1,1,1,1,0
463969473,0,0,0,1,0,1,1,0,1,1,1,1,0
464469516,0,0,0,1,0,1,1,0,1,1,1,1,0
464978996,0,0,0,1,0,1,1,0,1,1,1,1,0
465484316,0,0,0,1,0,1,1,0,1,1,1,1,0
465994486,0,0,0,1,0,1,1,0,1,1,1,1,0
466503481,0,0,0,1,0,1,1,0,1,1,1,1,0
467005541,0,0,0,1,0,1,1,0,1,1,1,1,0
467507744,0,0,0,1,0,1,1,0,1,1,1,1,0
468015474,0,0,0,1,0,1,1,0,1,1,1,1,0
468516508,0,0,0,1,0,1,1,0,1,1,1,1,0
469022476,0,0,0,1,0,1,1,0,1,1,1,1,0
469525474,0,0,0,1,0,1,1,0,1,1,1,1,0
470027540,0,0,0,1,0,1,1,0,1,1,1,1,0
470531520,0,0,0,1,0,1,1,0,1,1,1,1,0
471034870,0,0,0,1,0,1,1,0,1,1,1,1,0
471537527,0,0,0,1,0,1,1,0,1,1,1,1,0
472045476,0,0,0,1,0,1,1,0,1,1,1,1,0
472548507,0,0,0,1,0,1,1,0,1,1,1,1,0
473053476,0,0,0,1,0,1,1,0,1,1,1,1,0
473556906,0,0,0,1,0,1,1,0,1,1,1,1,0
474058288,0,0,0,1,0,1,1,0,1,1,1,1,0
474563480,0,0,0,1,0,1,1,0,1,1,1,1,0
475069605,0,0,0,1,0,1,1,0,1,1,1,1,0
475576567,0,0,0,1,0,1,1,0,1,1,1,1,0
476076681,0,0,0,1,0,1,1,0,1,1,1,1,0
476585907,0,0,0,1,0,1,1,0,1,1,1,1,0
477086807,0,0,0,1,0,1,1,0,1,1,1,1,0
477590589,0,0,0,1,0,1,1,0,1,1,1,1,0
478092384,0,0,0,1,0,1,1,0,1,1,1,1,0
478601676,0,0,0,1,0,1,1,0,1,1,1,1,0
479109626,0,0,0,1,0,1,1,0,1,1,1,1,0
479617769,0,0,0,1,0,1,1,0,1,1,1,1,0
480121472,0,0,0,1,0,1,1,0,1,1,1,1,0
480625475,0,0,0,1,0,1,1,0,1,1,1,1,0
481132536,0,0,0,1,0,1,1,0,1,1,1,1,0
482152508,0,0,0,1,0,1,1,0,1,1,1,1,0
482655644,0,0,0,1,0,1,1,0,1,1,1,1,0
483166508,0,0,0,1,0,1,1,0,1,1,1,1,0
483677491,0,0,0,1,0,1,1,0,1,1,1,1,0
484184571,0,0,0,1,0,1,1,0,1,1,1,1,0
484687599,0,0,0,1,0,1,1,0,1,1,1,1,0
485189544,0,0,0,1,0,1,1,0,1,1,1,1,0
485690078,0,0,0,1,0,1,1,0,1,1,1,1,0
486199539,0,0,0,1,0,1,1,0,1,1,1,1,0
486707494,0,0,0,1,0,1,1,0,1,1,1,1,0
487209685,0,0,0,1,0,1,1,0,1,1,1,1,0
487713517,0,0,0,1,0,1,1,0,1,1,1,1,0
488222643,0,0,0,1,0,1,1,0,1,1,1,1,0
488725473,0,0,0,1,0,1,1,0,1,1,1,1,0
489234477,0,0,0,1,0,1,1,0,1,1,1,1,0
489745524,0,0,0,1,0,1,1,0,1,1,1,1,0
490247509,0,0,0,1,0,1,1,0,1,1,1,1,0
490751089,0,0,0,1,0,1,1,0,1,1,1,1,0
491260632,0,0,0,1,0,1,1,0,1,1,1,1,0
491760645,0,0,0,1,0,1,1,0,1,1,1,1,0
492261478,0,0,0,1,0,1,1,0,1,1,1,1,0
492766517,0,0,0,1,0,1,1,0,1,1,1,1,0
493267497,0,0,0,1,0,1,1,0,1,1,1,1,0
493777477,0,0,0,1,0,1,1,0,1,1,1,1,0
494277537,0,0,0,1,0,1,1,0,1,1,1,1,0
494784782,0,0,0,1,0,1,1,0,1,1,1,1,0
495285477,0,0,0,1,0,1,1,0,1,1,1,1,0
495787477,0,0,0,1,0,1,1,0,1,1,1,1,0
496287704,0,0,0,1,0,1,1,0,1,1,1,1,0
496794511,0,0,0,1,0,1,1,0,1,1,1,1,0
497304577,0,0,0,1,0,1,1,0,1,1,1,1,0
497807517,0,0,0,1,0,1,1,0,1,1,1,1,0
498309704,0,0,0,1,0,1,1,0,1,1,1,1,0
498818914,0,0,0,1,0,1,1,0,1,1,1,1,0
499320661,0,0,0,1,0,1,1,0,1,1,1,1,0
499831521,0,0,0,1,0,1,1,0,1,1,1,1,0
500339521,0,0,0,1,0,1,1,0,1,1,1,1,0
500843479,0,0,0,1,0,1,1,0,1,1,1,1,0
501346606,0,0,0,1,0,1,1,0,1,1,1,1,0
501847967,0,0,0,1,0,1,1,0,1,1,1,1,0
502353480,0,0,0,1,0,1,1,0,1,1,1,1,0
502857936,0,0,0,1,0,1,1,0,1,1,1,1,0
503361659,0,0,0,1,0,1,1,0,1,1,1,1,0
503863672,0,0,0,1,0,1,1,0,1,1,1,1,0
504364493,0,0,0,1,0,1,1,0,1,1,1,1,0
504874022,0,0,0,1,0,1,1,0,1,1,1,1,0
505375919,0,0,0,1,0,1,1,0,1,1,1,1,0
506382675,0,0,0,1,0,1,1,0,1,1,1,1,0
506890139,0,0,0,1,0,1,1,0,1,1,1,1,0
507400612,0,0,0,1,0,1,1,0,1,1,1,1,0
507905619,0,0,0,1,0,1,1,0,1,1,1,1,0
508417136,0,0,0,1,0,1,1,0,1,1,1,1,0
508922496,0,0,0,1,0,1,1,0,1,1,1,1,0
509432162,0,0,0,1,0,1,1,0,1,1,1,1,0
509938473,0,0,0,1,0,1,1,0,1,1,1,1,0
510447475,0,0,0,1,0,1,1,0,1,1,1,1,0
510948606,0,0,0,1,0,1,1,0,1,1,1,1,0
511450716,0,0,0,1,0,1,1,0,1,1,1,1,0
511960739,0,0,0,1,0,1,1,0,1,1,1,1,0
512467477,0,0,0,1,0,1,1,0,1,1,1,1,0
512976607,0,0,0,1,0,1,1,0,1,1,1,1,0
513487476,0,0,0,1,0,1,1,0,1,1,1,1,0
513997950,0,0,0,1,0,1,1,0,1,1,1,1,0
514505547,0,0,0,1,0,1,1,0,1,1,1,1,0
515012316,0,0,0,1,0,1,1,0,1,1,1,1,0
515522117,0,0,0,1,0,1,1,0,1,1,1,1,0
516024012,0,0,0,1,0,1,1,0,1,1,1,1,0
516534604,0,0,0,1,0,1,1,0,1,1,1,1,0
517035782,0,0,0,1,0,1,1,0,1,1,1,1,0
517535969,0,0,0,1,0,1,1,0,1,1,1,1,0
518043812,0,0,0,1,0,1,1,0,1,1,1,1,0
518544534,0,0,0,1,0,1,1,0,1,1,1,1,0
519055474,0,0,0,1,0,1,1,0,1,1,1,1,0
519564503,0,0,0,1,0,1,1,0,1,1,1,1,0
520077419,0,0,0,1,0,1,1,0,1,1,1,1,0
520585609,0,0,0,1,0,1,1,0,1,1,1,1,0
521089901,0,0,0,1,0,1,1,0,1,1,1,1,0
521590173,0,0,0,1,0,1,1,0,1,1,1,1,0
522095483,0,0,0,1,0,1,1,0,1,1,1,1,0
522600591,0,0,0,1,0,1,1,0,1,1,1,1,0
523112087,0,0,0,1,0,1,1,0,1,1,1,1,0
523613477,0,0,0,1,0,1,1,0,1,1,1,1,0
524124579,0,0,0,1,0,1,1,0,1,1,1,1,0
524625697,0,0,0,1,0,1,1,0,1,1,1,1,0
525128912,0,0,0,1,0,1,1,0,1,1,1,1,0
525631209,0,0,0,1,0,1,1,0,1,1,1,1,0
526136953,0,0,0,1,0,1,1,0,1,1,1,1,0
526646559,0,0,0,1,0,1,1,0,1,1,1,1,0
527147649,0,0,0,1,0,1,1,0,1,1,1,1,0
527654512,0,0,0,1,0,1,1,0,1,1,1,1,0
528159603,0,0,0,1,0,1,1,0,1,1,1,1,0
528664640,0,0,0,1,0,1,1,0,1,1,1,1,0
529172549,0,0,0,1,0,1,1,0,1,1,1,1,0
529680625,0,0,0,1,0,1,1,0,1,1,1,1,0
530190687,0,0,0,1,0,1,1,0,1,1,1,1,0
530693090,0,0,0,1,0,1,1,0,1,1,1,1,0
531200871,0,0,0,1,0,1,1,0,1,1,1,1,0
531704580,0,0,0,1,0,1,1,0,1,1,1,1,0
532212476,0,0,0,1,0,1,1,0,1,1,1,1,0
532712585,0,0,0,1,0,1,1,0,1,1,1,1,0
533223474,0,0,0,1,0,1,1,0,1,1,1,1,0
533726541,0,0,0,1,0,1,1,0,1,1,1,1,0
534231708,0,0,0,1,0,1,1,0,1,1,1,1,0
534732586,0,0,0,1,0,1,1,0,1,1,1,1,0
535233614,0,0,0,1,0,1,1,0,1,1,1,1,0
535743478,0,0,0,1,0,1,1,0,1,1,1,1,0
536244403,0,0,0,1,0,1,1,0,1,1,1,1,0
536747517,0,0,0,1,0,1,1,0,1,1,1,1,0
537247532,0,0,0,1,0,1,1,0,1,1,1,1,0
537753482,0,0,0,1,0,1,1,0,1,1,1,1,0
538255475,0,0,0,1,0,1,1,0,1,1,1,1,0
538759475,0,0,0,1,0,1,1,0,1,1,1,1,0
539263677,0,0,0,1,0,1,1,0,1,1,1,1,0
539766474,0,0,0,1,0,1,1,0,1,1,1,1,0
540272528,0,0,0,1,0,1,1,0,1,1,1,1,0
540774505,0,0,0,1,0,1,1,0,1,1,1,1,0
541277505,0,0,0,1,0,1,1,0,1,1,1,1,0
541787687,0,0,0,1,0,1,1,0,1,1,1,1,0
542293499,0,0,0,1,0,1,1,0,1,1,1,1,0
542802475,0,0,0,1,0,1,1,0,1,1,1,1,0
543303475,0,0,0,1,0,1,1,0,1,1,1,1,0
543806475,0,0,0,1,0,1,1,0,1,1,1,1,0
544311519,0,0,0,1,0,1,1,0,1,1,1,1,0
544820030,0,0,0,1,0,1,1,0,1,1,1,1,0
545326513,0,0,0,1,0,1,1,0,1,1,1,1,0
545826619,0,0,0,1,0,1,1,0,1,1,1,1,0
546329055,0,0,0,1,0,1,1,0,1,1,1,1,0
546837477,0,0,0,1,0,1,1,0,1,1,1,1,0
547345508,0,0,0,1,0,1,1,0,1,1,1,1,0
547854508,0,0,0,1,0,1,1,0,1,1,1,1,0
548356513,0,0,0,1,0,1,1,0,1,1,1,1,0
548857304,0,0,0,1,0,1,1,0,1,1,1,1,0
549363525,0,0,0,1,0,1,1,0,1,1,1,1,0
549874548,0,0,0,1,0,1,1,0,1,1,1,1,0
550379477,0,0,0,1,0,1,1,0,1,1,1,1,0
550885547,0,0,0,1,0,1,1,0,1,1,1,1,0
551391767,0,0,0,1,0,1,1,0,1,1,1,1,0
551896184,0,0,0,1,0,1,1,0,1,1,1,1,0
552398514,0,0,0,1,0,1,1,0,1,1,1,1,0
552902507,0,0,0,1,0,1,1,0,1,1,1,1,0
553410644,0,0,0,1,0,1,1,0,1,1,1,1,0
553910688,0,0,0,1,0,1,1,0,1,1,1,1,0
554412475,0,0,0,1,0,1,1,0,1,1,1,1,0
555419055,0,0,0,1,0,1,1,0,1,1,1,1,0
555921664,0,0,0,1,0,1,1,0,1,1,1,1,0
556430841,0,0,0,1,0,1,1,0,1,1,1,1,0
556933473,0,0,0,1,0,1,1,0,1,1,1,1,0
557434163,0,0,0,1,0,1,1,0,1,1,1,1,0
557940620,0,0,0,1,0,1,1,0,1,1,1,1,0
558442960,0,0,0,1,0,1,1,0,1,1,1,1,0
558527334,0,0,0,1,0,1,1,0,1,1,1,1,0
559037644,0,0,0,1,0,1,1,0,1,1,1,1,0
559546663,0,0,0,1,0,1,1,0,1,1,1,1,0
560048915,0,0,0,1,0,1,1,0,1,1,1,1,0
560554517,0,0,0,1,0,1,1,0,1,1,1,1,0
561055504,0,0,0,1,0,1,1,0,1,1,1,1,0
561568053,0,0,0,1,0,1,1,0,1,1,1,1,0
562080369,0,0,0,1,0,1,1,0,1,1,1,1,0
562582227,0,0,0,1,0,1,1,0,1,1,1,1,0
563082542,0,0,0,1,0,1,1,0,1,1,1,1,0
563585555,0,0,0,1,0,1,1,0,1,1,1,1,0
564091605,0,0,0,1,0,1,1,0,1,1,1,1,0
564592490,0,0,0,1,0,1,1,0,1,1,1,1,0
565093512,0,0,0,1,0,1,1,0,1,1,1,1,0
565593911,0,0,0,1,0,1,1,0,1,1,1,1,0
566096517,0,0,0,1,0,1,1,0,1,1,1,1,0
566604971,0,0,0,1,0,1,1,0,1,1,1,1,0
567115705,0,0,0,1,0,1,1,0,1,1,1,1,0
567625539,0,0,0,1,0,1,1,0,1,1,1,1,0
568131475,0,0,0,1,0,1,1,0,1,1,1,1,0
568636075,0,0,0,1,0,1,1,0,1,1,1,1,0
569138578,0,0,0,1,0,1,1,0,1,1,1,1,0
569649541,0,0,0,1,0,1,1,0,1,1,1,1,0
570160814,0,0,0,1,0,1,1,0,1,1,1,1,0
570661249,0,0,0,1,0,1,1,0,1,1,1,1,0
571171122,0,0,0,1,0,1,1,0,1,1,1,1,0
571680712,0,0,0,1,0,1,1,0,1,1,1,1,0
572191691,0,0,0,1,0,1,1,0,1,1,1,1,0
572694489,0,0,0,1,0,1,1,0,1,1,1,1,0
573196697,0,0,0,1,0,1,1,0,1,1,1,1,0
573708525,0,0,0,1,0,1,1,0,1,1,1,1,0
574209487,0,0,0,1,0,1,1,0,1,1,1,1,0
574709604,0,0,0,1,0,1,1,0,1,1,1,1,0
575222049,0,0,0,1,0,1,1,0,1,1,1,1,0
575730622,0,0,0,1,0,1,1,0,1,1,1,1,0
576239482,0,0,0,1,0,1,1,0,1,1,1,1,0
576740687,0,0,0,1,0,1,1,0,1,1,1,1,0
577240875,0,0,0,1,0,1,1,0,1,1,1,1,0
577741475,0,0,0,1,0,1,1,0,1,1,1,1,0
578249476,0,0,0,1,0,1,1,0,1,1,1,1,0
578749483,0,0,0,1,0,1,1,0,1,1,1,1,0
579260847,0,0,0,1,0,1,1,0,1,1,1,1,0
580269613,0,0,0,1,0,1,1,0,1,1,1,1,0
580770812,0,0,0,1,0,1,1,0,1,1,1,1,0
581281472,0,0,0,1,0,1,1,0,1,1,1,1,0
581784068,0,0,0,1,0,1,1,0,1,1,1,1,0
582285837,0,0,0,1,0,1,1,0,1,1,1,1,0
582787998,0,0,0,1,0,1,1,0,1,1,1,1,0
583296597,0,0,0,1,0,1,1,0,1,1,1,1,0
583798343,0,0,0,1,0,1,1,0,1,1,1,1,0
584306093,0,0,0,1,0,1,1,0,1,1,1,1,0
584814475,0,0,0,1,0,1,1,0,1,1,1,1,0
585314547,0,0,0,1,0,1,1,0,1,1,1,1,0
585822613,0,0,0,1,0,1,1,0,1,1,1,1,0
586323034,0,0,0,1,0,1,1,0,1,1,1,1,0
586832487,0,0,0,1,0,1,1,0,1,1,1,1,0
587342709,0,0,0,1,0,1,1,0,1,1,1,1,0
587847472,0,0,0,1,0,1,1,0,1,1,1,1,0
588349505,0,0,0,1,0,1,1,0,1,1,1,1,0
588853473,0,0,0,1,0,1,1,0,1,1,1,1,0
589363540,0,0,0,1,0,1,1,0,1,1,1,1,0
589873474,0,0,0,1,0,1,1,0,1,1,1,1,0
590373601,0,0,0,1,0,1,1,0,1,1,1,1,0
590878226,0,0,0,1,0,1,1,0,1,1,1,1,0
591381477,0,0,0,1,0,1,1,0,1,1,1,1,0
591884493,0,0,0,1,0,1,1,0,1,1,1,1,0
592392951,0,0,0,1,0,1,1,0,1,1,1,1,0
592896609,0,0,0,1,0,1,1,0,1,1,1,1,0
593406473,0,0,0,1,0,1,1,0,1,1,1,1,0
593912499,0,0,0,1,0,1,1,0,1,1,1,1,0
594416487,0,0,0,1,0,1,1,0,1,1,1,1,0
594924532,0,0,0,1,0,1,1,0,1,1,1,1,0
595434500,0,0,0,1,0,1,1,0,1,1,1,1,0
595944476,0,0,0,1,0,1,1,0,1,1,1,1,0
596456051,0,0,0,1,0,1,1,0,1,1,1,1,0
596959976,0,0,0,1,0,1,1,0,1,1,1,1,0
597467997,0,0,0,1,0,1,1,0,1,1,1,1,0
597978672,0,0,0,1,0,1,1,0,1,1,1,1,0
598480591,0,0,0,1,0,1,1,0,1,1,1,1,0
598989478,0,0,0,1,0,1,1,0,1,1,1,1,0
599489775,0,0,0,1,0,1,1,0,1,1,1,1,0
599991055,0,0,0,1,0,1,1,0,1,1,1,1,0
600501512,0,0,0,1,0,1,1,0,1,1,1,1,0
601001533,0,0,0,1,0,1,1,0,1,1,1,1,0
601512475,0,0,0,1,0,1,1,0,1,1,1,1,0
602014476,0,0,0,1,0,1,1,0,1,1,1,1,0
602518033,0,0,0,1,0,1,1,0,1,1,1,1,0
603022969,0,0,0,1,0,1,1,0,1,1,1,1,0
603531475,0,0,0,1,0,1,1,0,1,1,1,1,0
604031519,0,0,0,1,0,1,1,0,1,1,1,1,0
605040719,0,0,0,1,0,1,1,0,1,1,1,1,0
605544683,0,0,0,1,0,1,1,0,1,1,1,1,0
606055297,0,0,0,1,0,1,1,0,1,1,1,1,0
606562515,0,0,0,1,0,1,1,0,1,1,1,1,0
607063510,0,0,0,1,0,1,1,0,1,1,1,1,0
607574483,0,0,0,1,0,1,1,0,1,1,1,1,0
608082997,0,0,0,1,0,1,1,0,1,1,1,1,0
608584477,0,0,0,1,0,1,1,0,1,1,1,1,0
609093198,0,0,0,1,0,1,1,0,1,1,1,1,0
609600802,0,0,0,1,0,1,1,0,1,1,1,1,0
610101509,0,0,0,1,0,1,1,0,1,1,1,1,0
610611476,0,0,0,1,0,1,1,0,1,1,1,1,0
611114549,0,0,0,1,0,1,1,0,1,1,1,1,0
611615526,0,0,0,1,0,1,1,0,1,1,1,1,0
612116535,0,0,0,1,0,1,1,0,1,1,1,1,0
612621425,0,0,0,1,0,1,1,0,1,1,1,1,0
613131506,0,0,0,1,0,1,1,0,1,1,1,1,0
613637476,0,0,0,1,0,1,1,0,1,1,1,1,0
614142552,0,0,0,1,0,1,1,0,1,1,1,1,0
614646474,0,0,0,1,0,1,1,0,1,1,1,1,0
615148474,0,0,0,1,0,1,1,0,1,1,1,1,0
615649476,0,0,0,1,0,1,1,0,1,1,1,1,0
616156041,0,0,0,1,0,1,1,0,1,1,1,1,0
616658731,0,0,0,1,0,1,1,0,1,1,1,1,0
617164716,0,0,0,1,0,1,1,0,1,1,1,1,0
617675024,0,0,0,1,0,1,1,0,1,1,1,1,0
618181581,0,0,0,1,0,1,1,0,1,1,1,1,0
618682141,0,0,0,1,0,1,1,0,1,1,1,1,0
619191549,0,0,0,1,0,1,1,0,1,1,1,1,0
619692542,0,0,0,1,0,1,1,0,1,1,1,1,0
620197729,0,0,0,1,0,1,1,0,1,1,1,1,0
620705888,0,0,0,1,0,1,1,0,1,1,1,1,0
621211791,0,0,0,1,0,1,1,0,1,1,1,1,0
621713513,0,0,0,1,0,1,1,0,1,1,1,1,0
622224474,0,0,0,1,0,1,1,0,1,1,1,1,0
622726517,0,0,0,1,0,1,1,0,1,1,1,1,0
623227474,0,0,0,1,0,1,1,0,1,1,1,1,0
623737563,0,0,0,1,0,1,1,0,1,1,1,1,0
624238476,0,0,0,1,0,1,1,0,1,1,1,1,0
624739473,0,0,0,1,0,1,1,0,1,1,1,1,0
625243542,0,0,0,1,0,1,1,0,1,1,1,1,0
625748140,0,0,0,1,0,1,1,0,1,1,1,1,0
626252476,0,0,0,1,0,1,1,0,1,1,1,1,0
626753067,0,0,0,1,0,1,1,0,1,1,1,1,0
627253498,0,0,0,1,0,1,1,0,1,1,1,1,0
627757475,0,0,0,1,0,1,1,0,1,1,1,1,0
628262480,0,0,0,1,0,1,1,0,1,1,1,1,0
629273526,0,0,0,1,0,1,1,0,1,1,1,1,0
629775508,0,0,0,1,0,1,1,0,1,1,1,1,0
630286509,0,0,0,1,0,1,1,0,1,1,1,1,0
630791494,0,0,0,1,0,1,1,0,1,1,1,1,0
631294029,0,0,0,1,0,1,1,0,1,1,1,1,0
631803488,0,0,0,1,0,1,1,0,1,1,1,1,0
632304652,0,0,0,1,0,1,1,0,1,1,1,1,0
632812474,0,0,0,1,0,1,1,0,1,1,1,1,0
633320871,0,0,0,1,0,1,1,0,1,1,1,1,0
633828472,0,0,0,1,0,1,1,0,1,1,1,1,0
634332518,0,0,0,1,0,1,1,0,1,1,1,1,0
634842736,0,0,0,1,0,1,1,0,1,1,1,1,0
635343499,0,0,0,1,0,1,1,0,1,1,1,1,0
635852974,0,0,0,1,0,1,1,0,1,1,1,1,0
636357484,0,0,0,1,0,1,1,0,1,1,1,1,0
636867145,0,0,0,1,0,1,1,0,1,1,1,1,0
637373276,0,0,0,1,0,1,1,0,1,1,1,1,0
637874230,0,0,0,1,0,1,1,0,1,1,1,1,0
638377796,0,0,0,1,0,1,1,0,1,1,1,1,0
638885547,0,0,0,1,0,1,1,0,1,1,1,1,0
639388654,0,0,0,1,0,1,1,0,1,1,1,1,0
639893001,0,0,0,1,0,1,1,0,1,1,1,1,0
640401502,0,0,0,1,0,1,1,0,1,1,1,1,0
640910662,0,0,0,1,0,1,1,0,1,1,1,1,0
641411512,0,0,0,1,0,1,1,0,1,1,1,1,0
641921243,0,0,0,1,0,1,1,0,1,1,1,1,0
642426495,0,0,0,1,0,1,1,0,1,1,1,1,0
642937829,0,0,0,1,0,1,1,0,1,1,1,1,0
643440617,0,0,0,1,0,1,1,0,1,1,1,1,0
643945534,0,0,0,1,0,1,1,0,1,1,1,1,0
644454487,0,0,0,1,0,1,1,0,1,1,1,1,0
644956474,0,0,0,1,0,1,1,0,1,1,1,1,0
645466481,0,0,0,1,0,1,1,0,1,1,1,1,0
645974617,0,0,0,1,0,1,1,0,1,1,1,1,0
646483393,0,0,0,1,0,1,1,0,1,1,1,1,0
646988721,0,0,0,1,0,1,1,0,1,1,1,1,0
647498520,0,0,0,1,0,1,1,0,1,1,1,1,0
648001201,0,0,0,1,0,1,1,0,1,1,1,1,0
648507509,0,0,0,1,0,1,1,0,1,1,1,1,0
649015758,0,0,0,1,0,1,1,0,1,1,1,1,0
649525851,0,0,0,1,0,1,1,0,1,1,1,1,0
650028477,0,0,0,1,0,1,1,0,1,1,1,1,0
650538602,0,0,0,1,0,1,1,0,1,1,1,1,0
651048477,0,0,0,1,0,1,1,0,1,1,1,1,0
651557507,0,0,0,1,0,1,1,0,1,1,1,1,0
652060588,0,0,0,1,0,1,1,0,1,1,1,1,0
652560619,0,0,0,1,0,1,1,0,1,1,1,1,0
653061932,0,0,0,1,0,1,1,0,1,1,1,1,0
653566048,0,0,0,1,0,1,1,0,1,1,1,1,0
654074702,0,0,0,1,0,1,1,0,1,1,1,1,0
654584527,0,0,0,1,0,1,1,0,1,1,1,1,0
655094511,0,0,0,1,0,1,1,0,1,1,1,1,0
655599476,0,0,0,1,0,1,1,0,1,1,1,1,0
656106686,0,0,0,1,0,1,1,0,1,1,1,1,0
656617510,0,0,0,1,0,1,1,0,1,1,1,1,0
657125159,0,0,0,1,0,1,1,0,1,1,1,1,0
657638231,0,0,0,1,0,1,1,0,1,1,1,1,0
658140640,0,0,0,1,0,1,1,0,1,1,1,1,0
658648477,0,0,0,1,0,1,1,0,1,1,1,1,0
659151754,0,0,0,1,0,1,1,0,1,1,1,1,0
659663810,0,0,0,1,0,1,1,0,1,1,1,1,0
660174591,0,0,0,1,0,1,1,0,1,1,1,1,0
660685479,0,0,0,1,0,1,1,0,1,1,1,1,0
661186577,0,0,0,1,0,1,1,0,1,1,1,1,0
661689132,0,0,0,1,0,1,1,0,1,1,1,1,0
662190933,0,0,0,1,0,1,1,0,1,1,1,1,0
662692510,0,0,0,1,0,1,1,0,1,1,1,1,0
663201499,0,0,0,1,0,1,1,0,1,1,1,1,0
663703478,0,0,0,1,0,1,1,0,1,1,1,1,0
664213506,0,0,0,1,0,1,1,0,1,1,1,1,0
664717594,0,0,0,1,0,1,1,0,1,1,1,1,0
665218488,0,0,0,1,0,1,1,0,1,1,1,1,0
665722475,0,0,0,1,0,1,1,0,1,1,1,1,0
666226515,0,0,0,1,0,1,1,0,1,1,1,1,0
666727473,0,0,0,1,0,1,1,0,1,1,1,1,0
667233475,0,0,0,1,0,1,1,0,1,1,1,1,0
667744476,0,0,0,1,0,1,1,0,1,1,1,1,0
668256178,0,0,0,1,0,1,1,0,1,1,1,1,0
668764475,0,0,0,1,0,1,1,0,1,1,1,1,0
669266526,0,0,0,1,0,1,1,0,1,1,1,1,0
669776476,0,0,0,1,0,1,1,0,1,1,1,1,0
670280259,0,0,0,1,0,1,1,0,1,1,1,1,0
670782974,0,0,0,1,0,1,1,0,1,1,1,1,0
671285477,0,0,0,1,0,1,1,0,1,1,1,1,0
671795059,0,0,0,1,0,1,1,0,1,1,1,1,0
672304609,0,0,0,1,0,1,1,0,1,1,1,1,0
672813991,0,0,0,1,0,1,1,0,1,1,1,1,0
673323535,0,0,0,1,0,1,1,0,1,1,1,1,0
673826518,0,0,0,1,0,1,1,0,1,1,1,1,0
674326599,0,0,0,1,0,1,1,0,1,1,1,1,0
674833497,0,0,0,1,0,1,1,0,1,1,1,1,0
675339192,0,0,0,1,0,1,1,0,1,1,1,1,0
675839503,0,0,0,1,0,1,1,0,1,1,1,1,0
676346498,0,0,0,1,0,1,1,0,1,1,1,1,0
676849516,0,0,0,1,0,1,1,0,1,1,1,1,0
677360024,0,0,0,1,0,1,1,0,1,1,1,1,0
678078514,0,0,0,1,0,1,1,0,1,1,1,1,0
678583577,0,0,0,1,0,1,1,0,1,1,1,1,0
678633587,0,0,0,1,0,1,1,0,1,1,1,1,0
679135476,0,0,0,1,0,1,1,0,1,1,1,1,0
679480979,0,0,0,1,0,1,1,0,1,1,1,1,0
679989304,0,0,0,1,0,1,1,0,1,1,1,1,0
680493515,0,0,0,1,0,1,1,0,1,1,1,1,0
680996628,0,0,0,1,0,1,1,0,1,1,1,1,0
681501729,0,0,0,1,0,1,1,0,1,1,1,1,0
682012625,0,0,0,1,0,1,1,0,1,1,1,1,0
682519369,0,0,0,1,0,1,1,0,1,1,1,1,0
683023498,0,0,0,1,0,1,1,0,1,1,1,1,0
683531654,0,0,0,1,0,1,1,0,1,1,1,1,0
684034973,0,0,0,1,0,1,1,0,1,1,1,1,0
684175796,0,0,0,1,0,1,1,0,1,1,1,1,0
684686061,0,0,0,1,0,1,1,0,1,1,1,1,0
685188653,0,0,0,1,0,1,1,0,1,1,1,1,0
685698506,0,0,0,1,0,1,1,0,1,1,1,1,0
686208474,0,0,0,1,0,1,1,0,1,1,1,1,0
686712477,0,0,0,1,0,1,1,0,1,1,1,1,0
687218474,0,0,0,1,0,1,1,0,1,1,1,1,0
687722476,0,0,0,1,0,1,1,0,1,1,1,1,0
688230626,0,0,0,1,0,1,1,0,1,1,1,1,0
688735498,0,0,0,1,0,1,1,0,1,1,1,1,0
689243495,0,0,0,1,0,1,1,0,1,1,1,1,0
689750649,0,0,0,1,0,1,1,0,1,1,1,1,0
690250855,0,0,0,1,0,1,1,0,1,1,1,1,0
690754473,0,0,0,1,0,1,1,0,1,1,1,1,0
691264525,0,0,0,1,0,1,1,0,1,1,1,1,0
691767171,0,0,0,1,0,1,1,0,1,1,1,1,0
692277475,0,0,0,1,0,1,1,0,1,1,1,1,0
692786487,0,0,0,1,0,1,1,0,1,1,1,1,0
693292579,0,0,0,1,0,1,1,0,1,1,1,1,0
693801484,0,0,0,1,0,1,1,0,1,1,1,1,0
694309962,0,0,0,1,0,1,1,0,1,1,1,1,0
694820932,0,0,0,1,0,1,1,0,1,1,1,1,0
695322542,0,0,0,1,0,1,1,0,1,1,1,1,0
695832477,0,0,0,1,0,1,1,0,1,1,1,1,0
696342488,0,0,0,1,0,1,1,0,1,1,1,1,0
696850587,0,0,0,1,0,1,1,0,1,1,1,1,0
697350714,0,0,0,1,0,1,1,0,1,1,1,1,0
697859886,0,0,0,1,0,1,1,0,1,1,1,1,0
698360651,0,0,0,1,0,1,1,0,1,1,1,1,0
698864479,0,0,0,1,0,1,1,0,1,1,1,1,0
699372543,0,0,0,1,0,1,1,0,1,1,1,1,0
699875728,0,0,0,1,0,1,1,0,1,1,1,1,0
700376511,0,0,0,1,0,1,1,0,1,1,1,1,0
700884036,0,0,0,1,0,1,1,0,1,1,1,1,0
701393476,0,0,0,1,0,1,1,0,1,1,1,1,0
701894476,0,0,0,1,0,1,1,0,1,1,1,1,0
702908643,0,0,0,1,0,1,1,0,1,1,1,1,0
703408691,0,0,0,1,0,1,1,0,1,1,1,1,0
703912628,0,0,0,1,0,1,1,0,1,1,1,1,0
704417473,0,0,0,1,0,1,1,0,1,1,1,1,0
704919986,0,0,0,1,0,1,1,0,1,1,1,1,0
705425053,0,0,0,1,0,1,1,0,1,1,1,1,0
705933499,0,0,0,1,0,1,1,0,1,1,1,1,0
706435472,0,0,0,1,0,1,1,0,1,1,1,1,0
706943475,0,0,0,1,0,1,1,0,1,1,1,1,0
707453474,0,0,0,1,0,1,1,0,1,1,1,1,0
707958911,0,0,0,1,0,1,1,0,1,1,1,1,0
708462501,0,0,0,1,0,1,1,0,1,1,1,1,0
708972805,0,0,0,1,0,1,1,0,1,1,1,1,0
709474947,0,0,0,1,0,1,1,0,1,1,1,1,0
709979331,0,0,0,1,0,1,1,0,1,1,1,1,0
710486595,0,0,0,1,0,1,1,0,1,1,1,1,0
711000153,0,0,0,1,0,1,1,0,1,1,1,1,0
711502482,0,0,0,1,0,1,1,0,1,1,1,1,0
712002798,0,0,0,1,0,1,1,0,1,1,1,1,0
712510936,0,0,0,1,0,1,1,0,1,1,1,1,0
713022730,0,0,0,1,0,1,1,0,1,1,1,1,0
713523096,0,0,0,1,0,1,1,0,1,1,1,1,0
714026043,0,0,0,1,0,1,1,0,1,1,1,1,0
714535473,0,0,0,1,0,1,1,0,1,1,1,1,0
715043008,0,0,0,1,0,1,1,0,1,1,1,1,0
715549481,0,0,0,1,0,1,1,0,1,1,1,1,0
716059807,0,0,0,1,0,1,1,0,1,1,1,1,0
716562587,0,0,0,1,0,1,1,0,1,1,1,1,0
717071477,0,0,0,1,0,1,1,0,1,1,1,1,0
717580665,0,0,0,1,0,1,1,0,1,1,1,1,0
718084034,0,0,0,1,0,1,1,0,1,1,1,1,0
718586479,0,0,0,1,0,1,1,0,1,1,1,1,0
719096548,0,0,0,1,0,1,1,0,1,1,1,1,0
719598477,0,0,0,1,0,1,1,0,1,1,1,1,0
720107104,0,0,0,1,0,1,1,0,1,1,1,1,0
720615626,0,0,0,1,0,1,1,0,1,1,1,1,0
721123699,0,0,0,1,0,1,1,0,1,1,1,1,0
721632671,0,0,0,1,0,1,1,0,1,1,1,1,0
722133517,0,0,0,1,0,1,1,0,1,1,1,1,0
722636439,0,0,0,1,0,1,1,0,1,1,1,1,0
723143624,0,0,0,1,0,1,1,0,1,1,1,1,0
723652585,0,0,0,1,0,1,1,0,1,1,1,1,0
724154514,0,0,0,1,0,1,1,0,1,1,1,1,0
724660323,0,0,0,1,0,1,1,0,1,1,1,1,0
725161111,0,0,0,1,0,1,1,0,1,1,1,1,0
725671081,0,0,0,1,0,1,1,0,1,1,1,1,0
726172476,0,0,0,1,0,1,1,0,1,1,1,1,0
727104576,0,0,1,0,0,1,1,0,0,0,0,0,0
727605474,0,0,1,0,0,1,1,0,0,0,0,0,0
728111058,0,0,1,0,0,1,1,0,0,0,0,0,0
728613477,0,0,1,0,0,1,1,0,0,0,0,0,0
729116543,0,0,1,0,0,1,1,0,0,0,0,0,0
729625506,0,0,1,0,0,1,1,0,0,0,0,0,0
