timestamp,time_utc_usec,device_id,lat,lon,alt,alt_ellipsoid,s_variance_m_s,c_variance_rad,eph,epv,hdop,vdop,noise_per_ms,jamming_indicator,vel_m_s,vel_n_m_s,vel_e_m_s,vel_d_m_s,cog_rad,timestamp_time_relative,heading,heading_offset,automatic_gain_control,fix_type,jamming_state,vel_ned_valid,satellites_used
535839940,1627049516199871,11010053,490787432,22543427,99922,145985,0.201,0.46670905,1.159,1.4860001,0.81,0.91999996,88,3,0.017,-0.013,0.011000001,0.001,0.4881654,0,nan,0.0,1326,3,0,1,15
536044507,1627049516399871,11010053,490787430,22543427,99877,145939,0.23900001,0.46671045,1.1570001,1.4820001,0.81,0.91999996,88,3,0.017,0.013,0.011000001,-0.022000002,0.4881654,0,nan,0.0,1326,3,0,1,15
536244251,1627049516599871,11010053,490787430,22543425,99872,145935,0.23,0.46671185,1.1550001,1.4770001,0.81,0.91999996,88,1,0.008,0.007,0.004,-0.026,0.4881654,0,nan,0.0,702,3,0,1,15
536440436,1627049516799871,11010053,490787430,22543423,99852,145915,0.22200002,0.46671307,1.1520001,1.4720001,0.81,0.91999996,88,1,0.025,-0.002,-0.025,0.003,0.4881654,0,nan,0.0,702,3,0,1,15
536637440,1627049516999872,11010053,490787430,22543421,99845,145907,0.165,0.4667141,1.1500001,1.468,0.81,0.91999996,88,1,0.015000001,-0.012,0.008,-0.006,0.4881654,0,nan,0.0,702,3,0,1,15
536838564,1627049517199871,11010053,490787430,22543418,99851,145914,0.22700001,0.46671534,1.1470001,1.463,0.81,0.91999996,88,1,0.042000003,-0.010000001,-0.041,-0.051000003,0.4881654,0,nan,0.0,702,3,0,1,15
537036486,1627049517399871,11010053,490787430,22543415,99838,145901,0.19000001,0.46671656,1.144,1.4580001,0.81,0.91999996,88,1,0.068,0.007,-0.067,-0.016,0.4881654,0,nan,0.0,702,3,0,1,15
537236459,1627049517599871,11010053,490787431,22543415,99815,145878,0.24900001,0.46671796,1.143,1.4540001,0.81,0.91999996,89,2,0.048,0.043,0.019000001,-0.001,0.4881654,0,nan,0.0,1014,3,0,1,15
537439431,1627049517799871,11010053,490787432,22543412,99829,145892,0.21300001,0.46671918,1.138,1.4480001,0.81,0.91999996,89,2,0.056,0.054,-0.011000001,-0.036000002,0.4881654,0,nan,0.0,1014,3,0,1,15
537637719,1627049517999872,11010053,490787432,22543410,99846,145909,0.171,0.46672022,1.133,1.4430001,0.81,0.91999996,89,2,0.059000004,-0.058000002,0.012,-0.018000001,0.4881654,0,nan,0.0,1014,3,0,1,15
537835916,1627049518199871,11010053,490787432,22543407,99846,145908,0.22600001,0.46672162,1.128,1.437,0.81,0.91999996,89,2,0.091000006,-0.074,-0.052,0.019000001,0.4881654,0,nan,0.0,1014,3,0,1,15
538035628,1627049518399872,11010053,490787434,22543406,99853,145916,0.21200001,0.46672285,1.1240001,1.432,0.81,0.91999996,89,2,0.0050000004,0.004,-0.002,-0.008,0.4881654,0,nan,0.0,1014,3,0,1,15
538241434,1627049518599872,11010053,490787434,22543406,99845,145908,0.21800001,0.46672404,1.1190001,1.4280001,0.81,0.91999996,94,5,0.047000002,-0.046000004,-0.007,0.004,0.4881654,0,nan,0.0,1482,3,0,1,15
538438535,1627049518799872,11010053,490787438,22543409,99862,145924,0.23700002,0.46672547,1.115,1.424,0.72999996,0.82,94,5,0.18200001,0.113000005,0.143,-0.011000001,0.4881654,0,nan,0.0,1482,3,0,1,16
538639682,1627049518999873,11010053,490787440,22543411,99869,145932,0.216,0.46672687,1.1110001,1.4210001,0.83,0.87,94,5,0.089,0.004,0.089,-0.010000001,0.4881654,0,nan,0.0,1482,3,0,1,15
538840435,1627049519199872,11010053,490787442,22543411,99882,145945,0.18400002,0.4667279,1.108,1.4180001,0.83,0.87,94,5,0.015000001,-0.010000001,0.010000001,-0.045,0.4881654,0,nan,0.0,1482,3,0,1,15
539041440,1627049519399872,11010053,490787442,22543410,99919,145982,0.165,0.46672893,1.105,1.414,0.72999996,0.82,94,5,0.085,-0.07,0.048,-0.024,0.4881654,0,nan,0.0,1482,3,0,1,16
539237202,1627049519599872,11010053,490787443,22543407,99913,145976,0.22100002,0.46673018,1.1010001,1.4100001,0.76,0.87,94,4,0.046000004,0.041,-0.021000002,-0.063,0.4881654,0,nan,0.0,1092,3,0,1,15
539438150,1627049519799872,11010053,490787441,22543405,99874,145937,0.20500001,0.4667314,1.098,1.406,0.76,0.87,94,4,0.010000001,-0.004,-0.010000001,-0.055000003,0.4881654,0,nan,0.0,1092,3,0,1,15
539638907,1627049519999873,11010053,490787441,22543403,99856,145919,0.21200001,0.4667326,1.0940001,1.401,0.76,0.87,94,4,0.031000001,0.0,-0.031000001,-0.049000002,0.4881654,0,nan,0.0,1092,3,0,1,15
539850515,1627049520199872,11010053,490787441,22543400,99856,145919,0.209,0.46673384,1.0890001,1.396,0.76,0.87,94,4,0.033,-0.006,-0.033,-0.038000003,0.4881654,0,nan,0.0,1092,3,0,1,15
540038472,1627049520399872,11010053,490787440,22543399,99839,145902,0.16700001,0.46673486,1.0840001,1.389,0.76,0.87,94,4,0.025,-0.017,0.018000001,-0.010000001,0.4881654,0,nan,0.0,1092,3,0,1,15
540238774,1627049520599872,11010053,490787441,22543396,99809,145872,0.209,0.4667361,1.079,1.383,0.76,0.87,94,5,0.042000003,0.042000003,-0.004,-0.018000001,0.4881654,0,nan,0.0,1404,3,0,1,15
540436431,1627049520799872,11010053,490787442,22543395,99797,145860,0.194,0.46673715,1.075,1.378,0.76,0.87,94,5,0.029000001,-0.011000001,-0.027,-0.040000003,0.4881654,0,nan,0.0,1404,3,0,1,15
540634075,1627049520999873,11010053,490787443,22543397,99764,145827,0.19000001,0.46673837,1.0710001,1.373,0.76,0.87,94,5,0.09200001,0.013,0.091000006,-0.006,0.4881654,0,nan,0.0,1404,3,0,1,15
540838878,1627049521199872,11010053,490787446,22543399,99756,145819,0.178,0.46673945,1.0660001,1.368,0.76,0.87,94,5,0.029000001,-0.002,0.029000001,-0.052,0.4881654,0,nan,0.0,1404,3,0,1,15
541039432,1627049521399873,11010053,490787449,22543401,99749,145812,0.18900001,0.46674046,1.0610001,1.363,0.76,0.87,94,5,0.026,0.008,0.024,-0.063,0.4881654,0,nan,0.0,1404,3,0,1,15
541238434,1627049521599873,11010053,490787452,22543399,99782,145845,0.18200001,0.4667415,1.056,1.3570001,0.76,0.87,94,14,0.024,-0.023000002,0.0050000004,-0.120000005,0.4881654,0,nan,0.0,1248,3,0,1,15
541437897,1627049521799873,11010053,490787454,22543397,99783,145846,0.19000001,0.46674272,1.0500001,1.3510001,0.76,0.87,94,14,0.109000005,0.048,0.098000005,-0.078,0.4881654,0,nan,0.0,1248,3,0,1,15
541645577,1627049521999874,11010053,490787458,22543396,99815,145877,0.19000001,0.46674377,1.0430001,1.3440001,0.84999996,0.94,94,14,0.059000004,0.044000003,0.040000003,-0.15400001,0.4881654,0,nan,0.0,1248,3,0,1,14
541840435,1627049522199873,11010053,490787461,22543398,99861,145924,0.20400001,0.46674502,1.042,1.342,0.84999996,0.94,94,14,0.074,-0.006,0.074,-0.14400001,0.4881654,0,nan,0.0,1248,3,0,1,14
542042427,1627049522399873,11010053,490787465,22543401,99903,145966,0.256,0.4667464,1.042,1.343,0.84999996,0.94,94,14,0.133,0.043,0.126,-0.095000006,0.4881654,0,nan,0.0,1248,3,0,1,14
542239432,1627049522599873,11010053,490787466,22543403,99921,145984,0.245,0.46674797,1.044,1.345,0.84999996,0.94,94,4,0.113000005,-0.007,0.112,-0.046000004,0.4881654,0,nan,0.0,1404,3,0,1,14
542440126,1627049522799873,11010053,490787466,22543408,99918,145981,0.25500003,0.46674937,1.047,1.348,0.84999996,0.94,94,4,0.155,0.012,0.155,-0.069000006,0.4881654,0,nan,0.0,1404,3,0,1,14
542637741,1627049522999874,11010053,490787468,22543411,99927,145990,0.21000001,0.46675062,1.047,1.3490001,0.84999996,0.94,94,4,0.128,-0.043,0.120000005,-0.051000003,0.4881654,0,nan,0.0,1404,3,0,1,14
542835646,1627049523199873,11010053,490787468,22543412,99973,146036,0.202,0.4667518,1.0480001,1.3510001,0.76,0.87,94,4,0.10300001,-0.057000004,0.086,-0.141,0.4881654,0,nan,0.0,1404,3,0,1,15
543040430,1627049523399873,11010053,490787467,22543417,99990,146053,0.23400001,0.46675324,1.0500001,1.3520001,0.76,0.87,94,4,0.15200001,0.003,0.15200001,-0.18200001,0.4881654,0,nan,0.0,1404,3,0,1,15
543235403,1627049523599873,11010053,490787468,22543418,100016,146079,0.23,0.4667546,1.052,1.3540001,0.76,0.87,94,3,0.029000001,-0.008,0.028,-0.12900001,0.4881654,0,nan,0.0,1326,3,0,1,15
543438149,1627049523799873,11010053,490787470,22543420,100097,146160,0.21200001,0.46675602,1.052,1.3540001,0.76,0.87,94,3,0.142,-0.034,0.13800001,-0.216,0.4881654,0,nan,0.0,1326,3,0,1,15
543640434,1627049523999874,11010053,490787468,22543420,100125,146188,0.22500001,0.46675742,1.0530001,1.3540001,0.76,0.87,94,3,0.104,-0.097,-0.040000003,-0.20400001,0.4881654,0,nan,0.0,1326,3,0,1,15
543839859,1627049524199873,11010053,490787471,22543422,100205,146268,0.24100001,0.46675932,1.052,1.3540001,0.76,0.87,94,3,0.059000004,0.012,0.058000002,-0.32500002,0.4881654,0,nan,0.0,1326,3,0,1,15
544036430,1627049524399873,11010053,490787472,22543421,100340,146403,0.22700001,0.46676195,1.052,1.3540001,0.76,0.87,94,3,0.058000002,-0.058000002,-0.004,-0.43,0.4881654,0,nan,0.0,1326,3,0,1,15
544237716,1627049524599874,11010053,490787473,22543422,100418,146481,0.238,0.46676436,1.052,1.3540001,0.76,0.87,94,3,0.013,0.012,0.001,-0.432,0.4881654,0,nan,0.0,1560,3,0,1,15
544441459,1627049524799874,11010053,490787477,22543422,100575,146638,0.24200001,0.46676734,1.051,1.353,0.76,0.87,94,3,0.036000002,0.025,-0.026,-0.50200003,0.4881654,0,nan,0.0,1560,3,0,1,15
544642726,1627049524999875,11010053,490787479,22543423,100721,146784,0.245,0.46677065,1.0530001,1.3570001,0.76,0.87,94,3,0.05,0.001,0.05,-0.541,0.4881654,0,nan,0.0,1560,3,0,1,15
544842055,1627049525199874,11010053,490787479,22543424,100804,146867,0.23700002,0.46677363,1.0550001,1.36,0.76,0.87,94,3,0.029000001,-0.028,0.008,-0.51000005,0.4881654,0,nan,0.0,1560,3,0,1,15
545037399,1627049525399874,11010053,490787481,22543424,100923,146986,0.23700002,0.4667768,1.0550001,1.3610001,0.76,0.87,94,3,0.05,-0.041,-0.029000001,-0.526,0.4881654,0,nan,0.0,1560,3,0,1,15
545237872,1627049525599874,11010053,490787480,22543423,101084,147147,0.24100001,0.4667806,1.0580001,1.3640001,0.76,0.87,94,2,0.13100001,-0.101,-0.08400001,-0.64000005,0.4881654,0,nan,0.0,1092,3,0,1,15
545436435,1627049525799874,11010053,490787485,22543423,101248,147311,0.257,0.4667843,1.0580001,1.366,0.76,0.87,94,2,0.053000003,0.053000003,0.003,-0.64100003,0.4881654,0,nan,0.0,1092,3,0,1,15
545642429,1627049525999875,11010053,490787486,22543425,101429,147492,0.24300002,0.46678847,1.0600001,1.3700001,0.76,0.87,94,2,0.09900001,-0.082,0.055000003,-0.70100003,0.4881654,0,nan,0.0,1092,3,0,1,15
545839179,1627049526199874,11010053,490787487,22543423,101606,147669,0.25300002,0.466793,1.0610001,1.3740001,0.76,0.87,94,2,0.076000005,-0.014,-0.075,-0.75100005,0.4881654,0,nan,0.0,1092,3,0,1,15
546042456,1627049526399874,11010053,490787485,22543425,101715,147778,0.24000001,0.46679688,1.0630001,1.376,0.76,0.87,94,2,0.091000006,-0.086,0.031000001,-0.646,0.4881654,0,nan,0.0,1092,3,0,1,15
546242629,1627049526599874,11010053,490787483,22543422,101843,147906,0.25,0.46680105,1.0660001,1.3800001,0.76,0.87,94,2,0.10700001,-0.045,-0.097,-0.71800005,0.4881654,0,nan,0.0,1404,3,0,1,15
546443482,1627049526799874,11010053,490787481,22543423,102103,148166,0.24200001,0.46680784,1.0680001,1.383,0.76,0.87,94,2,0.157,-0.15200001,0.042000003,-1.1320001,0.4881654,0,nan,0.0,1404,3,0,1,15
546642116,1627049526999875,11010053,490787480,22543424,102426,148489,0.24000001,0.4668159,1.07,1.3850001,0.76,0.87,94,2,0.15900001,-0.147,0.061000004,-1.3610001,0.4881654,0,nan,0.0,1404,3,0,1,15
546836455,1627049527199874,11010053,490787478,22543426,102725,148788,0.24300002,0.4668244,1.072,1.389,0.84,0.96999997,94,2,0.13900001,-0.12100001,0.068,-1.4540001,0.4881654,0,nan,0.0,1404,3,0,1,14
547043616,1627049527399874,11010053,490787474,22543424,102997,149059,0.245,0.46683314,1.074,1.391,0.84,0.96999997,94,2,0.17,-0.15400001,-0.072000004,-1.485,0.4881654,0,nan,0.0,1404,3,0,1,14
547235804,1627049527599874,11010053,490787474,22543428,103338,149401,0.23700002,0.46684188,1.074,1.3920001,0.84,0.96999997,95,3,0.19900002,-0.141,0.14,-1.4760001,0.4881654,0,nan,0.0,1560,3,0,1,14
547436423,1627049527799875,11010053,490787472,22543431,103651,149714,0.24400002,0.46685043,1.075,1.3950001,0.84,0.96999997,95,3,0.163,-0.143,0.079,-1.45,0.4881654,0,nan,0.0,1560,3,0,1,14
547630742,1627049527999876,11010053,490787470,22543432,103982,150045,0.23200001,0.46685898,1.077,1.3950001,0.84,0.96999997,95,3,0.23500001,-0.21300001,0.09900001,-1.4150001,0.4881654,0,nan,0.0,1560,3,0,1,14
547830481,1627049528199875,11010053,490787467,22543434,104249,150312,0.22900002,0.46686703,1.0760001,1.393,0.84,0.96999997,95,3,0.18300001,-0.18,0.034,-1.365,0.4881654,0,nan,0.0,1560,3,0,1,14
548029139,1627049528399875,11010053,490787467,22543441,104447,150510,0.22500001,0.46687487,1.074,1.388,0.84,0.96999997,95,3,0.115,-0.113000005,0.017,-1.3410001,0.4881654,0,nan,0.0,1560,3,0,1,14
548232468,1627049528599875,11010053,490787466,22543446,104688,150751,0.21800001,0.46688253,1.072,1.386,0.84,0.96999997,95,2,0.179,-0.124000005,0.12900001,-1.3000001,0.4881654,0,nan,0.0,1482,3,0,1,14
548434431,1627049528799875,11010053,490787464,22543451,104827,150890,0.21800001,0.46688935,1.07,1.3820001,0.84,0.96999997,95,2,0.142,-0.127,0.064,-1.153,0.4881654,0,nan,0.0,1482,3,0,1,14
548631466,1627049528999876,11010053,490787465,22543458,104979,151042,0.223,0.46689597,1.0680001,1.378,0.84,0.96999997,95,2,0.066,-0.054,0.038000003,-1.1140001,0.4881654,0,nan,0.0,1482,3,0,1,14
548838004,1627049529199875,11010053,490787467,22543466,105187,151250,0.21900001,0.46690243,1.0680001,1.3750001,0.84,0.96999997,95,2,0.164,-0.1,0.12900001,-1.095,0.4881654,0,nan,0.0,1482,3,0,1,14
549035004,1627049529399875,11010053,490787468,22543472,105312,151375,0.23400001,0.46690854,1.067,1.3740001,0.84,0.96999997,95,2,0.027,-0.025,-0.009000001,-1.023,0.4881654,0,nan,0.0,1482,3,0,1,14
549235761,1627049529599875,11010053,490787467,22543476,105422,151484,0.23500001,0.46691447,1.0680001,1.3740001,0.84,0.96999997,95,3,0.066,-0.060000002,-0.026,-1.023,0.4881654,0,nan,0.0,1482,3,0,1,14
549434453,1627049529799875,11010053,490787467,22543478,105579,151642,0.24700001,0.4669204,1.069,1.3750001,0.84,0.96999997,95,3,0.0050000004,0.001,0.0050000004,-1.01,0.4881654,0,nan,0.0,1482,3,0,1,14
549636443,1627049529999876,11010053,490787467,22543487,105616,151679,0.23600002,0.466926,1.067,1.371,0.84,0.96999997,95,3,0.029000001,-0.015000001,0.025,-0.94900006,0.4881654,0,nan,0.0,1482,3,0,1,14
549840582,1627049530199875,11010053,490787468,22543495,105685,151748,0.23300001,0.4669314,1.0660001,1.368,0.84,0.96999997,95,3,0.042000003,-0.038000003,-0.017,-0.91700006,0.4881654,0,nan,0.0,1482,3,0,1,14
550038856,1627049530399875,11010053,490787465,22543498,105770,151833,0.21100001,0.46693632,1.062,1.3610001,0.81,0.91999996,95,3,0.098000005,-0.097,-0.016,-0.82500005,0.4881654,0,nan,0.0,1482,3,0,1,15
550240348,1627049530599875,11010053,490787465,22543504,105875,151938,0.21700001,0.46694136,1.0600001,1.355,0.81,0.91999996,95,3,0.05,-0.032,-0.039,-0.87200004,0.4881654,0,nan,0.0,1482,3,0,1,15
550439448,1627049530799876,11010053,490787465,22543509,105959,152022,0.208,0.4669461,1.056,1.348,0.81,0.91999996,95,3,0.081,-0.064,-0.051000003,-0.772,0.4881654,0,nan,0.0,1482,3,0,1,15
550633642,1627049530999877,11010053,490787464,22543515,106021,152083,0.20400001,0.46695063,1.054,1.342,0.81,0.91999996,95,3,0.079,-0.078,0.012,-0.77900004,0.4881654,0,nan,0.0,1482,3,0,1,15
550837688,1627049531199876,11010053,490787467,22543518,106113,152176,0.21400002,0.46695533,1.0500001,1.3340001,0.81,0.91999996,95,3,0.07,0.017,-0.068,-0.79,0.4881654,0,nan,0.0,1482,3,0,1,15
551037711,1627049531399876,11010053,490787465,22543522,106177,152240,0.201,0.4669595,1.0480001,1.33,0.81,0.91999996,95,3,0.082,-0.07300001,-0.039,-0.73300004,0.4881654,0,nan,0.0,1482,3,0,1,15
551236474,1627049531599876,11010053,490787466,22543524,106280,152343,0.21300001,0.46696404,1.046,1.3260001,0.81,0.91999996,95,3,0.056,0.006,-0.055000003,-0.75900006,0.4881654,0,nan,0.0,1482,3,0,1,15
551437299,1627049531799876,11010053,490787466,22543522,106422,152485,0.208,0.46696877,1.044,1.3210001,0.81,0.91999996,95,3,0.12900001,-0.034,-0.125,-0.781,0.4881654,0,nan,0.0,1482,3,0,1,15
551642433,1627049531999877,11010053,490787465,22543521,106519,152582,0.201,0.46697295,1.041,1.3160001,0.81,0.91999996,95,3,0.117000006,-0.055000003,-0.10300001,-0.711,0.4881654,0,nan,0.0,1482,3,0,1,15
551836712,1627049532199876,11010053,490787466,22543522,106627,152690,0.20400001,0.46697748,1.039,1.3110001,0.81,0.91999996,95,3,0.135,-0.031000001,-0.132,-0.757,0.4881654,0,nan,0.0,1482,3,0,1,15
552037565,1627049532399876,11010053,490787464,22543522,106709,152772,0.19800001,0.46698222,1.0380001,1.307,0.81,0.91999996,95,3,0.20600002,-0.117000006,-0.16900001,-0.77400005,0.4881654,0,nan,0.0,1482,3,0,1,15
552231597,1627049532599876,11010053,490787465,22543526,106764,152827,0.21300001,0.4669864,1.0370001,1.304,0.81,0.91999996,95,3,0.081,0.009000001,-0.080000006,-0.72200006,0.4881654,0,nan,0.0,1482,3,0,1,15
552438210,1627049532799876,11010053,490787466,22543528,106851,152914,0.2,0.46699092,1.0350001,1.299,0.82,0.95,95,3,0.201,-0.11000001,-0.16800001,-0.75000006,0.4881654,0,nan,0.0,1482,3,0,1,14
552640905,1627049532999877,11010053,490787466,22543531,106888,152950,0.19700001,0.46699512,1.0320001,1.294,0.81,0.91999996,95,3,0.201,-0.081,-0.18400002,-0.65900004,0.4881654,0,nan,0.0,1482,3,0,1,15
552835777,1627049533199876,11010053,490787466,22543530,106982,153045,0.20300001,0.4669993,1.029,1.2900001,0.81,0.91999996,95,3,0.171,-0.053000003,-0.163,-0.711,0.4881654,0,nan,0.0,1482,3,0,1,15
553038676,1627049533399876,11010053,490787465,22543530,107080,153143,0.19600001,0.46700367,1.028,1.286,0.81,0.91999996,95,3,0.163,-0.113000005,-0.117000006,-0.71500003,0.4881654,0,nan,0.0,1482,3,0,1,15
553233459,1627049533599876,11010053,490787464,22543528,107186,153249,0.20700002,0.4670082,1.026,1.2830001,0.81,0.91999996,95,3,0.17400001,-0.035,-0.17,-0.749,0.4881654,0,nan,0.0,1482,3,0,1,15
553434442,1627049533799876,11010053,490787464,22543528,107243,153306,0.208,0.4670124,1.0250001,1.281,0.81,0.91999996,95,3,0.17400001,-0.048,-0.16800001,-0.70100003,0.4881654,0,nan,0.0,1482,3,0,1,15
553639135,1627049533999878,11010053,490787464,22543531,107290,153353,0.20500001,0.4670164,1.0250001,1.2780001,0.81,0.91999996,95,3,0.102000006,-0.040000003,-0.094000004,-0.67300004,0.4881654,0,nan,0.0,1482,3,0,1,15
553834567,1627049534199877,11010053,490787462,22543532,107321,153384,0.20500001,0.46702027,1.0250001,1.276,0.81,0.91999996,95,3,0.14,-0.069000006,-0.12200001,-0.63000005,0.4881654,0,nan,0.0,1482,3,0,1,15
554033436,1627049534399877,11010053,490787460,22543533,107375,153438,0.202,0.46702373,1.024,1.273,0.81,0.91999996,95,3,0.123,-0.08400001,-0.09,-0.595,0.4881654,0,nan,0.0,1482,3,0,1,15
554239361,1627049534599877,11010053,490787459,22543533,107411,153474,0.20600002,0.4670265,1.024,1.271,0.81,0.91999996,95,3,0.126,-0.043,-0.11800001,-0.47500002,0.4881654,0,nan,0.0,1482,3,0,1,15
554438048,1627049534799877,11010053,490787459,22543535,107438,153501,0.21000001,0.46702883,1.023,1.269,0.81,0.91999996,95,3,0.036000002,-0.003,-0.036000002,-0.38500002,0.4881654,0,nan,0.0,1482,3,0,1,15
554636472,1627049534999878,11010053,490787458,22543535,107451,153514,0.19000001,0.4670311,1.0200001,1.2650001,0.81,0.91999996,95,3,0.136,-0.063,-0.12100001,-0.34800002,0.4881654,0,nan,0.0,1482,3,0,1,15
554836293,1627049535199877,11010053,490787460,22543534,107522,153585,0.20500001,0.46703368,1.019,1.261,0.81,0.91999996,95,3,0.105000004,-0.027,-0.102000006,-0.418,0.4881654,0,nan,0.0,1482,3,0,1,15
555036611,1627049535399877,11010053,490787457,22543534,107485,153548,0.18800001,0.46703506,1.018,1.2590001,0.81,0.91999996,95,3,0.093,-0.055000003,-0.075,-0.23900001,0.4881654,0,nan,0.0,1482,3,0,1,15
555236486,1627049535599877,11010053,490787455,22543533,107507,153570,0.19700001,0.46703753,1.018,1.2570001,0.81,0.91999996,95,3,0.17600001,-0.07300001,-0.16000001,-0.36900002,0.4881654,0,nan,0.0,1482,3,0,1,15
555438726,1627049535799877,11010053,490787452,22543532,107461,153524,0.18200001,0.46703893,1.0170001,1.2540001,0.81,0.91999996,95,3,0.142,-0.07300001,-0.12100001,-0.209,0.4881654,0,nan,0.0,1482,3,0,1,15
555633948,1627049535999878,11010053,490787449,22543531,107420,153483,0.172,0.4670403,1.0150001,1.251,0.81,0.91999996,95,3,0.135,-0.078,-0.11000001,-0.16900001,0.4881654,0,nan,0.0,1482,3,0,1,15
555827899,1627049536199877,11010053,490787446,22543531,107397,153460,0.179,0.46704155,1.016,1.25,0.81,0.91999996,95,3,0.13800001,-0.11100001,-0.082,-0.18400002,0.4881654,0,nan,0.0,1482,3,0,1,15
556046791,1627049536399877,11010053,490787444,22543529,107402,153464,0.17500001,0.46704292,1.013,1.246,0.81,0.91999996,95,3,0.16100001,-0.104,-0.123,-0.147,0.4881654,0,nan,0.0,1482,3,0,1,15
556243431,1627049536599877,11010053,490787441,22543528,107368,153431,0.172,0.46704397,1.013,1.2440001,0.81,0.91999996,102,3,0.15900001,-0.11800001,-0.10700001,-0.115,0.4881654,0,nan,0.0,1482,3,0,1,15
556434435,1627049536799877,11010053,490787439,22543528,107351,153414,0.17400001,0.46704504,1.013,1.2420001,0.81,0.91999996,102,3,0.091000006,-0.063,-0.065000005,-0.091000006,0.4881654,0,nan,0.0,1482,3,0,1,15
556635571,1627049536999878,11010053,490787436,22543527,107311,153374,0.18400002,0.46704608,1.013,1.24,0.81,0.91999996,102,3,0.147,-0.091000006,-0.116000004,-0.067,0.4881654,0,nan,0.0,1482,3,0,1,15
556834493,1627049537199878,11010053,490787434,22543527,107273,153336,0.19000001,0.4670473,1.014,1.2390001,0.81,0.91999996,102,3,0.109000005,-0.055000003,-0.094000004,-0.058000002,0.4881654,0,nan,0.0,1482,3,0,1,15
557033439,1627049537399878,11010053,490787433,22543526,107234,153297,0.18800001,0.46704835,1.014,1.238,0.81,0.91999996,102,3,0.124000005,-0.033,-0.120000005,-0.048,0.4881654,0,nan,0.0,1482,3,0,1,15
557231440,1627049537599878,11010053,490787431,22543527,107177,153240,0.192,0.4670494,1.013,1.2360001,0.81,0.91999996,102,3,0.078,-0.002,-0.078,-0.026,0.4881654,0,nan,0.0,1482,3,0,1,15
557432430,1627049537799878,11010053,490787431,22543528,107145,153208,0.19100001,0.4670506,1.013,1.235,0.72999996,0.81,102,3,0.081,-0.015000001,-0.079,-0.041,0.4881654,0,nan,0.0,1482,3,0,1,16
557635997,1627049537999879,11010053,490787431,22543527,107109,153172,0.18300001,0.46705166,1.0120001,1.2320001,0.72999996,0.81,102,3,0.11000001,-0.012,-0.11000001,-0.033,0.4881654,0,nan,0.0,1482,3,0,1,16
557834594,1627049538199878,11010053,490787433,22543527,107091,153154,0.22000001,0.4670531,1.01,1.2290001,0.72999996,0.81,102,3,0.071,0.040000003,-0.058000002,-0.036000002,0.4881654,0,nan,0.0,1482,3,0,1,16
558035718,1627049538399878,11010053,490787434,22543526,107056,153119,0.208,0.46705428,1.008,1.2260001,0.72999996,0.81,102,3,0.087000005,0.046000004,-0.074,-0.023000002,0.4881654,0,nan,0.0,1482,3,0,1,16
558236436,1627049538599878,11010053,490787436,22543524,107028,153090,0.21000001,0.4670555,1.005,1.223,0.72999996,0.81,100,3,0.120000005,0.054,-0.10700001,-0.045,0.4881654,0,nan,0.0,1482,3,0,1,16
558435880,1627049538799878,11010053,490787438,22543523,107005,153068,0.20700002,0.46705654,1.0040001,1.22,0.72999996,0.81,100,3,0.109000005,0.054,-0.095000006,-0.023000002,0.4881654,0,nan,0.0,1482,3,0,1,16
558631393,1627049538999879,11010053,490787441,22543521,107009,153072,0.22500001,0.46705794,1.0040001,1.218,0.72999996,0.81,100,3,0.120000005,0.07,-0.097,-0.046000004,0.4881654,0,nan,0.0,1482,3,0,1,16
558831723,1627049539199878,11010053,490787444,22543519,107020,153083,0.22100002,0.46705917,1.0020001,1.215,0.72999996,0.81,100,3,0.094000004,0.047000002,-0.081,-0.053000003,0.4881654,0,nan,0.0,1482,3,0,1,16
559031400,1627049539399878,11010053,490787445,22543517,107005,153067,0.19000001,0.4670604,1.0,1.212,0.72999996,0.81,100,3,0.12100001,-0.003,-0.12100001,-0.060000002,0.4881654,0,nan,0.0,1482,3,0,1,16
559231694,1627049539599878,11010053,490787445,22543515,106980,153043,0.20500001,0.46706164,1.0,1.21,0.72999996,0.81,100,2,0.142,0.030000001,-0.13900001,-0.062000003,0.4881654,0,nan,0.0,1482,3,0,1,16
559432116,1627049539799878,11010053,490787445,22543512,106952,153015,0.2,0.46706265,0.998,1.205,0.72999996,0.81,100,2,0.127,0.041,-0.120000005,-0.063,0.4881654,0,nan,0.0,1482,3,0,1,16
559638801,1627049539999879,11010053,490787446,22543511,106943,153005,0.19500001,0.4670639,0.99600005,1.2010001,0.72999996,0.81,100,2,0.105000004,0.038000003,-0.098000005,-0.049000002,0.4881654,0,nan,0.0,1482,3,0,1,16
559833810,1627049540199879,11010053,490787445,22543509,106904,152967,0.17300001,0.46706477,0.994,1.1980001,0.72999996,0.81,100,2,0.1,-0.003,-0.1,-0.011000001,0.4881654,0,nan,0.0,1482,3,0,1,16
560034486,1627049540399879,11010053,490787447,22543508,106893,152956,0.193,0.46706596,0.99200004,1.194,0.72999996,0.81,100,2,0.11000001,0.062000003,-0.09,-0.045,0.4881654,0,nan,0.0,1482,3,0,1,16
560234434,1627049540599879,11010053,490787447,22543506,106861,152924,0.19500001,0.4670672,0.99100006,1.192,0.72999996,0.81,100,3,0.10300001,0.040000003,-0.095000006,-0.045,0.4881654,0,nan,0.0,1482,3,0,1,16
560434957,1627049540799879,11010053,490787446,22543504,106825,152888,0.18300001,0.46706823,0.99000007,1.19,0.72999996,0.81,100,3,0.12100001,-0.017,-0.120000005,-0.011000001,0.4881654,0,nan,0.0,1482,3,0,1,16
560633002,1627049540999880,11010053,490787446,22543503,106697,152760,0.178,0.46707034,0.989,1.189,0.72999996,0.81,100,3,0.105000004,0.057000004,-0.08800001,0.351,0.4881654,0,nan,0.0,1482,3,0,1,16
560833057,1627049541199879,11010053,490787446,22543504,106541,152604,0.194,0.46707347,0.98800004,1.187,0.72999996,0.81,100,3,0.035,0.028,-0.020000001,0.54300004,0.4881654,0,nan,0.0,1482,3,0,1,16
561032870,1627049541399879,11010053,490787446,22543503,106382,152445,0.187,0.467077,0.98800004,1.187,0.72999996,0.81,100,3,0.12100001,0.083000004,-0.089,0.56,0.4881654,0,nan,0.0,1482,3,0,1,16
561231429,1627049541599879,11010053,490787445,22543506,106199,152262,0.21200001,0.46708044,0.98800004,1.1860001,0.72999996,0.81,100,3,0.027,-0.022000002,0.016,0.62200004,0.4881654,0,nan,0.0,1482,3,0,1,16
561431440,1627049541799879,11010053,490787444,22543507,106013,152076,0.201,0.4670843,0.98800004,1.1860001,0.81,0.91999996,100,3,0.053000003,0.053000003,-0.002,0.64900005,0.4881654,0,nan,0.0,1482,3,0,1,15
561634105,1627049541999880,11010053,490787444,22543508,105848,151911,0.20400001,0.46708816,0.98800004,1.1850001,0.81,0.91999996,100,3,0.030000001,0.018000001,-0.024,0.63900006,0.4881654,0,nan,0.0,1482,3,0,1,15
561828433,1627049542199879,11010053,490787442,22543508,105647,151710,0.208,0.46709213,0.98800004,1.184,0.81,0.91999996,100,3,0.049000002,-0.019000001,-0.045,0.679,0.4881654,0,nan,0.0,1482,3,0,1,15
562028745,1627049542399879,11010053,490787441,22543509,105462,151524,0.21000001,0.46709615,0.98700005,1.182,0.81,0.91999996,100,3,0.021000002,-0.021000002,-0.0050000004,0.697,0.4881654,0,nan,0.0,1482,3,0,1,15
562229435,1627049542599879,11010053,490787442,22543508,105298,151361,0.2,0.46710017,0.9850001,1.179,0.81,0.91999996,100,3,0.079,0.018000001,-0.07700001,0.69000006,0.4881654,0,nan,0.0,1482,3,0,1,15
562431473,1627049542799879,11010053,490787444,22543507,105156,151219,0.19800001,0.46710402,0.98300004,1.177,0.81,0.91999996,100,3,0.083000004,0.034,-0.075,0.64400005,0.4881654,0,nan,0.0,1482,3,0,1,15
562625845,1627049542999880,11010053,490787441,22543506,104940,151003,0.20500001,0.46710822,0.98300004,1.176,0.81,0.91999996,100,3,0.097,-0.016,-0.095000006,0.702,0.4881654,0,nan,0.0,1482,3,0,1,15
562830455,1627049543199879,11010053,490787441,22543504,104774,150837,0.2,0.4671122,0.98300004,1.176,0.81,0.91999996,100,3,0.126,0.067,-0.10700001,0.66400003,0.4881654,0,nan,0.0,1482,3,0,1,15
563029730,1627049543399880,11010053,490787441,22543504,104610,150673,0.21400002,0.4671161,0.984,1.176,0.81,0.91999996,100,3,0.032,0.0,-0.032,0.66200006,0.4881654,0,nan,0.0,1482,3,0,1,15
563230499,1627049543599880,11010053,490787441,22543503,104446,150509,0.20700002,0.4671199,0.984,1.1750001,0.81,0.91999996,100,3,0.1,0.020000001,-0.098000005,0.647,0.4881654,0,nan,0.0,1482,3,0,1,15
563429742,1627049543799880,11010053,490787441,22543502,104275,150337,0.209,0.46712375,0.9850001,1.1750001,0.81,0.91999996,100,3,0.080000006,0.028,-0.075,0.642,0.4881654,0,nan,0.0,1482,3,0,1,15
563636127,1627049543999881,11010053,490787441,22543502,104111,150173,0.208,0.4671274,0.98600006,1.1750001,0.81,0.91999996,100,3,0.068,0.047000002,-0.049000002,0.63600004,0.4881654,0,nan,0.0,1482,3,0,1,15
563832449,1627049544199880,11010053,490787442,22543501,103969,150032,0.19700001,0.46713108,0.9850001,1.174,0.81,0.91999996,100,3,0.124000005,0.069000006,-0.10300001,0.591,0.4881654,0,nan,0.0,1482,3,0,1,15
564032060,1627049544399880,11010053,490787441,22543502,103804,149867,0.21200001,0.46713457,0.9850001,1.1730001,0.81,0.91999996,100,3,0.009000001,-0.008,0.003,0.60700005,0.4881654,0,nan,0.0,1482,3,0,1,15
564232434,1627049544599880,11010053,490787440,22543502,103624,149687,0.208,0.46713838,0.984,1.172,0.81,0.91999996,101,3,0.068,0.016,-0.066,0.643,0.4881654,0,nan,0.0,1482,3,0,1,15
564430514,1627049544799880,11010053,490787442,22543500,103494,149557,0.20300001,0.46714205,0.98300004,1.171,0.82,0.95,101,3,0.115,0.041,-0.108,0.61300004,0.4881654,0,nan,0.0,1482,3,0,1,14
564631655,1627049544999881,11010053,490787443,22543499,103362,149425,0.201,0.46714538,0.98300004,1.1700001,0.81,0.91999996,101,3,0.083000004,0.041,-0.07300001,0.573,0.4881654,0,nan,0.0,1482,3,0,1,15
564830853,1627049545199880,11010053,490787443,22543499,103222,149285,0.215,0.46714905,0.98200005,1.169,0.81,0.91999996,101,3,0.057000004,-0.029000001,-0.049000002,0.605,0.4881654,0,nan,0.0,1482,3,0,1,15
565031472,1627049545399880,11010053,490787444,22543498,103072,149135,0.20300001,0.46715254,0.98200005,1.169,0.81,0.91999996,101,3,0.074,0.037,-0.064,0.58000004,0.4881654,0,nan,0.0,1482,3,0,1,15
565233938,1627049545599880,11010053,490787443,22543498,102996,149059,0.22200002,0.46715462,0.98100007,1.169,0.81,0.91999996,101,3,0.058000002,-0.05,-0.028,0.363,0.4881654,0,nan,0.0,1482,3,0,1,15
565433755,1627049545799880,11010053,490787444,22543497,102940,149003,0.186,0.46715605,0.98300004,1.1700001,0.81,0.91999996,101,3,0.095000006,0.060000002,-0.07300001,0.23600002,0.4881654,0,nan,0.0,1482,3,0,1,15
565630308,1627049545999881,11010053,490787444,22543498,102916,148979,0.22500001,0.46715745,0.984,1.171,0.81,0.91999996,101,3,0.015000001,-0.014,-0.0050000004,0.106000006,0.4881654,0,nan,0.0,1482,3,0,1,15
565834614,1627049546199880,11010053,490787444,22543498,102888,148951,0.186,0.46715847,0.9850001,1.172,0.81,0.91999996,101,3,0.047000002,0.019000001,-0.042000003,0.07,0.4881654,0,nan,0.0,1482,3,0,1,15
566031434,1627049546399880,11010053,490787446,22543498,102873,148936,0.24800001,0.46715987,0.98700005,1.174,0.81,0.91999996,101,3,0.089,0.08400001,-0.028,0.013,0.4881654,0,nan,0.0,1482,3,0,1,15
566235848,1627049546599881,11010053,490787446,22543498,102831,148894,0.20600002,0.4671611,0.98700005,1.1730001,0.81,0.91999996,101,3,0.09200001,0.076000005,-0.052,0.036000002,0.4881654,0,nan,0.0,1482,3,0,1,15
566438300,1627049546799881,11010053,490787446,22543499,102790,148853,0.19100001,0.46716234,0.98600006,1.1730001,0.81,0.91999996,101,3,0.063,0.052,-0.036000002,0.037,0.4881654,0,nan,0.0,1482,3,0,1,15
566633432,1627049546999882,11010053,490787447,22543498,102768,148831,0.18900001,0.46716335,0.98600006,1.172,0.81,0.91999996,101,3,0.076000005,0.058000002,-0.05,0.033,0.4881654,0,nan,0.0,1482,3,0,1,15
566826824,1627049547199881,11010053,490787447,22543499,102726,148789,0.192,0.4671646,0.98600006,1.171,0.81,0.91999996,101,3,0.081,0.079,-0.020000001,0.042000003,0.4881654,0,nan,0.0,1482,3,0,1,15
567027292,1627049547399881,11010053,490787448,22543499,102696,148759,0.21200001,0.4671658,0.98600006,1.171,0.81,0.91999996,101,3,0.11100001,0.09900001,-0.051000003,0.037,0.4881654,0,nan,0.0,1482,3,0,1,15
567232435,1627049547599881,11010053,490787448,22543500,102646,148709,0.17500001,0.46716687,0.98700005,1.171,0.81,0.91999996,101,5,0.055000003,0.053000003,-0.016,0.060000002,0.4881654,0,nan,0.0,1326,3,0,1,15
567434155,1627049547799881,11010053,490787449,22543499,102589,148652,0.186,0.4671679,0.989,1.174,0.81,0.91999996,101,5,0.10700001,0.07300001,-0.078,0.16100001,0.4881654,0,nan,0.0,1326,3,0,1,15
567635572,1627049547999882,11010053,490787450,22543500,102524,148587,0.19700001,0.46716928,0.99000007,1.174,0.81,0.91999996,101,5,0.049000002,0.048,0.011000001,0.22700001,0.4881654,0,nan,0.0,1326,3,0,1,15
567832478,1627049548199881,11010053,490787448,22543499,102402,148465,0.208,0.4671714,0.99100006,1.1750001,0.81,0.91999996,101,5,0.083000004,0.015000001,-0.081,0.32900003,0.4881654,0,nan,0.0,1326,3,0,1,15
568033435,1627049548399881,11010053,490787446,22543499,102269,148332,0.22100002,0.46717402,0.99300003,1.177,0.81,0.91999996,101,5,0.036000002,-0.014,-0.033,0.45200002,0.4881654,0,nan,0.0,1326,3,0,1,15
568235884,1627049548599881,11010053,490787444,22543499,102121,148184,0.21800001,0.46717712,0.994,1.179,0.81,0.91999996,93,6,0.041,0.001,-0.041,0.526,0.4881654,0,nan,0.0,1560,3,0,1,15
568435610,1627049548799881,11010053,490787444,22543500,101981,148044,0.21200001,0.4671801,0.99500006,1.1800001,0.81,0.91999996,93,6,0.054,0.05,-0.019000001,0.53300005,0.4881654,0,nan,0.0,1560,3,0,1,15
568634435,1627049548999882,11010053,490787444,22543497,101823,147886,0.21300001,0.46718362,0.99600005,1.1810001,0.81,0.91999996,93,6,0.143,0.018000001,-0.142,0.573,0.4881654,0,nan,0.0,1560,3,0,1,15
568836456,1627049549199881,11010053,490787444,22543497,101672,147735,0.21700001,0.4671873,0.99700004,1.1830001,0.81,0.91999996,93,6,0.058000002,0.043,-0.039,0.61800003,0.4881654,0,nan,0.0,1560,3,0,1,15
569038379,1627049549399881,11010053,490787443,22543497,101543,147606,0.21900001,0.46719056,0.9990001,1.184,0.81,0.91999996,93,6,0.031000001,0.029000001,-0.012,0.57000005,0.4881654,0,nan,0.0,1560,3,0,1,15
569235153,1627049549599882,11010053,490787442,22543498,101382,147445,0.223,0.46719444,0.9990001,1.1860001,0.81,0.91999996,93,2,0.019000001,0.019000001,-0.001,0.63500005,0.4881654,0,nan,0.0,1326,3,0,1,15
569435367,1627049549799882,11010053,490787439,22543498,101244,147307,0.22900002,0.46719757,1.001,1.187,0.81,0.91999996,93,2,0.071,-0.048,-0.052,0.54300004,0.4881654,0,nan,0.0,1326,3,0,1,15
569636975,1627049549999883,11010053,490787439,22543499,101172,147235,0.22500001,0.46719968,1.003,1.19,0.81,0.91999996,93,2,0.003,0.002,0.002,0.35000002,0.4881654,0,nan,0.0,1326,3,0,1,15
569835902,1627049550199882,11010053,490787439,22543498,101130,147193,0.21800001,0.46720088,1.0040001,1.1910001,0.81,0.91999996,93,2,0.039,-0.003,-0.039,0.22200002,0.4881654,0,nan,0.0,1326,3,0,1,15
570035698,1627049550399882,11010053,490787437,22543498,101053,147116,0.22900002,0.4672023,1.0040001,1.192,0.81,0.91999996,93,2,0.062000003,-0.033,-0.053000003,0.209,0.4881654,0,nan,0.0,1326,3,0,1,15
570238677,1627049550599882,11010053,490787436,22543498,100972,147035,0.223,0.4672037,1.005,1.1930001,0.81,0.91999996,92,2,0.027,-0.010000001,-0.025,0.194,0.4881654,0,nan,0.0,1482,3,0,1,15
570436713,1627049550799882,11010053,490787435,22543499,100931,146994,0.24100001,0.46720508,1.006,1.195,0.81,0.91999996,92,2,0.032,-0.032,-0.003,0.171,0.4881654,0,nan,0.0,1482,3,0,1,15
570636489,1627049550999883,11010053,490787434,22543499,100872,146935,0.22200002,0.46720633,1.008,1.1980001,0.81,0.91999996,92,2,0.017,0.008,-0.015000001,0.15,0.4881654,0,nan,0.0,1482,3,0,1,15
570837194,1627049551199882,11010053,490787435,22543498,100821,146883,0.19800001,0.46720752,1.01,1.199,0.81,0.91999996,92,2,0.068,0.040000003,-0.055000003,0.15,0.4881654,0,nan,0.0,1482,3,0,1,15
571039250,1627049551399882,11010053,490787434,22543498,100783,146846,0.21300001,0.46720874,1.011,1.2010001,0.81,0.91999996,92,2,0.013,0.012,-0.0050000004,0.119,0.4881654,0,nan,0.0,1482,3,0,1,15
571239433,1627049551599882,11010053,490787433,22543499,100724,146787,0.21200001,0.46720994,1.0120001,1.202,0.81,0.91999996,92,4,0.025,0.015000001,-0.020000001,0.117000006,0.4881654,0,nan,0.0,1482,3,0,1,15
571442458,1627049551799882,11010053,490787433,22543497,100664,146727,0.192,0.4672112,1.013,1.2030001,0.81,0.91999996,92,4,0.09200001,0.064,-0.067,0.142,0.4881654,0,nan,0.0,1482,3,0,1,15
571643472,1627049551999883,11010053,490787433,22543497,100629,146692,0.18900001,0.4672122,1.013,1.2040001,0.81,0.91999996,92,4,0.033,0.032,-0.011000001,0.07700001,0.4881654,0,nan,0.0,1482,3,0,1,15
571848525,1627049552199882,11010053,490787433,22543496,100599,146662,0.19600001,0.46721345,1.014,1.205,0.81,0.91999996,92,4,0.057000004,0.040000003,-0.041,0.023000002,0.4881654,0,nan,0.0,1482,3,0,1,15
572039818,1627049552399882,11010053,490787432,22543496,100576,146638,0.275,0.46721503,1.014,1.2060001,0.81,0.91999996,92,4,0.051000003,0.051000003,-0.007,-0.024,0.4881654,0,nan,0.0,1482,3,0,1,15
572244040,1627049552599882,11010053,490787432,22543496,100543,146606,0.25800002,0.46721658,1.0150001,1.207,0.81,0.91999996,92,3,0.097,0.096,0.016,-0.029000001,0.4881654,0,nan,0.0,1560,3,0,1,15
572436447,1627049552799883,11010053,490787431,22543496,100512,146575,0.257,0.46721798,1.016,1.2080001,0.81,0.91999996,92,3,0.041,0.041,0.006,-0.009000001,0.4881654,0,nan,0.0,1560,3,0,1,15
572639662,1627049552999884,11010053,490787431,22543496,100479,146542,0.24900001,0.46721956,1.016,1.2090001,0.81,0.91999996,92,3,0.089,0.08800001,-0.011000001,-0.006,0.4881654,0,nan,0.0,1560,3,0,1,15
572840429,1627049553199883,11010053,490787431,22543495,100452,146515,0.25300002,0.46722096,1.0170001,1.21,0.81,0.91999996,92,3,0.039,0.039,0.0,-0.0050000004,0.4881654,0,nan,0.0,1560,3,0,1,15
573039438,1627049553399883,11010053,490787431,22543495,100435,146498,0.266,0.46722254,1.018,1.21,0.81,0.91999996,92,3,0.066,0.066,0.006,-0.026,0.4881654,0,nan,0.0,1560,3,0,1,15
573241429,1627049553599883,11010053,490787431,22543495,100419,146482,0.289,0.4672243,1.021,1.2140001,0.81,0.91999996,93,3,0.047000002,0.047000002,0.001,-0.016,0.4881654,0,nan,0.0,1560,3,0,1,15
573440200,1627049553799883,11010053,490787431,22543493,100398,146461,0.22900002,0.4672255,1.024,1.2160001,0.81,0.91999996,93,3,0.053000003,0.030000001,-0.044000003,0.003,0.4881654,0,nan,0.0,1560,3,0,1,15
573641667,1627049553999884,11010053,490787431,22543492,100386,146449,0.29700002,0.46722725,1.0270001,1.2190001,0.81,0.91999996,93,3,0.029000001,0.028,-0.007,-0.020000001,0.4881654,0,nan,0.0,1560,3,0,1,15
573835882,1627049554199883,11010053,490787430,22543491,100353,146416,0.18300001,0.46722832,1.029,1.2210001,0.81,0.91999996,93,3,0.026,0.019000001,-0.018000001,0.026,0.4881654,0,nan,0.0,1560,3,0,1,15
574036938,1627049554399883,11010053,490787430,22543491,100327,146390,0.26200002,0.46722987,1.0300001,1.222,0.81,0.91999996,93,3,0.027,0.026,-0.009000001,-0.003,0.4881654,0,nan,0.0,1560,3,0,1,15
574242513,1627049554599883,11010053,490787428,22543490,100291,146354,0.245,0.46723124,1.0320001,1.223,0.81,0.91999996,92,2,0.040000003,0.019000001,-0.035,-0.027,0.4881654,0,nan,0.0,1404,3,0,1,15
574439765,1627049554799883,11010053,490787428,22543489,100284,146347,0.27,0.467233,1.0320001,1.223,0.81,0.91999996,92,2,0.051000003,0.051000003,0.0,-0.05,0.4881654,0,nan,0.0,1404,3,0,1,15
574640439,1627049554999884,11010053,490787427,22543490,100248,146311,0.193,0.46723405,1.031,1.223,0.81,0.91999996,92,2,0.007,-0.003,0.006,-0.007,0.4881654,0,nan,0.0,1404,3,0,1,15
574840434,1627049555199883,11010053,490787427,22543490,100222,146285,0.22700001,0.46723545,1.031,1.223,0.81,0.91999996,92,2,0.046000004,0.044000003,0.014,0.0050000004,0.4881654,0,nan,0.0,1404,3,0,1,15
575037800,1627049555399883,11010053,490787427,22543491,100214,146277,0.18200001,0.46723652,1.0300001,1.22,0.81,0.91999996,92,2,0.035,0.030000001,0.018000001,0.036000002,0.4881654,0,nan,0.0,1404,3,0,1,15
575237841,1627049555599883,11010053,490787428,22543493,100186,146249,0.20700002,0.4672377,1.029,1.2190001,0.81,0.91999996,93,2,0.09,0.085,0.032,0.034,0.4881654,0,nan,0.0,1404,3,0,1,15
575441683,1627049555799884,11010053,490787430,22543494,100186,146249,0.216,0.46723893,1.029,1.218,0.81,0.91999996,93,2,0.091000006,0.086,0.028,0.022000002,0.4881654,0,nan,0.0,1404,3,0,1,15
575643460,1627049555999885,11010053,490787431,22543496,100166,146229,0.18800001,0.46724015,1.029,1.218,0.81,0.91999996,93,2,0.07300001,0.069000006,0.024,0.056,0.4881654,0,nan,0.0,1404,3,0,1,15
575839876,1627049556199884,11010053,490787430,22543498,100121,146184,0.193,0.4672412,1.031,1.2190001,0.81,0.91999996,93,2,0.101,0.085,0.055000003,0.063,0.4881654,0,nan,0.0,1404,3,0,1,15
576040442,1627049556399884,11010053,490787432,22543499,100083,146145,0.20400001,0.46724242,1.031,1.2190001,1.14,1.3,93,2,0.14600001,0.13800001,0.046000004,0.076000005,0.4881654,0,nan,0.0,1404,3,0,1,14
576244560,1627049556599884,11010053,490787441,22543495,100010,146072,0.238,0.30400127,1.0320001,1.22,1.14,1.3,93,3,0.62700003,0.606,-0.162,0.141,6.2442765,0,nan,0.0,1404,3,0,1,14
576435553,1627049556799884,11010053,490787462,22543483,100007,146070,0.24700001,0.17161055,1.034,1.222,1.14,1.3,93,3,1.2,1.123,-0.425,0.066,5.999203,0,nan,0.0,1404,3,0,1,14
576641610,1627049556999885,11010053,490787505,22543466,100037,146100,0.23900001,0.07921735,1.0320001,1.22,1.15,1.35,93,3,2.2710001,2.183,-0.62700003,0.063,6.0027704,0,nan,0.0,1404,3,0,1,13
576837439,1627049557199884,11010053,490787557,22543436,99975,146038,0.25100002,0.06511876,1.0320001,1.22,1.14,1.3,93,3,3.15,2.9580002,-1.085,0.158,5.9602823,0,nan,0.0,1404,3,0,1,14
577037907,1627049557399884,11010053,490787627,22543398,99922,145985,0.23900001,0.045689926,1.0320001,1.2190001,1.14,1.3,93,3,4.0730004,3.8230002,-1.406,0.18400002,5.940407,0,nan,0.0,1404,3,0,1,14
577239319,1627049557599884,11010053,490787706,22543350,99839,145902,0.24400002,0.043126386,1.0320001,1.22,1.14,1.3,93,4,4.8560004,4.5280004,-1.7540001,0.192,5.92617,0,nan,0.0,1560,3,0,1,14
577444822,1627049557799884,11010053,490787801,22543295,99764,145827,0.24000001,0.034955278,1.0320001,1.22,1.14,1.3,93,4,5.6580005,5.2920003,-2.0,0.22100002,5.923608,0,nan,0.0,1560,3,0,1,14
577642165,1627049557999885,11010053,490787909,22543230,99710,145773,0.23700002,0.031052371,1.0320001,1.2210001,1.14,1.3,93,4,6.4470005,6.0230002,-2.3000002,0.21700001,5.9206367,0,nan,0.0,1560,3,0,1,14
577837524,1627049558199884,11010053,490788029,22543158,99634,145697,0.24900001,0.027651425,1.0320001,1.2210001,1.14,1.3,93,4,7.1960006,6.6940002,-2.6390002,0.24300002,5.9133043,0,nan,0.0,1560,3,0,1,14
578042110,1627049558399884,11010053,490788158,22543080,99502,145565,0.23200001,0.025265384,1.031,1.2210001,1.14,1.3,93,4,7.8160005,7.2640004,-2.8850002,0.36600003,5.9087353,0,nan,0.0,1560,3,0,1,14
578241766,1627049558599884,11010053,490788290,22542999,99478,145541,0.238,0.023011118,1.029,1.22,1.14,1.3,99,3,8.022,7.4670005,-2.9310002,-0.022000002,5.9091516,0,nan,0.0,1560,3,0,1,14
578436391,1627049558799884,11010053,490788398,22542924,99539,145602,0.268,0.030170457,1.031,1.222,1.14,1.3,99,3,6.748,6.1410003,-2.7960002,-0.36900002,5.8887143,0,nan,0.0,1560,3,0,1,14
578646675,1627049558999886,11010053,490788471,22542857,99476,145539,0.30400002,0.04857827,1.034,1.225,1.14,1.3,99,3,4.9280005,4.2530003,-2.489,0.041,5.8503194,0,nan,0.0,1560,3,0,1,14
578840433,1627049559199885,11010053,490788519,22542786,99234,145297,0.35300002,0.07879096,1.0400001,1.2310001,1.14,1.3,99,3,3.923,2.9220002,-2.6160002,0.76900005,5.7678666,0,nan,0.0,1560,3,0,1,14
579032445,1627049559399885,11010053,490788543,22542734,98929,144992,0.312,0.1008535,1.0450001,1.235,1.14,1.3,99,3,2.5760002,1.626,-1.9980001,1.218,5.626587,0,nan,0.0,1560,3,0,1,14
579242352,1627049559599885,11010053,490788541,22542698,98798,144861,0.28,0.25859827,1.051,1.2420001,1.14,1.3,99,2,1.3340001,0.102000006,-1.3310001,0.725,5.515943,0,nan,0.0,1326,3,0,1,14
579437423,1627049559799885,11010053,490788553,22542669,98688,144751,0.254,0.21730343,1.0530001,1.245,1.14,1.3,99,2,1.2080001,0.583,-1.0580001,0.50600004,5.340038,0,nan,0.0,1326,3,0,1,14
579638866,1627049559999886,11010053,490788557,22542652,98550,144612,0.194,0.29063728,1.052,1.2440001,1.14,1.3,99,2,0.75500005,0.37300003,-0.656,0.37800002,5.300126,0,nan,0.0,1326,3,0,1,14
579836785,1627049560199885,11010053,490788568,22542634,98481,144543,0.20500001,0.24116889,1.049,1.241,1.14,1.3,99,2,0.88900006,0.559,-0.69100004,0.314,5.3547044,0,nan,0.0,1326,3,0,1,14
580035590,1627049560399885,11010053,490788575,22542616,98452,144515,0.208,0.3354256,1.0500001,1.241,1.14,1.3,99,2,0.698,0.36800003,-0.59300005,0.22600001,5.3249555,0,nan,0.0,1326,3,0,1,14
580243090,1627049560599885,11010053,490788583,22542604,98437,144500,0.23400001,0.31491184,1.0500001,1.241,1.14,1.3,99,3,0.666,0.48100004,-0.46100003,0.08800001,5.427999,0,nan,0.0,1482,3,0,1,14
580437620,1627049560799885,11010053,490788592,22542592,98438,144500,0.24900001,0.3322578,1.0500001,1.241,0.81,0.91999996,99,3,0.643,0.503,-0.40100002,-0.020000001,5.513996,0,nan,0.0,1482,3,0,1,15
580643447,1627049560999886,11010053,490788601,22542586,98426,144489,0.27600002,0.34003147,1.0500001,1.241,0.81,0.91999996,99,3,0.574,0.53000003,-0.22100002,-0.069000006,5.697155,0,nan,0.0,1482,3,0,1,15
580839352,1627049561199885,11010053,490788613,22542583,98443,144505,0.284,0.27879244,1.051,1.241,0.81,0.91999996,99,3,0.68,0.66,-0.165,-0.124000005,5.9010334,0,nan,0.0,1482,3,0,1,15
581034448,1627049561399885,11010053,490788625,22542582,98468,144530,0.29000002,0.2938679,1.051,1.241,0.81,0.91999996,99,3,0.66700006,0.66,-0.1,-0.16100001,6.01114,0,nan,0.0,1482,3,0,1,15
581240268,1627049561599885,11010053,490788638,22542584,98472,144535,0.263,0.25419462,1.0500001,1.24,0.81,0.91999996,99,3,0.758,0.757,0.037,-0.15900001,6.1944695,0,nan,0.0,1482,3,0,1,15
581437043,1627049561799885,11010053,490788655,22542585,98519,144582,0.27,0.21900775,1.049,1.24,0.81,0.91999996,99,3,0.91400003,0.91200006,0.057000004,-0.21800001,6.281132,0,nan,0.0,1482,3,0,1,15
581630839,1627049561999886,11010053,490788670,22542588,98548,144611,0.266,0.2161536,1.049,1.24,0.81,0.91999996,99,3,0.883,0.87900007,0.087000005,-0.19800001,0.049092446,0,nan,0.0,1482,3,0,1,15
581836564,1627049562199886,11010053,490788688,22542592,98566,144628,0.26500002,0.19741105,1.049,1.24,0.81,0.91999996,99,3,1.0040001,1.001,0.085,-0.165,0.06825075,0,nan,0.0,1482,3,0,1,15
582035201,1627049562399886,11010053,490788708,22542595,98571,144634,0.252,0.17709035,1.0480001,1.238,0.81,0.91999996,99,3,1.0680001,1.064,0.08800001,-0.12900001,0.076133706,0,nan,0.0,1482,3,0,1,15
582234485,1627049562599886,11010053,490788727,22542598,98574,144637,0.24300002,0.15374988,1.046,1.2370001,0.81,0.91999996,92,3,1.13,1.1290001,0.034,-0.101,0.049966853,0,nan,0.0,1560,3,0,1,15
582434438,1627049562799886,11010053,490788746,22542598,98576,144639,0.245,0.1479505,1.046,1.2360001,0.81,0.91999996,92,3,1.1520001,1.149,-0.08400001,-0.096,6.269427,0,nan,0.0,1560,3,0,1,15
582637182,1627049562999887,11010053,490788768,22542597,98589,144652,0.24800001,0.1385828,1.044,1.235,0.81,0.91999996,92,3,1.2930001,1.2870001,-0.11800001,-0.11100001,6.2281275,0,nan,0.0,1560,3,0,1,15
582842463,1627049563199886,11010053,490788790,22542592,98575,144638,0.25,0.1418649,1.044,1.2340001,0.81,0.91999996,92,3,1.3030001,1.2870001,-0.20600002,-0.066,6.177319,0,nan,0.0,1560,3,0,1,15
583037030,1627049563399886,11010053,490788814,22542586,98560,144623,0.25500003,0.13838017,1.044,1.233,0.81,0.91999996,92,3,1.353,1.327,-0.264,-0.039,6.1308985,0,nan,0.0,1560,3,0,1,15
583241093,1627049563599886,11010053,490788839,22542577,98547,144610,0.254,0.13281398,1.0430001,1.2320001,0.81,0.91999996,92,3,1.45,1.414,-0.32200003,-0.035,6.093511,0,nan,0.0,1404,3,0,1,15
583439103,1627049563799886,11010053,490788863,22542564,98518,144581,0.252,0.13383219,1.042,1.2310001,0.81,0.91999996,92,3,1.4760001,1.3980001,-0.47400004,-0.032,6.025359,0,nan,0.0,1404,3,0,1,15
583637442,1627049563999887,11010053,490788886,22542551,98474,144537,0.257,0.13686924,1.0430001,1.2320001,0.81,0.91999996,92,3,1.4540001,1.3610001,-0.51000005,-0.001,5.976198,0,nan,0.0,1404,3,0,1,15
583838461,1627049564199886,11010053,490788911,22542535,98462,144524,0.26200002,0.13153726,1.044,1.2320001,0.81,0.91999996,92,3,1.534,1.4120001,-0.6,-0.035,5.9268937,0,nan,0.0,1404,3,0,1,15
584038483,1627049564399886,11010053,490788935,22542520,98446,144509,0.25100002,0.123146415,1.042,1.2310001,0.81,0.91999996,92,3,1.5580001,1.434,-0.60800004,-0.08400001,5.903092,0,nan,0.0,1404,3,0,1,15
584236610,1627049564599886,11010053,490788960,22542503,98420,144483,0.24000001,0.11378255,1.0400001,1.228,0.81,0.91999996,92,3,1.59,1.45,-0.652,-0.052,5.8801765,0,nan,0.0,1638,3,0,1,15
584434608,1627049564799886,11010053,490788985,22542484,98429,144491,0.25500003,0.109906875,1.0400001,1.2270001,0.81,0.91999996,92,3,1.6620001,1.4970001,-0.72200006,-0.112,5.8562007,0,nan,0.0,1638,3,0,1,15
584638472,1627049564999887,11010053,490789011,22542464,98427,144490,0.25100002,0.11419252,1.039,1.2260001,0.81,0.91999996,92,3,1.6480001,1.4660001,-0.75200003,-0.14600001,5.8334904,0,nan,0.0,1638,3,0,1,15
584837470,1627049565199887,11010053,490789035,22542443,98428,144491,0.22900002,0.10280408,1.0370001,1.223,0.81,0.91999996,92,3,1.618,1.427,-0.762,-0.13700001,5.810914,0,nan,0.0,1638,3,0,1,15
585035351,1627049565399887,11010053,490789061,22542420,98449,144511,0.24400002,0.108473435,1.036,1.222,0.81,0.91999996,92,3,1.6790001,1.465,-0.82100004,-0.132,5.7927313,0,nan,0.0,1638,3,0,1,15
585235252,1627049565599887,11010053,490789086,22542398,98479,144542,0.22000001,0.109554134,1.033,1.218,0.81,0.91999996,92,4,1.605,1.381,-0.818,-0.136,5.770907,0,nan,0.0,1638,3,0,1,15
585435311,1627049565799887,11010053,490789108,22542376,98472,144535,0.21800001,0.11041179,1.029,1.215,0.81,0.91999996,92,4,1.593,1.371,-0.81100005,-0.093,5.7601194,0,nan,0.0,1638,3,0,1,15
585636223,1627049565999888,11010053,490789133,22542352,98472,144534,0.215,0.10444329,1.026,1.2110001,0.81,0.91999996,92,4,1.6840001,1.4250001,-0.896,-0.069000006,5.739939,0,nan,0.0,1638,3,0,1,15
585838172,1627049566199887,11010053,490789155,22542328,98451,144514,0.21700001,0.1064609,1.023,1.2080001,0.81,0.91999996,92,4,1.626,1.378,-0.864,-0.017,5.7315307,0,nan,0.0,1638,3,0,1,15
586038923,1627049566399887,11010053,490789179,22542306,98406,144469,0.215,0.105654724,1.0200001,1.205,0.81,0.91999996,92,4,1.6710001,1.4350001,-0.85800004,0.075,5.7379994,0,nan,0.0,1638,3,0,1,15
586233198,1627049566599887,11010053,490789203,22542283,98364,144427,0.22800002,0.118170306,1.0200001,1.2040001,0.81,0.91999996,92,3,1.6810001,1.4350001,-0.87700003,0.089,5.7365723,0,nan,0.0,1482,3,0,1,15
586441474,1627049566799887,11010053,490789228,22542261,98340,144403,0.20500001,0.11655745,1.016,1.2010001,0.81,0.91999996,92,3,1.639,1.416,-0.82500005,0.109000005,5.746088,0,nan,0.0,1482,3,0,1,15
586634434,1627049566999888,11010053,490789254,22542239,98286,144349,0.208,0.10848111,1.013,1.197,0.81,0.91999996,92,3,1.6550001,1.4580001,-0.78300005,0.15200001,5.7697434,0,nan,0.0,1482,3,0,1,15
586831468,1627049567199887,11010053,490789277,22542218,98223,144286,0.23600002,0.11566261,1.011,1.194,0.81,0.91999996,92,3,1.6220001,1.4260001,-0.77300006,0.158,5.7775793,0,nan,0.0,1482,3,0,1,15
587034437,1627049567399887,11010053,490789303,22542196,98163,144226,0.22600001,0.1104172,1.008,1.1910001,0.81,0.91999996,92,3,1.7090001,1.498,-0.823,0.17,5.7792854,0,nan,0.0,1482,3,0,1,15
587237768,1627049567599887,11010053,490789327,22542175,98090,144152,0.23,0.11150175,1.006,1.1880001,0.81,0.91999996,92,3,1.6300001,1.4510001,-0.74300003,0.15900001,5.7943144,0,nan,0.0,1482,3,0,1,15
587432441,1627049567799887,11010053,490789355,22542153,98045,144107,0.224,0.10163226,1.0040001,1.1850001,0.81,0.91999996,92,3,1.789,1.598,-0.804,0.177,5.8066635,0,nan,0.0,1482,3,0,1,15
587640550,1627049567999888,11010053,490789381,22542133,97997,144060,0.23900001,0.117143005,1.003,1.1850001,0.81,0.91999996,92,3,1.6940001,1.5170001,-0.753,0.15400001,5.81351,0,nan,0.0,1482,3,0,1,15
587839579,1627049568199887,11010053,490789408,22542111,97928,143990,0.24300002,0.10163017,1.003,1.1850001,0.81,0.91999996,92,3,1.7700001,1.5830001,-0.79200006,0.172,5.816934,0,nan,0.0,1482,3,0,1,15
588040220,1627049568399888,11010053,490789436,22542090,97882,143945,0.238,0.1000695,1.0020001,1.1830001,0.81,0.91999996,92,3,1.7700001,1.588,-0.78000003,0.14400001,5.8218584,0,nan,0.0,1482,3,0,1,15
588233718,1627049568599888,11010053,490789464,22542071,97806,143868,0.215,0.10425323,1.0,1.1810001,0.81,0.91999996,92,3,1.7300001,1.5870001,-0.69000006,0.22500001,5.8465548,0,nan,0.0,1482,3,0,1,15
588437434,1627049568799888,11010053,490789492,22542050,97730,143793,0.21200001,0.099965826,0.99700004,1.1780001,0.81,0.91999996,92,3,1.7720001,1.6120001,-0.73600006,0.21900001,5.8507447,0,nan,0.0,1482,3,0,1,15
588636461,1627049568999889,11010053,490789519,22542029,97649,143712,0.202,0.09127897,0.99500006,1.176,0.81,0.91999996,92,3,1.8190001,1.6380001,-0.79200006,0.20300001,5.8408766,0,nan,0.0,1482,3,0,1,15
588839423,1627049569199888,11010053,490789548,22542010,97578,143641,0.22000001,0.10468781,0.99300003,1.1750001,0.81,0.91999996,92,3,1.8050001,1.6600001,-0.707,0.216,5.858072,0,nan,0.0,1482,3,0,1,15
589045768,1627049569399888,11010053,490789578,22541990,97552,143615,0.23600002,0.10432077,0.99100006,1.172,0.81,0.91999996,92,3,1.83,1.6790001,-0.72700006,0.142,5.8663726,0,nan,0.0,1482,3,0,1,15
589240660,1627049569599888,11010053,490789607,22541972,97494,143557,0.22600001,0.10285208,0.989,1.1700001,0.81,0.91999996,92,4,1.8000001,1.6750001,-0.657,0.16800001,5.888166,0,nan,0.0,1560,3,0,1,15
589433509,1627049569799888,11010053,490789637,22541953,97447,143510,0.22800002,0.09724189,0.98700005,1.1680001,0.81,0.91999996,92,4,1.8690001,1.7310001,-0.70600003,0.132,5.892315,0,nan,0.0,1560,3,0,1,15
589638190,1627049569999889,11010053,490789667,22541934,97395,143458,0.21800001,0.09840026,0.984,1.164,0.81,0.91999996,92,4,1.84,1.6940001,-0.71900004,0.171,5.8871922,0,nan,0.0,1560,3,0,1,15
589832667,1627049570199888,11010053,490789698,22541918,97363,143425,0.23,0.101798594,0.98200005,1.1620001,0.81,0.91999996,92,4,1.812,1.7070001,-0.60700005,0.15200001,5.913536,0,nan,0.0,1560,3,0,1,15
590032202,1627049570399888,11010053,490789727,22541900,97337,143400,0.238,0.106370136,0.98100007,1.161,0.81,0.91999996,92,4,1.7900001,1.6680001,-0.65000004,0.09,5.912648,0,nan,0.0,1560,3,0,1,15
590234548,1627049570599888,11010053,490789756,22541883,97314,143376,0.23900001,0.10938903,0.97900003,1.159,0.81,0.91999996,101,3,1.751,1.6340001,-0.63000005,0.075,5.913757,0,nan,0.0,1404,3,0,1,15
590433469,1627049570799888,11010053,490789781,22541869,97287,143349,0.24300002,0.12313699,0.97900003,1.1570001,0.81,0.91999996,101,3,1.5330001,1.439,-0.527,0.055000003,5.9219255,0,nan,0.0,1404,3,0,1,15
590633844,1627049570999889,11010053,490789802,22541857,97260,143323,0.22000001,0.14148162,0.9760001,1.154,0.84,0.93,101,3,1.291,1.2060001,-0.462,0.041,5.919944,0,nan,0.0,1404,3,0,1,14
590837492,1627049571199888,11010053,490789817,22541850,97226,143289,0.22500001,0.19353431,0.97400004,1.1520001,0.84,0.93,101,3,0.97700006,0.938,-0.275,0.062000003,5.947148,0,nan,0.0,1404,3,0,1,14
591034458,1627049571399889,11010053,490789826,22541845,97193,143256,0.216,0.33078542,0.97200006,1.148,0.76,0.82,101,3,0.565,0.54,-0.164,0.098000005,5.9577513,0,nan,0.0,1404,3,0,1,15
591238941,1627049571599889,11010053,490789828,22541844,97165,143228,0.21400002,0.33078736,0.97,1.146,0.76,0.82,101,2,0.202,0.19700001,-0.044000003,0.104,5.9577513,0,nan,0.0,1404,3,0,1,15
591432579,1627049571799889,11010053,490789824,22541849,97111,143174,0.245,0.77199763,0.96900004,1.143,0.84,0.93,101,2,0.22800002,-0.13900001,0.18,0.112,0.07066593,0,nan,0.0,1404,3,0,1,14
591633886,1627049571999890,11010053,490789814,22541858,97080,143143,0.24400002,0.31065744,0.96800005,1.141,0.84,0.93,101,2,0.57100004,-0.476,0.31500003,0.102000006,2.2107122,0,nan,0.0,1404,3,0,1,14
591840216,1627049572199889,11010053,490789801,22541869,97064,143127,0.24200001,0.21682626,0.96700007,1.139,0.76,0.82,101,2,0.82900006,-0.71400005,0.42000002,0.055000003,2.4789138,0,nan,0.0,1404,3,0,1,15
592035752,1627049572399889,11010053,490789784,22541884,97033,143096,0.23900001,0.16608499,0.966,1.1370001,0.84,0.93,101,2,1.07,-0.92100006,0.545,0.047000002,2.559715,0,nan,0.0,1404,3,0,1,14
592233427,1627049572599889,11010053,490789763,22541903,97045,143108,0.238,0.1351438,0.96500003,1.1350001,0.84,0.93,101,2,1.3180001,-1.1400001,0.66,-0.028,2.5940104,0,nan,0.0,1404,3,0,1,14
592436205,1627049572799889,11010053,490789741,22541921,97053,143115,0.23900001,0.13187568,0.96300006,1.133,0.84,0.93,101,2,1.393,-1.23,0.65400004,-0.063,2.6243706,0,nan,0.0,1404,3,0,1,14
592631952,1627049572999890,11010053,490789717,22541940,97049,143112,0.23600002,0.12718406,0.9620001,1.131,0.84,0.93,101,2,1.462,-1.297,0.67300004,-0.081,2.6442416,0,nan,0.0,1404,3,0,1,14
592831407,1627049573199889,11010053,490789694,22541956,97069,143132,0.23400001,0.12907913,0.961,1.1290001,0.84,0.93,101,2,1.439,-1.317,0.58000004,-0.104,2.6848755,0,nan,0.0,1404,3,0,1,14
593040128,1627049573399889,11010053,490789672,22541971,97109,143172,0.23500001,0.14010787,0.96000004,1.128,0.84,0.93,101,2,1.355,-1.251,0.52000004,-0.149,2.7136824,0,nan,0.0,1404,3,0,1,14
593233954,1627049573599889,11010053,490789651,22541985,97159,143222,0.24300002,0.15616053,0.96000004,1.128,0.84,0.93,101,3,1.299,-1.19,0.521,-0.2,2.7205753,0,nan,0.0,1248,3,0,1,14
593436647,1627049573799889,11010053,490789631,22541998,97217,143280,0.23300001,0.1614838,0.96000004,1.1270001,0.84,0.93,101,3,1.235,-1.1420001,0.47100002,-0.238,2.7351534,0,nan,0.0,1248,3,0,1,14
593633434,1627049573999890,11010053,490789610,22542014,97245,143308,0.23,0.14056584,0.95900005,1.126,0.84,0.93,101,3,1.274,-1.133,0.582,-0.19100001,2.696622,0,nan,0.0,1248,3,0,1,14
593832159,1627049574199889,11010053,490789591,22542032,97297,143360,0.22900002,0.14423226,0.95800006,1.125,0.81,0.91999996,101,3,1.2440001,-1.067,0.64000005,-0.252,2.6502302,0,nan,0.0,1248,3,0,1,15
594039320,1627049574399889,11010053,490789573,22542049,97369,143432,0.22600001,0.15878062,0.957,1.1240001,0.84,0.93,101,3,1.2,-1.039,0.6,-0.279,2.6355147,0,nan,0.0,1248,3,0,1,14
594241200,1627049574599890,11010053,490789553,22542066,97414,143477,0.223,0.14345942,0.95500004,1.1220001,0.76,0.82,101,8,1.3030001,-1.1340001,0.642,-0.22600001,2.6304915,0,nan,0.0,1560,3,0,1,15
594434518,1627049574799890,11010053,490789535,22542084,97460,143523,0.24100001,0.15210265,0.95400006,1.121,0.84,0.93,101,8,1.222,-1.0400001,0.64100003,-0.246,2.611233,0,nan,0.0,1560,3,0,1,14
594633988,1627049574999891,11010053,490789514,22542103,97529,143592,0.238,0.1390242,0.95300007,1.12,0.84,0.93,101,8,1.3840001,-1.169,0.74100006,-0.254,2.592521,0,nan,0.0,1560,3,0,1,14
594834066,1627049575199890,11010053,490789494,22542120,97590,143652,0.245,0.14802748,0.95400006,1.12,0.84,0.93,101,8,1.322,-1.161,0.633,-0.256,2.6160645,0,nan,0.0,1560,3,0,1,14
595034934,1627049575399890,11010053,490789473,22542138,97656,143719,0.22800002,0.12665819,0.95300007,1.1190001,0.84,0.93,101,8,1.342,-1.182,0.63600004,-0.286,2.6343083,0,nan,0.0,1560,3,0,1,14
595234471,1627049575599890,11010053,490789450,22542156,97697,143760,0.25,0.13576375,0.95300007,1.1190001,0.84,0.93,101,7,1.46,-1.2870001,0.689,-0.22900002,2.6416588,0,nan,0.0,1482,3,0,1,14
595431230,1627049575799890,11010053,490789425,22542169,97693,143756,0.22700001,0.13017642,0.95100003,1.118,0.84,0.93,101,7,1.437,-1.343,0.512,-0.15100001,2.7121778,0,nan,0.0,1482,3,0,1,14
595640582,1627049575999891,11010053,490789404,22542186,97746,143809,0.22900002,0.1417305,0.9480001,1.116,0.81,0.91999996,101,7,1.417,-1.2720001,0.62600005,-0.18200001,2.6993928,0,nan,0.0,1482,3,0,1,15
595830446,1627049576199890,11010053,490789380,22542203,97792,143855,0.24200001,0.14140639,0.9480001,1.115,0.81,0.91999996,101,7,1.516,-1.378,0.632,-0.185,2.7054422,0,nan,0.0,1482,3,0,1,15
596032433,1627049576399890,11010053,490789356,22542220,97809,143871,0.22700001,0.12986383,0.94600004,1.113,0.81,0.91999996,101,7,1.475,-1.3470001,0.601,-0.116000004,2.7141771,0,nan,0.0,1482,3,0,1,15
596231987,1627049576599890,11010053,490789332,22542234,97821,143884,0.22500001,0.12841137,0.94500005,1.1110001,0.81,0.91999996,101,7,1.434,-1.327,0.544,-0.12100001,2.7335885,0,nan,0.0,1170,3,0,1,15
596424809,1627049576799890,11010053,490789307,22542251,97849,143912,0.21900001,0.116648555,0.943,1.1090001,0.81,0.91999996,101,7,1.5680001,-1.4530001,0.591,-0.11400001,2.745526,0,nan,0.0,1170,3,0,1,15
596631854,1627049576999891,11010053,490789283,22542266,97898,143961,0.223,0.124053985,0.94100004,1.107,0.81,0.91999996,101,7,1.511,-1.396,0.578,-0.157,2.7471497,0,nan,0.0,1170,3,0,1,15
596835547,1627049577199890,11010053,490789257,22542283,97922,143984,0.21200001,0.11250008,0.94000006,1.105,0.81,0.91999996,101,7,1.6330001,-1.5100001,0.623,-0.11100001,2.7489345,0,nan,0.0,1170,3,0,1,15
597029507,1627049577399890,11010053,490789232,22542301,97967,144030,0.215,0.11766276,0.938,1.1040001,0.81,0.91999996,101,7,1.626,-1.483,0.66700006,-0.115,2.7346919,0,nan,0.0,1170,3,0,1,15
597233396,1627049577599891,11010053,490789206,22542319,97984,144047,0.246,0.12043557,0.938,1.105,0.81,0.91999996,101,3,1.6290001,-1.5000001,0.63500005,-0.072000004,2.7378101,0,nan,0.0,1326,3,0,1,15
597429436,1627049577799891,11010053,490789179,22542338,98002,144065,0.25100002,0.114476845,0.938,1.105,0.81,0.91999996,101,3,1.6800001,-1.526,0.702,-0.07,2.7235472,0,nan,0.0,1326,3,0,1,15
597634100,1627049577999892,11010053,490789151,22542356,98019,144082,0.24800001,0.11556785,0.93900007,1.1060001,0.81,0.91999996,101,3,1.6530001,-1.5150001,0.66300005,-0.055000003,2.7263103,0,nan,0.0,1326,3,0,1,15
597828786,1627049578199891,11010053,490789122,22542375,98023,144086,0.22500001,0.09978501,0.938,1.105,0.81,0.91999996,101,3,1.7930001,-1.649,0.702,-0.012,2.7335765,0,nan,0.0,1326,3,0,1,15
598034429,1627049578399891,11010053,490789093,22542395,98016,144079,0.22700001,0.104296334,0.938,1.1040001,0.81,0.91999996,101,3,1.7440001,-1.5740001,0.75100005,-0.042000003,2.7157595,0,nan,0.0,1326,3,0,1,15
598232359,1627049578599891,11010053,490789064,22542413,98020,144083,0.22500001,0.109968826,0.93700004,1.1040001,0.81,0.91999996,101,2,1.746,-1.6220001,0.647,-0.023000002,2.7375805,0,nan,0.0,1326,3,0,1,15
598434472,1627049578799891,11010053,490789035,22542429,98034,144097,0.21800001,0.106053,0.93600005,1.103,0.81,0.91999996,101,2,1.774,-1.659,0.63100004,-0.031000001,2.7586255,0,nan,0.0,1326,3,0,1,15
598634433,1627049578999892,11010053,490789005,22542448,98025,144088,0.22200002,0.1055603,0.93600005,1.103,0.81,0.91999996,101,2,1.7900001,-1.6470001,0.70100003,0.018000001,2.748728,0,nan,0.0,1326,3,0,1,15
598834516,1627049579199891,11010053,490788975,22542466,98031,144094,0.22200002,0.10024159,0.93500006,1.103,0.81,0.91999996,101,2,1.8420001,-1.7120001,0.68100005,-0.014,2.7562928,0,nan,0.0,1326,3,0,1,15
599040898,1627049579399891,11010053,490788942,22542487,98028,144091,0.23300001,0.10391289,0.93600005,1.103,0.81,0.91999996,101,2,1.8730001,-1.7190001,0.74500006,-0.007,2.7449687,0,nan,0.0,1326,3,0,1,15
599230203,1627049579599891,11010053,490788912,22542506,98030,144092,0.223,0.102532506,0.93600005,1.103,0.81,0.91999996,101,3,1.797,-1.649,0.71300006,-0.015000001,2.7392755,0,nan,0.0,1404,3,0,1,15
599430443,1627049579799891,11010053,490788880,22542526,98039,144102,0.22100002,0.09510893,0.93500006,1.102,0.81,0.91999996,101,3,1.9160001,-1.7800001,0.71000004,-0.048,2.7515292,0,nan,0.0,1404,3,0,1,15
599631550,1627049579999892,11010053,490788848,22542547,98033,144095,0.22000001,0.094876796,0.934,1.1010001,0.81,0.91999996,101,3,1.8830001,-1.7260001,0.75200003,-0.020000001,2.7412064,0,nan,0.0,1404,3,0,1,15
599841913,1627049580199891,11010053,490788817,22542569,98030,144093,0.21700001,0.10050181,0.933,1.1,0.81,0.91999996,101,3,1.9010001,-1.7190001,0.813,-0.010000001,2.7217052,0,nan,0.0,1404,3,0,1,15
600032332,1627049580399891,11010053,490788786,22542591,98055,144118,0.22200002,0.10382649,0.933,1.1,0.81,0.91999996,101,3,1.8950001,-1.7040001,0.82900006,-0.060000002,2.7058246,0,nan,0.0,1404,3,0,1,15
600237930,1627049580599891,11010053,490788755,22542614,98078,144141,0.22200002,0.10035469,0.933,1.1010001,0.81,0.91999996,101,2,1.9050001,-1.7080001,0.84400004,-0.048,2.6938326,0,nan,0.0,1014,3,0,1,15
600437898,1627049580799892,11010053,490788723,22542634,98070,144133,0.201,0.08787453,0.93200004,1.0990001,0.81,0.91999996,101,2,1.9250001,-1.7600001,0.78000003,-0.054,2.7112534,0,nan,0.0,1014,3,0,1,15
600638532,1627049580999893,11010053,490788691,22542657,98069,144132,0.24000001,0.104753435,0.933,1.1,0.81,0.91999996,101,2,1.927,-1.7220001,0.864,-0.07300001,2.6969428,0,nan,0.0,1014,3,0,1,15
600838570,1627049581199892,11010053,490788660,22542680,98077,144140,0.24400002,0.1036757,0.934,1.102,0.81,0.91999996,101,2,1.9240001,-1.7270001,0.84800005,-0.041,2.6908944,0,nan,0.0,1014,3,0,1,15
601037082,1627049581399892,11010053,490788629,22542703,98071,144134,0.245,0.10470561,0.93500006,1.1040001,0.81,0.91999996,101,2,1.909,-1.7110001,0.846,-0.031000001,2.6867292,0,nan,0.0,1014,3,0,1,15
601238546,1627049581599892,11010053,490788598,22542726,98101,144164,0.23300001,0.09111945,0.93600005,1.1040001,0.81,0.91999996,91,4,1.9240001,-1.7390001,0.823,-0.079,2.694,0,nan,0.0,1716,3,0,1,15
601433490,1627049581799892,11010053,490788569,22542748,98139,144202,0.24400002,0.10502815,0.93700004,1.105,0.81,0.91999996,91,4,1.8110001,-1.621,0.80600005,-0.097,2.6879873,0,nan,0.0,1716,3,0,1,15
601637828,1627049581999893,11010053,490788537,22542773,98139,144202,0.24700001,0.09994523,0.93900007,1.107,0.81,0.91999996,91,4,1.9280001,-1.713,0.88500005,-0.059000004,2.6757355,0,nan,0.0,1716,3,0,1,15
601838434,1627049582199892,11010053,490788507,22542797,98151,144214,0.263,0.110588945,0.94200003,1.11,0.81,0.91999996,91,4,1.886,-1.6620001,0.89000005,-0.039,2.6642287,0,nan,0.0,1716,3,0,1,15
602039000,1627049582399892,11010053,490788475,22542819,98159,144221,0.26900002,0.10719166,0.94500005,1.1120001,0.81,0.91999996,91,4,1.914,-1.741,0.794,-0.064,2.6898346,0,nan,0.0,1716,3,0,1,15
602248462,1627049582599892,11010053,490788442,22542842,98128,144191,0.25100002,0.10228502,0.947,1.1140001,0.81,0.91999996,90,2,1.9470001,-1.7620001,0.82900006,-0.026,2.6961598,0,nan,0.0,1326,3,0,1,15
602446180,1627049582799892,11010053,490788409,22542864,98117,144180,0.24900001,0.104523405,0.95000005,1.1170001,0.81,0.91999996,90,2,1.9300001,-1.771,0.767,-0.032,2.714172,0,nan,0.0,1326,3,0,1,15
602648107,1627049582999893,11010053,490788379,22542887,98138,144201,0.24900001,0.108330145,0.952,1.1190001,0.81,0.91999996,90,2,1.871,-1.6860001,0.81200004,0.001,2.7038662,0,nan,0.0,1326,3,0,1,15
602839434,1627049583199892,11010053,490788348,22542909,98150,144213,0.256,0.10335386,0.95400006,1.121,0.81,0.91999996,90,2,1.9310001,-1.7500001,0.81700003,0.003,2.7044227,0,nan,0.0,1326,3,0,1,15
603039473,1627049583399892,11010053,490788316,22542933,98165,144227,0.24900001,0.09720663,0.95500004,1.121,0.81,0.91999996,90,2,1.96,-1.784,0.813,-0.010000001,2.7094123,0,nan,0.0,1326,3,0,1,15
603237440,1627049583599892,11010053,490788285,22542955,98184,144247,0.23600002,0.099301904,0.95600003,1.1220001,0.81,0.91999996,90,2,1.9110001,-1.7320001,0.81000006,-0.027,2.7068586,0,nan,0.0,1326,3,0,1,15
603442464,1627049583799893,11010053,490788251,22542978,98167,144230,0.23500001,0.09443296,0.95600003,1.1240001,0.81,0.91999996,90,2,2.005,-1.8210001,0.841,0.009000001,2.7080119,0,nan,0.0,1326,3,0,1,15
603640431,1627049583999894,11010053,490788218,22542999,98146,144209,0.23,0.091230795,0.95600003,1.1240001,0.81,0.91999996,90,2,1.96,-1.8140001,0.74200004,-0.002,2.731393,0,nan,0.0,1326,3,0,1,15
603838576,1627049584199893,11010053,490788186,22543019,98155,144218,0.24100001,0.09996723,0.95600003,1.125,0.81,0.91999996,90,2,1.9200001,-1.7750001,0.731,-0.032,2.7403653,0,nan,0.0,1326,3,0,1,15
604034935,1627049584399893,11010053,490788152,22543038,98147,144209,0.25,0.09946195,0.957,1.1270001,0.81,0.91999996,90,2,1.9130001,-1.7900001,0.67600006,-0.019000001,2.7606602,0,nan,0.0,1326,3,0,1,15
604235815,1627049584599893,11010053,490788118,22543059,98143,144205,0.24200001,0.08777296,0.95800006,1.128,0.81,0.91999996,90,2,2.013,-1.8670001,0.75100005,0.003,2.7599418,0,nan,0.0,1482,3,0,1,15
604439428,1627049584799893,11010053,490788085,22543078,98136,144199,0.245,0.09106395,0.95900005,1.1290001,0.81,0.91999996,90,2,1.9610001,-1.8320001,0.69900006,0.012,2.768209,0,nan,0.0,1482,3,0,1,15
604637886,1627049584999894,11010053,490788055,22543098,98178,144240,0.238,0.10969219,0.96000004,1.131,0.81,0.91999996,90,2,1.904,-1.7570001,0.735,-0.094000004,2.758884,0,nan,0.0,1482,3,0,1,15
604837432,1627049585199893,11010053,490788022,22543117,98197,144260,0.24300002,0.10910733,0.9620001,1.1340001,0.81,0.91999996,90,2,1.9130001,-1.7870001,0.683,-0.08800001,2.767825,0,nan,0.0,1482,3,0,1,15
605035769,1627049585399893,11010053,490787991,22543135,98218,144281,0.238,0.11223304,0.96400005,1.1370001,0.81,0.91999996,90,2,1.858,-1.7190001,0.70500004,-0.125,2.7602217,0,nan,0.0,1482,3,0,1,15
605236481,1627049585599893,11010053,490787962,22543155,98250,144313,0.23700002,0.11242817,0.96400005,1.139,0.72999996,0.81,90,2,1.8110001,-1.667,0.708,-0.132,2.750136,0,nan,0.0,1326,3,0,1,16
605436900,1627049585799893,11010053,490787932,22543173,98227,144290,0.24300002,0.10435271,0.96500003,1.1400001,0.72999996,0.81,90,2,1.756,-1.618,0.683,-0.051000003,2.7459173,0,nan,0.0,1326,3,0,1,16
605641995,1627049585999894,11010053,490787900,22543191,98208,144271,0.238,0.1029842,0.96500003,1.141,0.72999996,0.81,90,2,1.835,-1.7140001,0.65500003,-0.015000001,2.7613516,0,nan,0.0,1326,3,0,1,16
605839729,1627049586199893,11010053,490787871,22543212,98213,144275,0.24400002,0.10109296,0.966,1.1420001,0.72999996,0.81,90,2,1.7950001,-1.6450001,0.71900004,0.016,2.7452207,0,nan,0.0,1326,3,0,1,16
606037584,1627049586399893,11010053,490787840,22543229,98184,144247,0.231,0.09116116,0.96500003,1.141,0.72999996,0.81,90,2,1.8780001,-1.7730001,0.61700004,0.060000002,2.7792134,0,nan,0.0,1326,3,0,1,16
606238438,1627049586599893,11010053,490787809,22543247,98163,144226,0.23200001,0.093966596,0.96400005,1.141,0.72999996,0.81,90,4,1.8560001,-1.738,0.652,0.047000002,2.7809315,0,nan,0.0,1482,3,0,1,16
606437700,1627049586799894,11010053,490787779,22543264,98136,144199,0.23900001,0.104341365,0.96400005,1.1420001,0.72999996,0.81,90,4,1.7720001,-1.6650001,0.605,0.09200001,2.7862716,0,nan,0.0,1482,3,0,1,16
606640433,1627049586999895,11010053,490787749,22543282,98128,144191,0.23600002,0.10925255,0.96400005,1.144,0.72999996,0.81,90,4,1.815,-1.69,0.66200006,0.095000006,2.7775693,0,nan,0.0,1482,3,0,1,16
606840767,1627049587199894,11010053,490787722,22543297,98111,144173,0.23400001,0.12447094,0.96400005,1.1450001,0.72999996,0.81,90,4,1.6480001,-1.549,0.563,0.10700001,2.784169,0,nan,0.0,1482,3,0,1,16
607041439,1627049587399894,11010053,490787692,22543313,98061,144124,0.22900002,0.12012472,0.96300006,1.146,0.72999996,0.81,90,4,1.6530001,-1.554,0.565,0.141,2.7887683,0,nan,0.0,1482,3,0,1,16
607248115,1627049587599894,11010053,490787663,22543327,97992,144054,0.25500003,0.13717833,0.96500003,1.1500001,0.72999996,0.81,91,5,1.603,-1.5180001,0.514,0.187,2.800308,0,nan,0.0,1638,3,0,1,16
607437638,1627049587799894,11010053,490787640,22543342,97959,144022,0.23900001,0.13658789,0.96500003,1.151,0.72999996,0.81,91,5,1.4330001,-1.319,0.56,0.158,2.7702496,0,nan,0.0,1638,3,0,1,16
607640542,1627049587999895,11010053,490787615,22543355,97923,143986,0.26000002,0.1472651,0.96700007,1.1550001,0.72999996,0.81,91,5,1.439,-1.355,0.48400003,0.149,2.7833252,0,nan,0.0,1638,3,0,1,16
607837856,1627049588199894,11010053,490787594,22543370,97871,143934,0.25300002,0.16429412,0.96800005,1.1570001,0.72999996,0.81,91,5,1.218,-1.1110001,0.499,0.18,2.7548625,0,nan,0.0,1638,3,0,1,16
608040855,1627049588399894,11010053,490787575,22543384,97851,143914,0.246,0.170774,0.96900004,1.159,0.72999996,0.81,91,5,1.2,-1.09,0.50200003,0.134,2.733415,0,nan,0.0,1638,3,0,1,16
608242441,1627049588599894,11010053,490787556,22543398,97800,143863,0.256,0.1805686,0.97,1.1620001,0.72999996,0.81,91,3,1.141,-1.034,0.48200002,0.19900002,2.7200198,0,nan,0.0,1482,3,0,1,16
608440443,1627049588799894,11010053,490787543,22543410,97809,143872,0.25100002,0.21116476,0.97,1.1620001,0.72999996,0.81,91,3,0.93200004,-0.82900006,0.42600003,0.141,2.697689,0,nan,0.0,1482,3,0,1,16
608640444,1627049588999895,11010053,490787529,22543419,97788,143851,0.24900001,0.23298068,0.97,1.164,0.72999996,0.81,91,3,0.84900004,-0.77300006,0.35300002,0.094000004,2.7048001,0,nan,0.0,1482,3,0,1,16
608841945,1627049589199894,11010053,490787516,22543428,97792,143855,0.252,0.25839844,0.97200006,1.167,0.72999996,0.81,91,3,0.818,-0.74700004,0.333,0.017,2.7125165,0,nan,0.0,1482,3,0,1,16
609040493,1627049589399894,11010053,490787507,22543438,97812,143875,0.25,0.3595305,0.975,1.171,0.72999996,0.81,91,3,0.64900005,-0.54700005,0.34800002,-0.038000003,2.665641,0,nan,0.0,1482,3,0,1,16
609231507,1627049589599894,11010053,490787495,22543443,97781,143844,0.25500003,0.37543288,0.97700006,1.1730001,0.72999996,0.81,91,2,0.57500005,-0.54300004,0.19000001,-0.040000003,2.732354,0,nan,0.0,1326,3,0,1,16
609440085,1627049589799894,11010053,490787487,22543450,97803,143866,0.24200001,0.4573593,0.98,1.177,0.72999996,0.81,91,2,0.528,-0.47900003,0.22100002,-0.080000006,2.7228465,0,nan,0.0,1326,3,0,1,16
609634858,1627049589999896,11010053,490787481,22543456,97842,143905,0.20700002,0.5095422,0.98100007,1.1780001,0.72999996,0.81,91,2,0.43,-0.38200003,0.19800001,-0.125,2.6961076,0,nan,0.0,1326,3,0,1,16
609833343,1627049590199895,11010053,490787477,22543460,97868,143931,0.18800001,0.78325975,0.97900003,1.176,0.72999996,0.81,91,2,0.268,-0.23900001,0.12200001,-0.142,2.6879768,0,nan,0.0,1326,3,0,1,16
610039057,1627049590399895,11010053,490787472,22543463,97888,143950,0.20400001,0.73665106,0.97900003,1.1750001,0.72999996,0.81,91,2,0.28500003,-0.27,0.091000006,-0.125,2.7559357,0,nan,0.0,1326,3,0,1,16
610240210,1627049590599895,11010053,490787470,22543465,97943,144006,0.18800001,0.7366522,0.97700006,1.172,0.72999996,0.81,91,2,0.22100002,-0.21800001,0.038000003,-0.15300001,2.7559357,0,nan,0.0,1326,3,0,1,16
610440273,1627049590799895,11010053,490787466,22543467,97974,144036,0.201,0.7366532,0.97700006,1.1730001,0.72999996,0.81,91,2,0.22600001,-0.216,0.067,-0.147,2.7559357,0,nan,0.0,1326,3,0,1,16
610638430,1627049590999896,11010053,490787464,22543469,98003,144066,0.177,0.73665386,0.9760001,1.172,0.72999996,0.81,91,2,0.156,-0.148,0.051000003,-0.13000001,2.7559357,0,nan,0.0,1326,3,0,1,16
610840688,1627049591199895,11010053,490787461,22543471,98026,144089,0.18400002,0.7366546,0.975,1.172,0.72999996,0.81,91,2,0.126,-0.120000005,0.039,-0.104,2.7559357,0,nan,0.0,1326,3,0,1,16
611041137,1627049591399895,11010053,490787459,22543470,98061,144124,0.186,0.7366553,0.9760001,1.1730001,0.72999996,0.81,91,2,0.083000004,-0.083000004,0.001,-0.158,2.7559357,0,nan,0.0,1326,3,0,1,16
611240717,1627049591599895,11010053,490787459,22543469,98114,144177,0.22700001,0.7366561,0.97700006,1.174,0.72999996,0.81,91,2,0.025,0.017,-0.019000001,-0.202,2.7559357,0,nan,0.0,1170,3,0,1,16
611434617,1627049591799895,11010053,490787458,22543468,98164,144226,0.22500001,0.736657,0.97800004,1.1750001,0.72999996,0.81,91,2,0.017,0.011000001,-0.013,-0.186,2.7559357,0,nan,0.0,1170,3,0,1,16
611641618,1627049591999896,11010053,490787459,22543467,98236,144299,0.24200001,0.73665786,0.97900003,1.176,0.72999996,0.81,91,2,0.048,0.041,-0.025,-0.16900001,2.7559357,0,nan,0.0,1170,3,0,1,16
611835727,1627049592199895,11010053,490787458,22543466,98293,144356,0.215,0.7366588,0.98300004,1.1800001,0.72999996,0.81,91,2,0.036000002,-0.033,-0.015000001,-0.17600001,2.7559357,0,nan,0.0,1170,3,0,1,16
612039058,1627049592399895,11010053,490787458,22543464,98354,144417,0.263,0.73665965,0.98700005,1.184,0.72999996,0.81,91,2,0.075,0.065000005,-0.038000003,-0.20600002,2.7559357,0,nan,0.0,1170,3,0,1,16
612248487,1627049592599895,11010053,490787457,22543462,98402,144465,0.23400001,0.73666054,0.99100006,1.1880001,0.72999996,0.81,90,2,0.069000006,-0.016,-0.068,-0.18200001,2.7559357,0,nan,0.0,780,3,0,1,16
612434540,1627049592799895,11010053,490787455,22543461,98445,144508,0.21300001,0.73666126,0.99300003,1.1910001,0.72999996,0.81,90,2,0.048,-0.045,-0.017,-0.16100001,2.7559357,0,nan,0.0,780,3,0,1,16
612637464,1627049592999897,11010053,490787454,22543460,98494,144557,0.20600002,0.7366621,0.99500006,1.195,0.72999996,0.81,90,2,0.059000004,-0.059000004,-0.001,-0.13800001,2.7559357,0,nan,0.0,780,3,0,1,16
612835960,1627049593199896,11010053,490787453,22543458,98519,144582,0.22000001,0.7366629,0.99700004,1.1980001,0.72999996,0.81,90,2,0.041,-0.023000002,-0.034,-0.128,2.7559357,0,nan,0.0,780,3,0,1,16
613036224,1627049593399896,11010053,490787452,22543458,98512,144575,0.18900001,0.7366635,0.998,1.199,0.72999996,0.81,90,2,0.064,-0.056,-0.032,-0.044000003,2.7559357,0,nan,0.0,780,3,0,1,16
613234683,1627049593599896,11010053,490787450,22543459,98520,144583,0.19500001,0.73666435,0.998,1.2,0.72999996,0.81,84,2,0.074,-0.064,-0.037,-0.035,2.7559357,0,nan,0.0,858,3,0,1,16
613434337,1627049593799896,11010053,490787447,22543463,98515,144578,0.16900001,0.73666507,0.99600005,1.199,0.72999996,0.81,84,2,0.046000004,-0.046000004,0.002,-0.030000001,2.7559357,0,nan,0.0,858,3,0,1,16
613636332,1627049593999897,11010053,490787444,22543470,98520,144582,0.165,0.7366656,0.99300003,1.1960001,0.72999996,0.81,84,2,0.047000002,-0.046000004,0.011000001,-0.028,2.7559357,0,nan,0.0,858,3,0,1,16
613832434,1627049594199896,11010053,490787442,22543476,98524,144587,0.17600001,0.7366663,0.99100006,1.195,0.72999996,0.81,84,2,0.007,-0.006,-0.004,-0.007,2.7559357,0,nan,0.0,858,3,0,1,16
614036612,1627049594399896,11010053,490787439,22543480,98526,144589,0.19900002,0.73666704,0.99100006,1.195,0.81,0.91999996,84,2,0.024,-0.019000001,-0.014,-0.007,2.7559357,0,nan,0.0,858,3,0,1,15
614236061,1627049594599896,11010053,490787437,22543485,98526,144589,0.209,0.73666763,0.99100006,1.1960001,0.81,0.91999996,101,1,0.025,-0.022000002,0.012,-0.012,2.7559357,0,nan,0.0,858,3,0,1,15
614435320,1627049594799896,11010053,490787436,22543489,98538,144601,0.20600002,0.7366686,0.99100006,1.197,0.81,0.91999996,101,1,0.021000002,-0.020000001,0.0050000004,-0.011000001,2.7559357,0,nan,0.0,858,3,0,1,15
614637077,1627049594999897,11010053,490787435,22543493,98546,144609,0.21000001,0.7366693,0.99000007,1.197,0.81,0.91999996,101,1,0.022000002,-0.022000002,-0.003,-0.008,2.7559357,0,nan,0.0,858,3,0,1,15
614835194,1627049595199896,11010053,490787434,22543497,98554,144617,0.259,0.7366703,0.99000007,1.1960001,0.72999996,0.81,101,1,0.028,-0.027,0.009000001,0.014,2.7559357,0,nan,0.0,858,3,0,1,16
615033430,1627049595399896,11010053,490787433,22543500,98565,144628,0.224,0.73667115,0.989,1.1960001,0.72999996,0.81,101,1,0.052,-0.048,-0.020000001,-0.003,2.7559357,0,nan,0.0,858,3,0,1,16
615236816,1627049595599896,11010053,490787433,22543500,98574,144637,0.20700002,0.73667186,0.98800004,1.195,0.72999996,0.81,101,1,0.039,0.0,-0.039,-0.041,2.7559357,0,nan,0.0,1482,3,0,1,16
615436057,1627049595799896,11010053,490787433,22543500,98580,144643,0.185,0.7366726,0.98800004,1.195,0.72999996,0.81,101,1,0.076000005,-0.032,-0.068,-0.026,2.7559357,0,nan,0.0,1482,3,0,1,16
615637459,1627049595999897,11010053,490787434,22543501,98596,144659,0.178,0.73667324,0.98800004,1.194,0.72999996,0.81,101,1,0.034,-0.032,-0.012,-0.026,2.7559357,0,nan,0.0,1482,3,0,1,16
615835872,1627049596199897,11010053,490787437,22543500,98621,144684,0.254,0.73667413,0.98700005,1.192,0.72999996,0.81,101,1,0.056,0.042000003,-0.036000002,-0.040000003,2.7559357,0,nan,0.0,1482,3,0,1,16
616036083,1627049596399897,11010053,490787438,22543497,98627,144690,0.201,0.73667496,0.98700005,1.192,0.72999996,0.81,101,1,0.095000006,0.015000001,-0.093,-0.037,2.7559357,0,nan,0.0,1482,3,0,1,16
616236742,1627049596599897,11010053,490787439,22543494,98643,144706,0.25800002,0.73667586,0.98700005,1.192,0.72999996,0.81,101,2,0.085,0.064,-0.055000003,-0.068,2.7559357,0,nan,0.0,1326,3,0,1,16
616431207,1627049596799897,11010053,490787439,22543489,98633,144696,0.202,0.73667675,0.989,1.1930001,0.72999996,0.81,101,2,0.124000005,-0.0050000004,-0.124000005,-0.014,2.7559357,0,nan,0.0,1326,3,0,1,16
616637496,1627049596999898,11010053,490787440,22543485,98645,144708,0.252,0.73667765,0.99100006,1.195,0.72999996,0.81,101,2,0.11400001,0.061000004,-0.096,-0.075,2.7559357,0,nan,0.0,1326,3,0,1,16
616837571,1627049597199897,11010053,490787440,22543482,98640,144703,0.23500001,0.7366785,0.99300003,1.197,0.72999996,0.81,101,2,0.087000005,0.019000001,-0.085,-0.055000003,2.7559357,0,nan,0.0,1326,3,0,1,16
617030475,1627049597399897,11010053,490787440,22543478,98655,144718,0.23700002,0.7366795,0.99500006,1.2,0.72999996,0.81,101,2,0.093,0.025,-0.09,-0.055000003,2.7559357,0,nan,0.0,1326,3,0,1,16
617238433,1627049597599897,11010053,490787439,22543474,98652,144715,0.23200001,0.7366802,0.99600005,1.202,0.72999996,0.81,101,1,0.106000006,0.030000001,-0.102000006,-0.062000003,2.7559357,0,nan,0.0,1326,3,0,1,16
617432438,1627049597799897,11010053,490787440,22543472,98664,144727,0.27400002,0.7366813,0.99700004,1.2030001,0.72999996,0.81,101,1,0.120000005,0.09900001,-0.067,-0.067,2.7559357,0,nan,0.0,1326,3,0,1,16
617629431,1627049597999898,11010053,490787441,22543470,98672,144735,0.24700001,0.7366823,0.998,1.2040001,0.72999996,0.81,101,1,0.102000006,0.055000003,-0.086,-0.060000002,2.7559357,0,nan,0.0,1326,3,0,1,16
617831714,1627049598199897,11010053,490787441,22543470,98674,144737,0.261,0.7366832,0.998,1.205,0.72999996,0.81,101,1,0.047000002,0.037,-0.029000001,-0.026,2.7559357,0,nan,0.0,1326,3,0,1,16
618035131,1627049598399897,11010053,490787441,22543469,98675,144738,0.224,0.736684,0.9990001,1.205,0.72999996,0.81,101,1,0.076000005,0.026,-0.072000004,-0.030000001,2.7559357,0,nan,0.0,1326,3,0,1,16
618233026,1627049598599897,11010053,490787441,22543469,98679,144742,0.24000001,0.736685,0.9990001,1.205,0.72999996,0.81,101,2,0.041,0.028,-0.029000001,-0.010000001,2.7559357,0,nan,0.0,1482,3,0,1,16
618432454,1627049598799897,11010053,490787441,22543468,98661,144723,0.20300001,0.7366857,1.001,1.2060001,0.72999996,0.81,101,2,0.046000004,0.007,-0.046000004,0.086,2.7559357,0,nan,0.0,1482,3,0,1,16
618630446,1627049598999898,11010053,490787441,22543468,98609,144672,0.21400002,0.7366865,1.0020001,1.207,0.72999996,0.81,101,2,0.038000003,0.017,-0.034,0.19500001,2.7559357,0,nan,0.0,1482,3,0,1,16
618831437,1627049599199898,11010053,490787443,22543470,98560,144623,0.21900001,0.7366877,1.0040001,1.2090001,0.72999996,0.81,101,2,0.048,0.042000003,0.023000002,0.321,2.7559357,0,nan,0.0,1482,3,0,1,16
619031491,1627049599399898,11010053,490787442,22543471,98446,144509,0.23200001,0.7366895,1.0070001,1.212,0.72999996,0.81,101,2,0.007,-0.007,0.0,0.46100003,2.7559357,0,nan,0.0,1482,3,0,1,16
619234440,1627049599599898,11010053,490787441,22543470,98357,144420,0.23700002,0.7366914,1.0090001,1.215,0.72999996,0.81,101,5,0.056,-0.047000002,-0.030000001,0.504,2.7559357,0,nan,0.0,1326,3,0,1,16
619433396,1627049599799898,11010053,490787441,22543470,98228,144291,0.23600002,0.7366935,1.0120001,1.22,0.72999996,0.81,101,5,0.008,0.001,0.008,0.582,2.7559357,0,nan,0.0,1326,3,0,1,16
619628637,1627049599999899,11010053,490787440,22543472,98096,144159,0.24200001,0.73669577,1.016,1.225,0.72999996,0.81,101,5,0.047000002,-0.006,0.047000002,0.606,2.7559357,0,nan,0.0,1326,3,0,1,16
619831512,1627049600199898,11010053,490787439,22543472,97958,144021,0.23700002,0.7366982,1.0170001,1.2270001,0.72999996,0.81,101,5,0.007,0.003,0.006,0.62,2.7559357,0,nan,0.0,1326,3,0,1,16
620032708,1627049600399898,11010053,490787439,22543472,97831,143894,0.23900001,0.7367005,1.0170001,1.2290001,0.72999996,0.81,101,5,0.019000001,0.009000001,-0.017,0.623,2.7559357,0,nan,0.0,1326,3,0,1,16
620231513,1627049600599898,11010053,490787439,22543473,97684,143747,0.23600002,0.73670274,1.019,1.233,0.72999996,0.81,94,6,0.056,0.05,0.026,0.611,2.7559357,0,nan,0.0,1326,3,0,1,16
620432494,1627049600799898,11010053,490787437,22543477,97556,143619,0.261,0.73670506,1.024,1.238,0.72999996,0.81,94,6,0.14400001,-0.07300001,0.124000005,0.596,2.7559357,0,nan,0.0,1326,3,0,1,16
620635543,1627049600999899,11010053,490787437,22543477,97428,143491,0.24300002,0.7367071,1.0270001,1.2420001,0.72999996,0.81,94,6,0.041,0.033,0.025,0.563,2.7559357,0,nan,0.0,1326,3,0,1,16
620834586,1627049601199898,11010053,490787436,22543477,97322,143385,0.252,0.73670906,1.0300001,1.246,0.72999996,0.81,94,6,0.025,-0.013,-0.021000002,0.50100005,2.7559357,0,nan,0.0,1326,3,0,1,16
621033438,1627049601399898,11010053,490787436,22543475,97209,143272,0.24400002,0.73671114,1.028,1.246,0.72999996,0.81,94,6,0.078,0.009000001,-0.078,0.536,2.7559357,0,nan,0.0,1326,3,0,1,16
621231972,1627049601599898,11010053,490787437,22543473,97120,143183,0.23700002,0.73671305,1.0300001,1.248,0.72999996,0.81,94,5,0.09,0.039,-0.082,0.518,2.7559357,0,nan,0.0,1326,3,0,1,16
621433431,1627049601799898,11010053,490787438,22543473,97017,143080,0.231,0.73671496,1.0300001,1.25,0.72999996,0.81,94,5,0.071,0.068,-0.020000001,0.537,2.7559357,0,nan,0.0,1326,3,0,1,16
621634545,1627049601999899,11010053,490787438,22543471,96921,142984,0.22700001,0.7367171,1.0300001,1.2520001,0.81,0.91999996,94,5,0.134,0.056,-0.12200001,0.50600004,2.7559357,0,nan,0.0,1326,3,0,1,15
621829726,1627049602199899,11010053,490787438,22543472,96820,142883,0.238,0.73671883,1.0300001,1.253,0.81,0.91999996,94,5,0.011000001,0.001,-0.011000001,0.49100003,2.7559357,0,nan,0.0,1326,3,0,1,15
622034428,1627049602399899,11010053,490787437,22543470,96688,142751,0.23200001,0.73672074,1.0300001,1.2540001,0.81,0.91999996,94,5,0.115,0.034,-0.11000001,0.521,2.7559357,0,nan,0.0,1326,3,0,1,15
622238794,1627049602599899,11010053,490787436,22543468,96592,142655,0.22800002,0.73672265,1.031,1.2550001,0.81,0.91999996,94,2,0.086,0.023000002,-0.083000004,0.483,2.7559357,0,nan,0.0,1170,3,0,1,15
622432828,1627049602799899,11010053,490787437,22543467,96523,142585,0.231,0.7367242,1.031,1.256,0.81,0.91999996,94,2,0.042000003,0.026,-0.034,0.437,2.7559357,0,nan,0.0,1170,3,0,1,15
622630751,1627049602999900,11010053,490787438,22543465,96427,142490,0.22800002,0.736726,1.0320001,1.2590001,0.81,0.91999996,94,2,0.079,0.055000003,-0.057000004,0.44900003,2.7559357,0,nan,0.0,1170,3,0,1,15
622833597,1627049603199899,11010053,490787439,22543464,96372,142435,0.223,0.7367273,1.033,1.261,0.81,0.91999996,94,2,0.076000005,0.056,-0.052,0.38300002,2.7559357,0,nan,0.0,1170,3,0,1,15
623029576,1627049603399899,11010053,490787436,22543461,96256,142319,0.252,0.73672915,1.0350001,1.264,0.81,0.91999996,94,2,0.080000006,-0.035,-0.072000004,0.45400003,2.7559357,0,nan,0.0,1170,3,0,1,15
623227475,1627049603599899,11010053,490787436,22543460,96165,142228,0.22600001,0.7367307,1.039,1.269,0.81,0.91999996,94,2,0.08800001,0.071,-0.053000003,0.411,2.7559357,0,nan,0.0,1170,3,0,1,15
623433431,1627049603799899,11010053,490787433,22543460,96035,142098,0.26700002,0.7367324,1.0430001,1.2750001,0.72999996,0.81,94,2,0.064,-0.064,-0.002,0.49,2.7559357,0,nan,0.0,1170,3,0,1,16
623634433,1627049603999900,11010053,490787432,22543457,95934,141997,0.24200001,0.73673433,1.0430001,1.2770001,0.72999996,0.81,94,2,0.098000005,0.012,-0.097,0.46300003,2.7559357,0,nan,0.0,1170,3,0,1,16
623831500,1627049604199899,11010053,490787431,22543458,95813,141876,0.257,0.73673624,1.046,1.2820001,0.72999996,0.81,94,2,0.025,-0.020000001,0.015000001,0.53900003,2.7559357,0,nan,0.0,1170,3,0,1,16
624030164,1627049604399899,11010053,490787429,22543459,95713,141776,0.264,0.7367383,1.0480001,1.286,0.72999996,0.81,94,2,0.102000006,-0.097,0.033,0.545,2.7559357,0,nan,0.0,1170,3,0,1,16
624235544,1627049604599899,11010053,490787428,22543458,95573,141636,0.23400001,0.73674047,1.0500001,1.2900001,0.72999996,0.81,94,5,0.080000006,0.069000006,-0.040000003,0.527,2.7559357,0,nan,0.0,1170,3,0,1,16
624434440,1627049604799899,11010053,490787427,22543457,95461,141524,0.257,0.7367424,1.051,1.2930001,0.72999996,0.81,94,5,0.054,-0.047000002,-0.025,0.52000004,2.7559357,0,nan,0.0,1170,3,0,1,16
624632465,1627049604999900,11010053,490787426,22543458,95330,141393,0.23300001,0.7367443,1.0530001,1.2950001,0.72999996,0.81,94,5,0.07,0.066,0.023000002,0.554,2.7559357,0,nan,0.0,1170,3,0,1,16
624828444,1627049605199899,11010053,490787425,22543459,95256,141319,0.24200001,0.7367464,1.054,1.296,0.81,0.91999996,94,5,0.036000002,0.021000002,0.029000001,0.53900003,2.7559357,0,nan,0.0,1170,3,0,1,15
625032416,1627049605399900,11010053,490787424,22543459,95148,141211,0.246,0.7367485,1.056,1.299,0.81,0.91999996,94,5,0.021000002,0.013,0.017,0.56600004,2.7559357,0,nan,0.0,1170,3,0,1,15
625234559,1627049605599900,11010053,490787425,22543457,95063,141126,0.24400002,0.73675036,1.059,1.3030001,0.81,0.91999996,94,2,0.025,0.024,0.006,0.507,2.7559357,0,nan,0.0,1170,3,0,1,15
625430875,1627049605799900,11010053,490787424,22543456,94963,141026,0.25,0.73675233,1.0600001,1.3050001,0.81,0.91999996,94,2,0.017,-0.010000001,0.013,0.508,2.7559357,0,nan,0.0,1170,3,0,1,15
625630957,1627049605999901,11010053,490787425,22543459,94943,141006,0.23300001,0.7367539,1.0580001,1.304,0.81,0.91999996,94,2,0.047000002,0.034,0.033,0.42700002,2.7559357,0,nan,0.0,1170,3,0,1,15
625832094,1627049606199900,11010053,490787425,22543460,94845,140908,0.21900001,0.7367556,1.057,1.304,0.81,0.91999996,94,2,0.08800001,0.08800001,-0.004,0.41700003,2.7559357,0,nan,0.0,1170,3,0,1,15
626031611,1627049606399900,11010053,490787425,22543465,94778,140841,0.22100002,0.73675704,1.056,1.3050001,0.81,0.91999996,94,2,0.098000005,0.081,0.056,0.39400002,2.7559357,0,nan,0.0,1170,3,0,1,15
626232852,1627049606599900,11010053,490787425,22543465,94684,140747,0.22800002,0.7367584,1.059,1.309,0.81,0.91999996,94,1,0.07300001,0.059000004,-0.042000003,0.379,2.7559357,0,nan,0.0,1170,3,0,1,15
626430443,1627049606799900,11010053,490787426,22543465,94580,140643,0.23200001,0.73676014,1.062,1.3130001,0.81,0.91999996,94,1,0.07700001,0.060000002,-0.048,0.418,2.7559357,0,nan,0.0,1170,3,0,1,15
626633434,1627049606999901,11010053,490787427,22543466,94480,140542,0.22200002,0.73676157,1.0660001,1.317,0.81,0.91999996,94,1,0.119,0.105000004,0.054,0.4,2.7559357,0,nan,0.0,1170,3,0,1,15
626833734,1627049607199900,11010053,490787427,22543466,94409,140472,0.23900001,0.73676294,1.067,1.319,0.81,0.91999996,94,1,0.024,0.022000002,0.008,0.356,2.7559357,0,nan,0.0,1170,3,0,1,15
627039152,1627049607399900,11010053,490787426,22543465,94333,140396,0.231,0.7367644,1.067,1.32,0.81,0.91999996,94,1,0.08400001,0.039,-0.074,0.34600002,2.7559357,0,nan,0.0,1170,3,0,1,15
627237177,1627049607599900,11010053,490787425,22543468,94328,140391,0.22000001,0.7367651,1.069,1.322,0.82,0.95,94,2,0.053000003,0.026,0.047000002,0.094000004,2.7559357,0,nan,0.0,1170,3,0,1,14
627431061,1627049607799900,11010053,490787423,22543468,94334,140397,0.293,0.7367661,1.0710001,1.3240001,0.82,0.95,94,2,0.095000006,-0.085,-0.043,0.046000004,2.7559357,0,nan,0.0,1170,3,0,1,14
627632434,1627049607999901,11010053,490787419,22543468,94314,140377,0.30200002,0.73676735,1.0730001,1.327,0.81,0.91999996,94,2,0.106000006,-0.1,-0.033,0.063,2.7559357,0,nan,0.0,1170,3,0,1,15
627830442,1627049608199900,11010053,490787419,22543464,94315,140378,0.25800002,0.7367682,1.07,1.325,0.81,0.91999996,94,2,0.132,-0.053000003,-0.12100001,0.143,2.7559357,0,nan,0.0,1170,3,0,1,15
628030342,1627049608399901,11010053,490787418,22543460,94330,140393,0.25800002,0.73676926,1.0680001,1.3240001,0.81,0.91999996,94,2,0.187,-0.125,-0.13800001,0.093,2.7559357,0,nan,0.0,1170,3,0,1,15
628234843,1627049608599901,11010053,490787419,22543462,94324,140387,0.22000001,0.73677015,1.0660001,1.3230001,0.81,0.91999996,94,2,0.1,-0.003,0.1,0.080000006,2.7559357,0,nan,0.0,1482,3,0,1,15
628430435,1627049608799901,11010053,490787420,22543462,94356,140419,0.27600002,0.736771,1.065,1.3240001,0.81,0.91999996,94,2,0.034,-0.028,0.020000001,0.018000001,2.7559357,0,nan,0.0,1482,3,0,1,15
628631466,1627049608999902,11010053,490787421,22543461,94364,140427,0.275,0.736772,1.069,1.3280001,0.81,0.91999996,94,2,0.011000001,-0.011000001,-0.001,0.040000003,2.7559357,0,nan,0.0,1482,3,0,1,15
628829435,1627049609199901,11010053,490787422,22543461,94384,140447,0.25500003,0.73677313,1.069,1.33,0.81,0.91999996,94,2,0.024,-0.022000002,0.008,0.0,2.7559357,0,nan,0.0,1482,3,0,1,15
629035600,1627049609399901,11010053,490787422,22543462,94388,140451,0.22700001,0.7367738,1.0680001,1.33,0.81,0.91999996,94,2,0.020000001,0.012,0.015000001,0.004,2.7559357,0,nan,0.0,1482,3,0,1,15
629237901,1627049609599901,11010053,490787425,22543461,94412,140475,0.24300002,0.7367748,1.065,1.33,0.81,0.91999996,94,2,0.020000001,0.007,-0.019000001,-0.015000001,2.7559357,0,nan,0.0,1482,3,0,1,15
629436986,1627049609799901,11010053,490787428,22543462,94471,140534,0.259,0.7367757,1.0630001,1.3290001,0.81,0.91999996,94,2,0.046000004,0.020000001,0.042000003,-0.047000002,2.7559357,0,nan,0.0,1482,3,0,1,15
629640547,1627049609999902,11010053,490787430,22543463,94517,140580,0.22500001,0.73677653,1.0610001,1.33,0.81,0.91999996,94,2,0.057000004,-0.013,0.056,-0.052,2.7559357,0,nan,0.0,1482,3,0,1,15
629837705,1627049610199901,11010053,490787432,22543461,94537,140600,0.259,0.73677766,1.0600001,1.3290001,0.84,0.96999997,94,2,0.048,0.032,-0.036000002,-0.034,2.7559357,0,nan,0.0,1482,3,0,1,14
630036174,1627049610399901,11010053,490787435,22543462,94572,140634,0.286,0.7367787,1.057,1.327,0.84,0.96999997,94,2,0.053000003,0.051000003,0.013,-0.05,2.7559357,0,nan,0.0,1482,3,0,1,14
630237435,1627049610599901,11010053,490787437,22543462,94612,140675,0.282,0.73677975,1.054,1.3260001,0.84,0.96999997,94,2,0.060000002,0.057000004,0.019000001,-0.08400001,2.7559357,0,nan,0.0,1482,3,0,1,14
630436531,1627049610799901,11010053,490787438,22543460,94629,140692,0.24800001,0.7367806,1.0530001,1.3260001,0.84,0.96999997,94,2,0.038000003,0.011000001,-0.036000002,-0.058000002,2.7559357,0,nan,0.0,1482,3,0,1,14
630632475,1627049610999902,11010053,490787441,22543459,94669,140731,0.29200003,0.7367816,1.054,1.327,0.84,0.96999997,94,2,0.056,0.056,-0.006,-0.060000002,2.7559357,0,nan,0.0,1482,3,0,1,14
630832568,1627049611199901,11010053,490787443,22543457,94689,140752,0.282,0.7367827,1.054,1.3290001,0.84,0.96999997,94,2,0.040000003,0.034,-0.021000002,-0.060000002,2.7559357,0,nan,0.0,1482,3,0,1,14
631035575,1627049611399902,11010053,490787444,22543457,94715,140778,0.28,0.73678374,1.0550001,1.332,0.84,0.96999997,94,2,0.007,0.0050000004,-0.0050000004,-0.030000001,2.7559357,0,nan,0.0,1482,3,0,1,14
631233582,1627049611599902,11010053,490787445,22543456,94724,140787,0.312,0.736785,1.0580001,1.3360001,0.84,0.96999997,94,2,0.063,0.063,0.002,-0.058000002,2.7559357,0,nan,0.0,1248,3,0,1,14
631428512,1627049611799902,11010053,490787446,22543456,94725,140788,0.30800003,0.736786,1.0610001,1.3410001,0.84,0.96999997,94,2,0.023000002,0.023000002,0.002,-0.010000001,2.7559357,0,nan,0.0,1248,3,0,1,14
631633717,1627049611999903,11010053,490787445,22543457,94724,140787,0.27,0.7367871,1.065,1.3460001,0.84,0.96999997,94,2,0.057000004,-0.045,0.035,-0.0050000004,2.7559357,0,nan,0.0,1248,3,0,1,14
